ticker,shortName,sector,industry,currentPrice,fiftyTwoWeekHigh,fiftyTwoWeekLow,trailingPE,forwardPE,priceToBook,pegRatio,returnOnEquity,returnOnAssets,debtToEquity,earningsGrowth,earningsQuarterlyGrowth,revenueGrowth,profitMargins,operatingMargins,grossMargins,ebitdaMargins,dividendYield,marketCap,currentRatio,quickRatio,freeCashflow,totalCashPerShare,bookValue,targetMeanPrice,targetHighPrice,targetLowPrice,recommendationMean,numberOfAnalystOpinions,twoHundredDayAverage,fiftyDayAverage,fiftyTwoWeekChangePercent,beta,enterpriseToEbitda,enterpriseValue,trailingEps,forwardEps,heldPercentInsiders,heldPercentInstitutions
RELIANCE,RELIANCE INDUSTRIES LTD,Energy,Oil & Gas Refining & Marketing,1313.199951171875,1611.800048828125,1249.800048828125,23.794165,18.334925,1.9657358,0.82,0.0893499109542824,0.0370843931060446,36.653,-0.224,-0.224,0.297,0.066149995,0.12331,0.33837003,0.15991001,0.46,17770841762530.758,1.097911516589254,0.7894777682936293,691970000000.0,190.761,668.045,1673.0,1890.0,1350.0,1.2963,28.0,1400.310002441406,1306.1340014648438,-7.062990009067582,0.157,11.602,20957961912320.0,55.19,71.62287,0.51798,0.28105
HDFCBANK,HDFC BANK LTD,Financial Services,Banks - Regional,725.0499877929688,1020.5,715.0999755859375,15.858486,11.582269,1.8411022,0.89,0.13838,0.0175,81.34343829261803,0.181,0.184,0.166,0.26787,0.33291999,0.0,0.0,1.81,11173745205541.443,,,1065776300000.0,154.436,393.813,1025.2,1400.0,896.0,1.2,40.0,853.6075,771.2180017089844,-27.064681058299666,0.414,,14596795531264.0,45.72,62.6,0.00153,0.61047
BHARTIARTL,BHARTI AIRTEL LIMITED,Communication Services,Telecom Services,1941.699951171875,2174.5,1740.5,40.57041,23.616293,7.4830713,1.155852136752137,0.20151,0.08163,100.415,0.351,0.373,0.184,0.1314,0.32573003,0.67856,0.52137,1.25,12113601583634.035,0.57,0.358,630565896192.0,93.662,259.479,2320.6365,2750.0,1800.0,1.48485,33.0,1945.3420025634769,1915.6719995117187,0.6896871286782735,0.01,12.033,13804927713280.0,47.86,82.21866,0.53145003,0.36514
ICICIBANK,ICICI BANK LTD.,Financial Services,Banks - Regional,1411.9000244140625,1480.0,1187.5999755859375,18.24396,15.020213,2.6620686,0.53,0.16073999,0.021070002,57.1853421694851,0.138,0.139,0.114,0.27531,0.38509998,0.0,0.0,0.86,10127950392344.84,,,635954240000.0,103.153,530.377,1734.5853,1970.0,1592.0,1.12195,41.0,1351.8270025634763,1406.7619995117188,-1.307140464909906,0.261,,11757350289408.0,77.39,94.0,0.03531,0.59016997
SBIN,STATE BANK OF INDIA,Financial Services,Banks - Regional,1048.0,1234.699951171875,798.5,11.203763,10.009641,1.5554062,0.53,0.15177,0.01132,121.93500751464356,0.099,0.137,0.103,0.22376,0.35717,0.0,0.0,1.65,9673687171072.0,,,297344318000.0,229.685,673.779,1262.6578,1390.0,1070.0,1.41026,38.0,1036.272996826172,1040.426993408203,26.42499361448356,0.385,,15962510196736.0,93.54,104.69906,0.57231,0.29157
TCS,TATA CONSULTANCY SERV LT,Technology,Information Technology Services,2298.0,3350.0,1976.800048828125,16.704222,14.147827,7.583808,3.02,0.47743,0.24479,10.211,0.046,0.046,0.139,0.18052,0.23963,0.40389,0.26125,2.84,8314365149184.0,2.276,2.045,397165002752.0,124.461,303.014,2460.0488,3480.0,1800.0,2.14634,41.0,2638.460494995117,2232.582009277344,-25.837477326029124,0.164,11.039,7955792527360.0,137.57,162.42776,0.71794,0.17739001
BAJFINANCE,BAJAJ FINANCE LIMITED,Financial Services,Credit Services,1095.0,1176.4000244140625,787.9000244140625,33.681946,21.675667,5.9724774,1.2383068382352942,0.17907,0.03768,314.833,0.272,0.274,0.261,0.43495,0.61552,0.91551,0.0,0.5,6811899920384.0,2.692,2.593,-667509000000.0,7.625,183.341,1152.6945,1320.0,815.0,1.91667,36.0,974.4780010986328,1039.7150061035156,23.338591468346515,0.323,,10382096728064.0,32.51,50.51748,0.56525004,0.27122
LT,LARSEN & TOUBRO LTD.,Industrials,Engineering & Construction,4081.0,4440.0,3288.10009765625,33.886906,22.641441,5.136758,1.06,0.16951999,0.045900002,97.64,0.14,0.14,0.081,0.05588,0.10609999,0.37425,0.117060006,0.94,5614909521920.0,1.251,0.845,261954764800.0,556.941,794.47,4501.533,5060.0,3550.0,1.67742,30.0,3980.342498779297,4013.159990234375,13.604096109157094,0.508,17.956,6240568606720.0,120.43,180.2447,0.18086,0.52688
LICI,LIFE INSURA CORP OF INDIA,Financial Services,Insurance - Life,419.0,468.4750061035156,360.75,8.819197,7.124985,3.0012393,0.220479925,0.40769002,0.0069199996,0.431,0.4,0.19,0.068,0.06515,0.06426,0.11083999,0.06803,2.42,5300348256256.0,5.979,3.548,96183173120.0,57.82,139.609,525.8261,675.0,388.0,1.52174,23.0,418.36812591552734,422.6329992675781,-6.821590843538649,0.543,6.645,4504667291648.0,47.51,58.80714,0.89999,0.01033
HINDUNILVR,HINDUSTAN UNILEVER LTD.,Consumer Defensive,Household & Personal Products,2028.0,2750.0,2008.300048828125,45.006657,38.09695,9.776509,3.69,0.21603,0.10715,3.016,0.084,-0.03,0.05,0.22644,0.20725,0.50369,0.22479,2.18,4764971040768.0,1.223,0.7,65247498240.0,29.763,207.436,2457.4211,2860.0,1804.0,1.94872,38.0,2249.9985021972657,2131.4660107421873,-24.039255265945293,0.332,31.623,4695359225856.0,45.06,53.23261,0.62274,0.2085
INFY,INFOSYS LIMITED,Technology,Information Technology Services,1130.0,1728.0,982.4000244140624,14.582527,14.135787,4.9910316,2.09,0.32,0.15297,9.541,0.053,0.012,0.029,0.16370001,0.21173,0.29676,0.2208,4.47,4576639451136.0,1.862,1.594,3165625088.0,0.771,226.4061,1201.2858,1610.0,940.0,1.90244,42.0,1327.362000427246,1100.3099963378909,-24.47533505699253,0.107,1011.3,4532647493632.0,77.49,79.93895,0.16542,0.52528
ADANIPOWER,ADANI POWER LTD,Utilities,Utilities - Independent Power Producers,204.0,254.1999969482422,116.6999969482422,27.604872,25.688068,6.058266,0.6217313513513514,0.20908001,0.07479,82.332,0.444,0.42,0.34,0.24148001,0.35876998,0.43477002,0.37247002,0.0,3934077845504.0,1.411,0.793,-86567624704.0,1.263,33.673,252.55556,282.0,220.0,1.44444,9.0,180.19565048217777,216.94500091552737,70.01417087415163,0.475,20.336,4471454695424.0,7.39,7.94143,0.71742994,0.18915
SUNPHARMA,SUN PHARMACEUTICAL IND L,Healthcare,Drug Manufacturers - Specialty & Generic,1904.0,2046.9000244140625,1548.0,37.815292,29.504345,5.4664736,1.04,0.1472,0.0847,5.517,0.274,0.27,0.105,0.20188999,0.23247999,0.78924006,0.2768,0.84,4568333680640.0,2.824,2.183,59483811840.0,139.691,348.305,2167.2122,2400.0,1830.0,1.73529,33.0,1793.2270025634766,1911.804001464844,16.58808575493773,0.124,25.767,4272940384256.0,50.35,64.53287,0.55609,0.30964002
ADANIPORTS,ADANI PORT & SEZ LTD,Industrials,Marine Shipping,1696.0,1891.0999755859375,1292.0,28.976593,21.69934,4.0720778,12.073580416666667,0.15592,0.06764,64.051,0.024,0.092,0.186,0.32431,0.4463,0.64402,0.57613,0.45,3907514531840.0,1.394,0.987,-31920062464.0,31.618,416.495,2037.0834,2200.0,1766.0,1.33333,24.0,1596.682001953125,1773.9839965820313,23.74142931638041,0.507,19.175,4466398461952.0,58.53,78.15906,0.66060996,0.23457001
MARUTI,MARUTI SUZUKI INDIA LTD.,Consumer Cyclical,Auto Manufacturers,13809.0,17370.0,12201.0,30.290865,22.836622,4.051619,0.77,0.14434,0.06549,0.096,-0.091,-0.091,0.359,0.07269,0.04828,0.26352,0.10764,1.02,4341584887808.0,1.068,0.622,77131751424.0,551.69,3408.267,15876.789,17688.0,12850.0,1.57895,38.0,14415.525,13823.52,-2.897123971591309,0.239,19.467,4131868901376.0,455.88,604.68665,0.61585,0.25991
AXISBANK,AXIS BANK LIMITED,Financial Services,Banks - Regional,1251.0,1418.300048828125,1042.5,14.087837,9.889328,1.7434398,0.54,0.13352999,0.01535,130.4486076359073,0.218,0.222,0.14,0.36031,0.49181998,0.0,0.0,0.08,3894244802560.0,,,-108467100000.0,436.161,717.547,1584.425,1780.0,1430.0,1.3,40.0,1287.7045013427737,1294.4980029296876,15.811891922678711,0.416,,5344441401344.0,88.8,126.5,0.03328,0.71291
ADANIENT,ADANI ENTERPRISES LIMITED,Energy,Thermal Coal,2994.89990234375,3245.0,1753.0,52.16687,44.443504,4.7839484,1.6529237621124144,0.13664,0.02181,119.56,0.31560360614171,-1.301757388339389,0.499,0.06546,0.09395,0.43306,0.1342,0.04,4261662810413.756,1.035,0.421,-315140669440.0,75.876,626.031,3737.3333,3830.0,3638.0,,3.0,2481.9504669189455,3056.2860009765627,25.4618482603332,0.808,32.874,4916165214208.0,57.41,67.38667,0.74998003,0.18270999
KOTAKBANK,KOTAK MAHINDRA BANK LTD,Financial Services,Banks - Regional,397.3500061035156,453.2000122070313,345.5,19.4684,15.55186,2.1808333,0.94,0.1341999999999999,0.0192234403222983,52.637921410590394,0.225,0.225,0.21,0.28467,0.34761003,0.0,0.0,0.17,3952227970340.405,,,406685443000.0,73.325,182.201,462.52777,518.0,380.0,1.69444,36.0,400.60670013427733,391.9599993896484,-1.5241620561299518,0.275,,4267576918016.0,20.41,25.55,0.30534,0.47465
NTPC,NTPC LTD,Utilities,Utilities - Regulated Electric,337.5,414.3999938964844,315.54998779296875,10.3179455,11.931314,1.6114093,,0.13695,0.041160002,118.127,-0.016,-0.016,0.08,0.14531,0.18428,0.48183,0.30857,3.67,3272625094656.0,0.825,0.392,-80749338624.0,13.21,209.444,433.07144,485.0,365.0,1.33333,28.0,357.84225006103514,348.9979998779297,-1.3157894736842146,0.3,7.429,4379948351488.0,32.71,28.28691,0.53998,0.38467997
M&M,MAHINDRA & MAHINDRA LTD,Consumer Cyclical,Auto Manufacturers,3424.800048828125,3839.89990234375,2896.0,20.849873,21.739473,4.111281,1.26,0.18754,0.07147,125.278,0.334,0.336,0.275,0.08609,0.17031,0.38589,0.18629,0.97,4112370689286.97,1.267,0.548,128134684672.0,459.393,833.025,4171.486,4875.0,3508.0,1.22857,35.0,3352.307003173828,3232.0559814453127,0.859934925553496,0.291,12.106,4838728925184.0,164.26,157.53831,0.25214002,0.53284
TITAN,TITAN COMPANY LIMITED,Consumer Cyclical,Luxury Goods,5068.0,5168.0,3303.10009765625,78.12548,57.232407,28.652517,1.244036305732484,0.37127998,0.09324,195.001,0.628,0.629,0.293,0.062319998,0.123339996,0.20475,0.0962,0.3,4496898916352.0,1.276,0.129,-68023750656.0,43.49,176.878,5382.1353,6000.0,4350.0,1.86111,37.0,4251.90601196289,4669.866005859375,40.97357440890126,0.18,53.619,4766900420608.0,64.87,88.55123,0.58703,0.21899
ITC,ITC LTD,Consumer Defensive,Tobacco,271.6499938964844,427.0,265.0,17.14962,16.221243,4.694223,1.78,0.2934,0.17591,3.293,-0.16,-0.162,-0.111,0.25937998,0.24867001,0.58284,0.33312,5.99,3403715106116.282,3.039,1.8,131309010944.0,19.563,57.869,327.0,440.0,270.0,2.38235,33.0,322.56175048828123,283.9009991455078,-33.099371490440824,-0.078,12.278,3128535547904.0,15.84,16.74656,0.2949,0.52157
ULTRACEMCO,ULTRATECH CEMENT LIMITED,Basic Materials,Building Materials,11575.0,13110.0,10325.0,39.956505,26.786106,4.443204,1.22,0.10593,0.05624,29.432,0.168,0.168,0.159,0.092930004,0.15478,0.58396,0.19309999,2.1,3405013581824.0,0.746,0.331,18157574144.0,174.048,2605.102,13919.526,15500.0,8900.0,1.44737,38.0,11783.08,11675.64,-10.090104085754238,0.505,20.264,3595478761472.0,289.69,432.127,0.61939996,0.22262
ONGC,OIL AND NATURAL GAS CORP.,Energy,Oil & Gas Integrated,238.5,307.5,227.6499938964844,6.891072,5.740763,0.8071066,0.3220127102803738,0.12703,0.052989997,42.548,0.214,0.214,0.257,0.06181,0.02931,0.35334,0.14892,6.09,3000396677120.0,0.84,0.341,295876263936.0,28.053,295.5,294.7,405.0,210.0,1.83333,30.0,258.6225997161865,242.25959899902344,0.2395693446666458,0.107,4.542,4763160674304.0,34.61,41.545,0.69209,0.22760999
HCLTECH,HCL TECHNOLOGIES LTD,Technology,Information Technology Services,1318.4000244140625,1780.0999755859375,1030.0,20.10369,16.459145,4.8276978,2.39,0.24067,0.13305001,7.058,0.084,0.084,0.03,0.12966,0.16877002,0.34004003,0.18917999,4.53,3567282881034.7573,2.222,2.033,1812999936.0,0.957,273.09085,1260.1282,1548.0,1040.0,2.84615,39.0,1398.014496459961,1225.6719995117187,-11.871656122054642,0.006,1282.269,3582659395584.0,65.58,80.10137,0.62792,0.28305
JSWSTEEL,JSW STEEL LIMITED,Basic Materials,Steel,1299.699951171875,1335.0,1022.2999877929688,12.827674,17.838797,3.170665,0.1135192389380531,0.0916,0.0827511532357347,95.374,1.13,1.13,0.098,0.13065,0.15299,0.42285,0.18270999,0.55,3172539182699.614,1.490911973708866,1.0186373005462903,104980000000.0,200.784,409.914,1378.1143,1650.0,1100.0,2.28571,35.0,1217.8735052490235,1261.6500048828125,20.05357292461014,0.627,10.701,3708515254272.0,101.32,72.85805,0.63628,0.17856
BEL,BHARAT ELECTRONICS LTD,Industrials,Aerospace & Defense,409.3999938964844,473.4500122070313,361.2000122070313,48.796185,36.278275,12.475241,5.879058433734939,0.27556,0.10972,0.273,0.083,0.087,0.249,0.21403,0.22135,0.47842997,0.28514,0.61,2992623538616.649,1.976,1.114,-3909087488.0,11.727,32.817,489.2903,550.0,346.0,1.48387,31.0,419.6515003967285,408.375,10.098154410817894,0.28,35.493,2906292748288.0,8.39,11.28499,0.53424,0.29018998
BAJAJ-AUTO,BAJAJ AUTO LIMITED,Consumer Cyclical,Auto Manufacturers,11793.0,11863.0,8491.5,28.05319,24.963297,8.488154,1.31,0.28046,0.13737,56.352,0.458,0.459,0.64,0.16251,0.21514,0.34187,0.2305,1.29,3240761753600.0,1.761,0.899,-6439587328.0,386.518,1389.348,11509.175,13700.0,9000.0,2.14634,40.0,9840.0925,10715.3,33.59388275276125,0.633,20.308,3387255160832.0,420.38,472.41357,0.60964,0.17922
HAL,HINDUSTAN AERONAUTICS LTD,Industrials,Aerospace & Defense,4998.0,5149.89990234375,3479.10009765625,35.835663,29.060648,8.144362,2.405078053691275,0.23979001,0.03548,0.16,0.149,0.149,0.144,0.27591,0.15674,0.51704,0.23673001,0.4,3342537326592.0,2.614,1.569,-144316940288.0,690.752,613.676,5450.9614,6800.0,3200.0,1.88462,26.0,4371.348494873047,4583.763994140625,11.852119533403126,0.502,36.184,2893979320320.0,139.47,171.98515,0.71639,0.15833001
BAJAJFINSV,BAJAJ FINSERV LTD.,Financial Services,Financial Conglomerates,2016.0,2195.0,1597.0,31.908833,21.23802,4.1366405,2.512506535433071,0.14602,0.04915,256.404,0.127,0.123,0.193,0.06471,0.40222,0.51478,0.37471,0.06,3226093486080.0,0.221,0.11,269262192640.0,56.789,487.352,2362.2144,2640.0,1710.0,1.71429,14.0,1907.397999267578,1897.2119946289065,2.9359203472044904,0.374,12.548,7370769432576.0,63.18,94.9241,0.63866,0.14973
COALINDIA,COAL INDIA LTD,Energy,Thermal Coal,402.5,491.25,368.6499938964844,7.9608383,7.1059527,2.0824711,0.87,0.28124002,0.07123,11.629,0.012,0.014,0.451,0.18138,0.21113001,0.74757004,0.23878,5.25,2480498278400.0,1.856,1.127,72375926784.0,92.08,193.28,460.25,550.0,350.0,2.41667,24.0,428.5452494812011,427.2689990234375,4.626978743995824,-0.04,5.018,2057902358528.0,50.56,56.64265,0.61136,0.26369
NESTLEIND,NESTLE INDIA LIMITED,Consumer Defensive,Packaged Foods,1458.0,1553.0,1145.0,73.710815,54.0,54.51894,1.5324493762993765,0.76338995,0.22580999,8.621,0.481,0.483,0.252,0.15623,0.21170999,0.55135,0.22972,0.82,2811482341376.0,0.964,0.35,38810951680.0,6.848,26.743,1592.1111,1815.0,1350.0,2.38889,36.0,1343.783499755859,1454.6479956054689,22.490123514271133,0.426,50.253,2816220332032.0,19.78,27.0,0.62765,0.17225
POWERGRID,POWER GRID CORP. LTD.,Utilities,Utilities - Regulated Electric,264.79998779296875,324.95001220703125,250.0,13.18725,13.553561,2.4506943,,0.16492,0.055609997,150.813,-0.008,-0.009,0.027,0.33797002,0.55737996,0.97596,0.84461,4.65,2462799774851.239,0.625,0.388,-83422691328.0,6.221,108.051,321.68,400.0,277.0,2.2,25.0,285.0397505187988,281.9460009765625,-8.183081346383936,0.171,9.839,3908432560128.0,20.08,19.5373,0.52908003,0.35931
HINDZINC,HINDUSTAN ZINC LIMITED,Basic Materials,Other Industrial Metals & Mining,573.9000244140625,733.0,418.0,14.2124815,13.069705,10.715887,0.0982882538035961,0.76941,0.30079,39.034,1.446,1.448,0.717,0.38068,0.54707,0.75795,0.58674,3.77,2424910746357.205,1.472,1.254,105091252224.0,32.308,53.556,636.93335,770.0,480.0,2.4,15.0,573.5522483825683,548.4900048828125,33.46512195675872,0.661,8.764,2305322647552.0,40.38,43.91071,0.8865,0.05233
DMART,AVENUE SUPERMARTS LIMITED,Consumer Defensive,Discount Stores,3960.0,4949.5,3600.0,84.63347,57.46707,10.533427,7.423988596491228,0.1214227085959637,0.1006118358258598,9.913,0.114,0.113,0.149,0.042919997,0.06447,0.15192,0.076230004,0.0,2582894084096.0,1.9770666215437331,0.4169834966395753,-6466100000.0,4.69,375.946,4258.2905,5723.0,3250.0,2.96774,31.0,4032.697507324219,4073.3220068359374,-16.418664775060734,0.228,47.984,2606265270272.0,46.79,68.90903,0.78926,0.13207
TATASTEEL,TATA STEEL LIMITED,Basic Materials,Steel,183.5,224.3999938964844,153.0500030517578,20.781427,10.251397,2.242125,1.822932192982456,0.11156999,0.0473,89.017,0.114,0.116,0.143,0.04602,0.09252,0.56355,0.14178,2.17,2289036951552.0,0.748,0.155,122978271232.0,7.994,81.842,218.08571,260.0,175.0,2.4,35.0,192.37075050354005,189.03320098876952,13.32757045151296,0.867,9.229,3137126531072.0,8.83,17.9,0.35404998,0.34164003
ASIANPAINT,ASIAN PAINTS LIMITED,Basic Materials,Specialty Chemicals,2625.199951171875,2985.699951171875,2115.0,52.799675,43.329556,11.782394,1.323300125313283,0.20889999,0.10560001,17.847,0.399,0.4,0.179,0.12813,0.17687,0.43533,0.18521999,1.05,2516632946983.197,2.209,1.485,43408711680.0,89.675,222.807,3021.4412,3827.0,1860.0,2.38235,34.0,2608.9249938964845,2704.82998046875,2.143879670907456,0.289,36.051,2483164282880.0,49.72,60.58682,0.52881,0.26854
HINDALCO,HINDALCO  INDUSTRIES  LTD,Basic Materials,Aluminum,1029.8499755859375,1176.0,697.0,14.000136,9.246551,1.6737798,0.1864199201065246,0.10288,0.055430003,72.598,0.751,0.752,0.321,0.05549,0.13668999,0.31314,0.14022,0.48,2286099311692.7554,1.21,0.45,-89853747200.0,102.733,615.284,1163.5518,1430.0,925.0,2.2069,29.0,953.8477529907228,988.7890026855468,46.942999423656026,0.925,7.408,3070019764224.0,73.56,111.37666,0.37572,0.40289003
ADANIGREEN,ADANI GREEN ENERGY LTD,Utilities,Utilities - Renewable,1301.800048828125,1631.5,765.0,124.3362,41.46643,11.116045,6.720875675675676,0.07576,0.03683,346.548,0.185,0.185,0.166,0.13095,0.6678,0.94693,0.85926,0.0,2144294091308.5264,0.569,0.429,-252138749952.0,24.727,117.11,1583.1111,1800.0,980.0,1.55556,9.0,1166.449750061035,1452.8939965820311,33.38798427638834,1.083,27.537,3223658692608.0,10.47,31.39407,0.82274,0.16982001
ETERNAL,ETERNAL LIMITED,Consumer Cyclical,Internet Retail,327.95001220703125,368.4500122070313,212.6000061035156,728.77783,87.283195,9.694345,3.1237798114016284,0.01194,-0.00637,14.826,2.333,2.68,1.82,0.00642,0.0023700001,0.35189,0.02576,0.0,3018908874482.525,2.768,1.477,-28681250816.0,7.189,33.829,357.21875,506.0,190.0,1.53125,32.0,272.44780044555665,288.9010006713867,0.4287320368696834,0.225,168.344,2923710119936.0,0.45,3.75731,0.23399,0.51139
SHRIRAMFIN,SHRIRAM FINANCE LIMITED,Financial Services,Credit Services,1128.199951171875,1153.699951171875,566.5,19.922302,15.719047,3.2203095,0.6753322711864406,0.18495001,0.03258,276.215,0.295,0.599,0.428,0.50009996,0.68518996,0.96810997,0.0,1.25,2654635704116.2344,2.275,2.257,-134776700000.0,44.332,350.339,1196.2812,1260.0,1050.0,1.40625,32.0,978.333500366211,1054.277004394531,83.06019365862242,0.606,,4318545051648.0,56.63,71.7728,0.22171,0.59372
WIPRO,WIPRO LTD,Technology,Information Technology Services,181.0,273.1000061035156,169.0,14.376489,13.017059,2.3110316,1.51,0.16128999,0.07263,27.398,0.009,0.006,0.106,0.13919,0.15698,0.29045,0.18414,4.46,1790566334464.0,1.672,1.575,108508127232.0,39.907,78.32,177.75,226.0,150.0,3.35,40.0,212.22475028991695,179.15940032958986,-27.84244831666064,0.394,9.128,1596175679488.0,12.59,13.90483,0.72695,0.14829001
GRASIM,GRASIM INDUSTRIES LTD,Basic Materials,Building Materials,3300.0,3411.10009765625,2502.5,39.421814,21.850407,2.1631742,0.7684564132553605,0.06287,0.03338,135.044,0.513,0.513,0.214,0.03093,0.18809,0.56365,0.20579,0.31,2238233968640.0,0.947,0.292,-163094790144.0,338.673,1525.536,3837.5,4175.0,3500.0,1.4,10.0,2909.4080029296874,3174.3399951171873,15.187270497663752,0.355,13.06,4946063785984.0,83.71,151.02693,0.4871,0.24373
IOC,INDIAN OIL CORP LTD,Energy,Oil & Gas Refining & Marketing,135.89999389648438,188.9600067138672,130.22000122070312,5.560556,7.248317,0.8524545,0.0711979001280409,0.20969999,0.07077,58.446,0.781,0.78,0.385,0.0392,-0.0013,0.1663,0.07931,6.05,1919076183890.802,0.742,0.124,336897933312.0,8.358,159.422,160.06451,230.0,105.0,2.45161,31.0,152.8420004272461,141.29480041503905,-3.916861177386444,0.777,4.621,3146650484736.0,24.44,18.74918,0.73394996,0.14314
EICHERMOT,EICHER MOTORS LTD,Consumer Cyclical,Auto Manufacturers,8042.0,8230.0,5880.0,38.267906,29.605728,8.788927,1.7966153051643194,0.23774,0.10416,2.048,0.213,0.213,0.315,0.23211999,0.19798,0.42308998,0.23195,1.03,2207703367680.0,1.902,1.287,31517612032.0,221.579,915.015,8360.433,9665.0,6900.0,2.05263,37.0,7325.4175,7663.24,35.444210526315786,0.226,37.034,2136264802304.0,210.08,271.63663,0.51333,0.28849
SBILIFE,SBI LIFE INSURANCE CO LTD,Financial Services,Insurance - Life,1782.0,2132.0,1700.4000244140625,68.564835,50.99994,8.8800745,3.145175917431193,0.13703,0.00349,,0.218,0.22,0.188,0.021389998,0.01711,0.09709,0.024230001,0.15,1787968880640.0,1.063,0.193,9995212800.0,15.227,200.674,2342.9722,2790.0,1050.0,1.2,36.0,1919.4435003662109,1818.585998535156,-4.1162227602905554,0.366,60.088,1769885270016.0,25.99,34.94122,0.58819,0.31004
ADANIENSOL,ADANI ENERGY SOLUTION LTD,Utilities,Utilities - Independent Power Producers,1548.5,1789.0,744.9000244140625,63.619556,42.82964,7.315633,0.5126475100725222,0.096599996,0.053379998,194.5,1.241,1.242,0.424,0.095769994,0.24952,0.43660998,0.31635,0.0,1893745033216.0,1.154,0.7,-121189285888.0,40.645,211.67,1747.6666,2060.0,1434.0,2.0,9.0,1228.4532510375975,1604.3100073242188,87.879152762137,0.679,24.153,2328895160320.0,24.34,36.15487,0.7467,0.22031
VBL,VARUN BEVERAGES LIMITED,Consumer Defensive,Beverages - Non-Alcoholic,438.2999877929687,555.7999877929688,381.0,43.74251,37.513866,6.809496,2.786147133757962,0.16853,0.09782,15.869,0.157,0.155,0.204,0.14035,0.24119,0.55454,0.23136,0.46,1482534248118.148,2.034,0.814,1291929984.0,7.594,64.366,549.7684,657.0,422.0,1.44,25.0,472.68524978637697,474.7819995117188,-15.328896528288883,0.298,26.364,1471612452864.0,10.02,11.68368,0.60587,0.24054001
DIVISLAB,DIVI S LABORATORIES LTD,Healthcare,Drug Manufacturers - Specialty & Generic,8570.0,8674.0,5636.5,88.59712,57.00749,13.573571,1.348510197869102,0.16187,0.1007,0.042,0.657,0.655,0.278,0.26046,0.36655998,0.61237997,0.35312,0.35,2275065724928.0,5.431,3.272,-9281250304.0,121.785,631.374,8292.482,11700.0,6000.0,2.72414,29.0,6641.715,7413.96,42.71440466278102,0.22,56.491,2240151027712.0,96.73,150.33113,0.51992,0.30302
ICICIAMC,ICICI PRUDENTIAL AMC LTD,Financial Services,Asset Management,3228.89990234375,3611.0,2530.0,45.83901,34.55351,38.260735,1.9843727272727272,0.7907277814138479,0.6530716500540553,4.066,0.231,0.231,0.181,0.55504,0.73660004,0.82325,0.74677,0.76,1595911258996.5671,3.681437365679525,3.681437365679525,31663300000.0,80.738,84.392,3676.7222,4000.0,3250.0,1.63158,18.0,3086.0113060360864,3198.1619873046875,24.86561832564409,1.414,33.614,1573518049280.0,70.44,93.44637,0.34592,0.59224
POWERINDIA,HITACHI ENERGY INDIA LTD,Industrials,Electrical Equipment & Parts,33510.0,38785.0,16111.0,130.45001,67.59153,28.85686,1.0562753846153845,0.21040002,0.06972,1.663,1.235,1.235,0.686,0.12555,0.15841,0.38989,0.16264999,0.02,1493619965952.0,1.548,0.987,7847649792.0,1052.035,1161.249,36814.43,49936.0,23595.0,2.28571,21.0,27040.54,33525.5,67.55,0.572,98.002,1460515110912.0,256.88,495.77216,0.71536005,0.10119
INDIGO,INTERGLOBE AVIATION LTD,Industrials,Airlines,5165.0,6173.5,3895.199951171875,,22.670755,28.644794,,-0.3431165813142832,-0.0175872284325021,866.462,-0.776,-0.775,0.062,0.03793,0.15758,0.34529,0.13439,0.24,1997132922880.0,1.51365786104361,1.4879255833398657,217598000000.0,1283.605,180.312,5655.12,6600.0,4050.0,1.48,25.0,4911.843504638672,5220.152001953125,-16.091300463000568,0.606,16.418,1868310380544.0,-124.11,227.82655,0.41576,0.44324002
BSE,BSE LIMITED,Financial Services,Financial Data & Stock Exchanges,3291.10009765625,4446.7998046875,2021.5,47.891445,35.96224,16.949667,0.7711987922705313,0.36003,0.20811,0.0,0.621,0.62,0.64,0.48918,0.80109,0.99595,0.80646,0.3,1336611478253.0437,1.53,1.503,51367813120.0,134.925,194.169,3905.353,4850.0,2940.0,2.41176,17.0,3249.849006347656,3702.324008789062,30.44391984368806,0.471,28.136,1313418772480.0,68.72,91.51544,0.0,0.23887
SOLARINDS,SOLAR INDUSTRIES (I) LTD,Basic Materials,Specialty Chemicals,19760.0,20422.0,11646.0,89.460335,56.127964,28.485386,0.9650521574973032,0.31332,0.15451999,23.271,0.927,0.927,0.703,0.17543,0.25502002,0.49456,0.2719,0.06,1788083568640.0,2.057,0.997,-13151637504.0,53.114,693.689,21521.54,23500.0,11200.0,1.76923,13.0,15287.265,18459.3,36.6244900781304,0.238,58.244,1797705302016.0,220.88,352.05267,0.43919,0.45198002
CUMMINSIND,CUMMINS INDIA LTD,Industrials,Specialty Industrial Machinery,5205.0,6100.0,3729.5,60.798973,44.093666,17.024157,67.55441444444445,0.29455,0.15034,0.431,0.009,0.009,0.179,0.18694,0.20458001,0.35457,0.2176,1.26,1442826027008.0,3.324,2.763,11262050304.0,140.948,305.742,5906.636,7177.0,3500.0,2.27273,22.0,4923.612485351562,5540.44,36.3136427068613,0.546,51.111,1408278462464.0,85.61,118.04417,0.5129,0.28496
TVSMOTOR,TVS MOTOR COMPANY  LTD,Consumer Cyclical,Auto Manufacturers,4390.0,4475.0,3221.199951171875,61.006115,38.416077,62.43511,0.9091820417287628,0.31619,0.08489,306.09,0.671,0.671,0.343,0.05691,0.13137999,0.36699,0.14121,0.28,2086243139584.0,0.981,0.251,-15430212608.0,94.059,70.313,4205.184,5425.0,2470.0,2.05263,38.0,3664.741491699219,3861.690004882813,35.92172684475723,-0.039,27.809,2365171171328.0,71.96,114.27507,0.52267,0.30018
JIOFIN,JIO FIN SERVICES LTD,Financial Services,Asset Management,244.6000061035156,331.0,223.3000030517578,76.19938,54.843052,1.1568513,0.4477049353701528,0.0288,0.0095469594930992,16.286,1.702,1.557,2.082,0.55006003,0.63313997,1.0,0.0,0.25,1615128468846.378,302.4383688600556,2.875494804374315,-155441000000.0,5.449,211.436,295.33334,315.0,273.0,1.0,3.0,259.09650054931643,243.78799987792968,-25.529000757248443,0.502,67.98333805665273,1787559936000.0,3.21,4.46,0.50187,0.20025998
HYUNDAI,HYUNDAI MOTOR INDIA LTD,Consumer Cyclical,Auto Manufacturers,2227.0,2890.0,1658.0,36.57415,24.365427,9.0427,,0.29916,0.12404,5.484,-0.351,-0.351,-0.005,0.07004,0.05844,0.28218,0.11174,0.97,1809529044992.0,1.556,1.073,17068947456.0,129.907,246.276,2293.4443,2530.0,1725.0,1.61538,27.0,2085.010994873047,2042.105998535156,-10.493954720800902,0.7749,21.166,1671738163200.0,60.89,91.4,0.825,0.13429
ABB,ABB INDIA LIMITED,Industrials,Specialty Industrial Machinery,7479.0,7924.5,4637.5,100.659485,71.309685,16.976469,33.55316166666667,0.19131,0.07907,1.547,0.03,0.03,0.121,0.21349001,0.11459,0.37280998,0.13784,0.53,1584862724096.0,2.193,1.691,10823799808.0,346.023,440.551,7030.0713,8835.0,5400.0,3.32143,28.0,6266.2725,7277.51,46.03143610270428,0.486,77.923,1503215222784.0,74.3,104.88056,0.75305,0.13545
MOTHERSON,SAMVRDHNA MTHRSN INTL LTD,Consumer Cyclical,Auto Parts,169.5800018310547,173.27000427246094,91.0999984741211,40.764423,24.473738,4.358039,0.3912132725527831,0.10114,0.04239,43.908,1.042,1.016,0.166,0.033570003,0.04978,0.43823,0.08853,0.29,1785886165843.26,1.06,0.696,37079126016.0,7.551,38.912,171.45454,195.0,115.0,1.81818,22.0,128.8417999267578,151.0297998046875,73.09380393803534,1.034,16.729,1932330401792.0,4.16,6.92906,0.59464,0.27572
IDEA,VODAFONE IDEA LIMITED,Communication Services,Telecom Services,14.029999732971191,15.34000015258789,6.460000038146973,4.020057,-9.2996435,-4.251515,,-0.3632,-0.01023,,,,0.061,0.82278,-0.03766,0.45202,0.27031,0.0,1520052702973.2896,0.551,0.197,-14359000064.0,0.343,-3.3,11.85955,18.7,5.5,3.31818,22.0,11.673250036239624,13.821200008392331,106.62739045350938,0.436,27.768,3412515880960.0,3.49,-1.50866,0.74638003,0.09507
PIDILITIND,PIDILITE INDUSTRIES LTD,Basic Materials,Specialty Chemicals,1660.0,1707.5,1259.0,64.09267,52.31464,15.596959,2.1652929054054053,0.23523001,0.13352999,3.776,0.296,0.297,0.213,0.17202,0.24093,0.54792,0.23993999,0.7,1689531973632.0,2.38,1.81,18421137408.0,41.424,106.431,1780.619,2065.0,1400.0,2.14286,21.0,1483.385502319336,1610.5260009765625,7.631456100990608,0.397,44.481,1643491491840.0,25.9,31.73108,0.69425005,0.17271
TRENT,TRENT LTD,Consumer Cyclical,Apparel Retail,2970.0,5674.0,2183.666748046875,87.45583,58.294113,22.673832,4.224919323671498,0.27126,0.13715,36.034,0.207,0.208,0.178,0.08637,0.1249,0.4301,0.14171,0.14,1583699853312.0,1.264,0.498,9976637440.0,17.42,130.988,3396.8718,4455.0,2950.0,1.92308,26.0,3071.2464990234375,3028.2280126953124,-45.53456812763616,0.384,53.643,1592188076032.0,33.83,50.94854,0.43403998,0.31046
TORNTPHARM,TORRENT PHARMACEUTICALS L,Healthcare,Drug Manufacturers - Specialty & Generic,5005.0,5250.0,3480.60009765625,79.87552,53.72997,20.193502,,0.16986,0.0725,85.446,-0.082,0.033,0.548,0.13874,0.21764,0.75975996,0.30615,0.76,1903741239296.0,1.126,0.723,26012225536.0,69.589,247.852,5386.759,6194.0,4150.0,1.72414,29.0,4275.772501220703,4819.030009765625,36.606799860730966,0.145,39.79,1915293925376.0,62.66,93.15099,0.63425,0.19048999
DLF,DLF LIMITED,Real Estate,Real Estate - Development,676.1500244140625,794.7999877929688,489.3999938964844,37.66852,26.452545,3.6805694,0.14,0.10102,0.0114,0.673,0.042,0.041,-0.529,0.65791,0.089940004,0.46511,0.18075001,1.19,1673682021392.4128,1.542,0.435,65852432384.0,38.727,183.708,815.6957,1000.0,676.0,1.34783,23.0,636.3777491760254,649.5469970703125,-12.24529209421642,0.386,128.159,1565401939968.0,17.95,25.56087,0.7414,0.1449
BHEL,BHEL,Industrials,Specialty Industrial Machinery,413.5,446.5,205.1199951171875,58.98716,30.000008,5.5067987,0.2953340778348775,0.0982,0.021004754047385,31.312,1.9973028657051883,-0.2532262860541183,0.403,0.06758,0.054819997,0.31469,0.07953,0.33,1439833260032.0,1.5929373806969065,1.1801299478858702,52483400000.0,32.17,75.089,397.7,575.0,140.0,2.8,20.0,327.15845069885256,406.8010021972656,87.38387793134603,0.845,50.015,1431623172096.0,7.01,13.78333,0.59821,0.23791
TMPV,TATA MOTORS PASS VEH LTD,Consumer Cyclical,Auto Manufacturers,320.25,739.7000122070312,294.29998779296875,1.41,6.695509,1.0522909,0.27,-0.01118,0.00635,70.364,-0.803,-0.803,-0.082,0.22814,0.02688,0.46472,0.03368,0.93,1179446018048.0,0.844,0.441,-196276256768.0,129.438,304.336,363.6,490.0,290.0,2.84,25.0,354.4857502746582,343.9479992675781,-53.56003315865973,0.793,14.102,1649417912320.0,-9.16,47.83057,0.44145,0.26721
CGPOWER,CG POWER AND IND SOL LTD,Industrials,Electrical Equipment & Parts,876.2999877929688,980.9000244140624,525.5,110.365234,62.94585,17.315102,8.424827022900763,0.19561,0.08918,1.446,0.131,0.163,0.14,0.0975,0.104490004,0.30722,0.12359,0.15,1380566938848.431,1.906,1.484,-196850000.0,18.946,50.609,933.7,1140.0,627.0,2.15,20.0,769.1194989013671,906.3789978027344,29.9666277779709,0.42,84.117,1332859895808.0,7.94,13.92149,0.60003,0.20491
POLYCAB,POLYCAB INDIA LIMITED,Industrials,Electrical Equipment & Parts,9125.0,10126.0,6663.0,47.998528,35.8415,11.3589115,1.4768777846153849,0.25549,0.13395001,1.738,0.325,0.325,0.39,0.09184,0.12718001,0.24476999,0.13974,0.51,1374544855040.0,1.74,0.836,18023239680.0,267.379,803.334,10061.097,11900.0,6490.0,1.87097,31.0,8255.77,9351.75,27.479742944956698,0.636,30.745,1339957837824.0,190.11,254.59314,0.64695,0.16242
PFC,POWER FIN CORP LTD.,Financial Services,Credit Services,363.7999877929687,486.5,329.8999938964844,4.609147,4.024336,0.8399675,2.1948319047619047,0.20466,0.02776,536.837,0.021,0.021,0.008,0.54484004,0.85533994,0.99218005,0.0,4.17,1200576881315.558,36.784,36.625,-48416200000.0,117.673,433.112,501.07144,525.0,450.0,1.14286,14.0,403.6414991760254,412.24199951171875,-9.816560907950167,0.639,10.058263502801038,11333688885248.0,78.93,90.4,0.55999,0.25148
TMCV,TATA MOTORS LIMITED,Consumer Cyclical,Auto Manufacturers,477.6000061035156,509.0,306.29998779296875,41.968365,20.390913,13.811052,0.5032178057553958,0.26045,0.09228,44.095,0.834,0.833,0.193,0.04809,0.06852,0.3165,0.09954,0.84,1758857680845.4185,0.758,0.542,184731254784.0,35.434,34.581,528.65,700.0,424.0,1.5,20.0,417.34153739733574,429.00299865722656,44.968884020980006,2.1753,19.435,1686929145856.0,11.38,23.4222,0.45168,0.2615
BANKBARODA,BANK OF BARODA,Financial Services,Banks - Regional,244.5,325.5,230.80999755859375,6.9638276,5.7394013,0.7500391,,0.113170005,0.0093,93.62656457792755,-0.486,-0.486,0.18,0.27392,0.45536998,0.0,0.0,3.47,1264398106624.0,,,316100900000.0,98.018,325.983,293.20587,350.0,225.0,1.91176,34.0,277.3482499694824,255.74459838867188,-0.1551800372571632,0.43,,2508151062528.0,35.11,42.60026,0.66462,0.20257
ENRIN,SIEMENS ENERGY INDIA LTD,Utilities,Utilities - Renewable,3435.300048828125,3968.0,2115.0,82.18421,60.795185,25.424631,1.212156489675516,0.2510898591742177,0.1152516448057662,4.483,0.678,0.678,0.393,0.15769,0.21937999,0.40712002,0.21176,0.11,1223380845548.6973,2.064,1.702,34541000000.0,92.525,135.117,3847.5334,4800.0,3077.0,2.2,15.0,3080.4664990234373,3483.9579931640624,4.25796809797041,0.683,60.534,1209574752256.0,41.8,56.50612,0.27528998,0.55872
VEDL,VEDANTA LIMITED,Basic Materials,Other Industrial Metals & Mining,268.0,795.0,249.6999969482422,11.769873,8.335293,2.1076474,0.1630176315789473,0.20403999,0.05303,48.044,0.722,0.718,-0.373,0.23205,0.3116,0.53911996,0.37484002,12.95,1046486908928.0,1.32,0.122,-487722483712.0,40.658,127.156,314.8889,350.0,235.0,1.85714,9.0,500.0447495269775,275.2959994506836,-39.8428731762065,0.363,4.358,1385360916480.0,22.77,32.15244,0.5707,0.18089001
SIEMENS,SIEMENS LTD,Industrials,Specialty Industrial Machinery,3880.0,4097.89990234375,2826.0,81.56401,57.267574,9.983583,0.2008471066239842,0.2113,0.1052668440958117,2.213,4.061,4.067,0.148,0.19017,0.074889995,0.28199,0.10298,0.46,1381747523584.0,2.57,1.901,-57000000.0,157.699,388.638,3974.8076,4850.0,3000.0,2.65385,26.0,3407.962004394531,3713.7180029296874,22.975496177830877,0.57,74.561,1335496278016.0,47.57,67.75213,0.76905996,0.10918
TATAPOWER,TATA POWER CO LTD,Utilities,Utilities - Independent Power Producers,375.25,464.8999938964844,342.5,31.038048,22.40007,3.037404,2.8475273394495413,0.11336,0.03272,168.051,0.109,0.11,0.056,0.060890004,0.14453,0.35709998,0.20766,0.66,1199051112448.0,0.806,0.593,-59697639424.0,47.102,123.543,418.39124,525.0,299.99875,2.3913,23.0,390.0547506713867,383.19900085449217,-3.917549166863432,0.342,14.724,1939949092864.0,12.09,16.75218,0.48708,0.2163
MUTHOOTFIN,MUTHOOT FINANCE LIMITED,Financial Services,Credit Services,2970.0,4149.5,2604.199951171875,10.482477,9.303782,2.936756,0.2701669329896907,0.31735,0.06402,393.56,0.388,0.388,0.353,0.55502,0.74571997,1.0,0.0,1.05,1192361328640.0,106.853,106.853,-475453870000.0,402.616,1011.32,3388.7727,4500.0,2425.0,2.68182,22.0,3413.565987548828,3013.549990234375,10.6598646770101,0.529,,2617025495040.0,283.33,319.225,0.73352,0.17552
GVT&D,GE VERNOVA T&D INDIA LTD,Industrials,Specialty Industrial Machinery,4050.10009765625,5650.0,2523.199951171875,79.66365,52.082607,38.542282,3.2252489878542514,0.55261004,0.16503,0.892,0.247,0.247,0.38,0.19442,0.24438,0.43567002,0.26203,0.24,1037014098348.5446,1.333,0.879,11809712128.0,59.68,105.082,5087.278,6587.0,3057.0,1.72222,18.0,3882.7719958496095,4583.337998046875,45.14407394633422,0.634,58.818,1034510729216.0,50.84,77.76301,0.51738,0.29907
TECHM,TECH MAHINDRA LIMITED,Technology,Information Technology Services,1592.0999755859375,1854.0,1304.0999755859375,27.511663,18.328407,4.7609506,1.86,0.1714999999999999,0.0974470015839771,7.269,0.283,0.285,0.177,0.086780004,0.14409,0.35758,0.15654,3.21,1410438376323.628,1.902031384721504,1.8948439386101052,54763000000.0,94.689,334.408,1620.05,1951.0,1080.0,2.25,40.0,1506.5610021972657,1527.1260009765624,4.461649569534143,0.162,14.579,1350556844032.0,57.87,86.86516,0.37096,0.44533002
CHOLAFIN,CHOLAMANDALAM IN & FIN CO,Financial Services,Credit Services,1888.9000244140625,1952.5,1299.4000244140625,27.929914,19.23847,5.2839766,0.639128466819222,0.19334999,0.02339,695.283,0.437,0.456,0.346,0.40549,0.56586,0.99932,0.0,0.07,1613245337971.2212,2.918,2.836,-302859100000.0,117.553,357.477,1994.4062,2140.0,1495.0,1.5625,32.0,1670.612502441406,1800.2640087890625,24.033094368149264,0.477,,3613854531584.0,67.63,98.18349,0.51972,0.39244998
TATACAP,TATA CAPITAL LIMITED,Financial Services,Credit Services,366.1499938964844,390.2000122070313,296.0,28.538582,17.322294,3.366525,0.6046309745762712,0.12005,0.01815,502.931,0.472,0.563,0.403,0.39678,0.57055,0.99918,0.0,0.16,1543942019959.35,105.658,105.546,-389600100000.0,17.912,108.762,404.6154,450.0,335.0,1.76923,13.0,336.0232498168945,357.0559997558594,10.786684991371963,1.0493,47.770585604943136,3847512129536.0,12.83,21.1375,0.85973,0.047319997
HDFCLIFE,HDFC LIFE INS CO LTD,Financial Services,Insurance - Life,542.0,807.0,530.5,59.105778,45.258312,6.0355,4.9668721008403365,0.10828,0.00377,15.885,0.119,0.119,0.143,0.019,0.02187,0.10196,0.02345,0.39,1177188958208.0,1.235,0.411,223379700000.0,12.413,89.802,749.14703,910.0,620.0,1.29412,34.0,652.5747488403321,561.0340002441407,-31.95656163378523,0.502,47.898,1169121607680.0,9.17,11.9757,0.55571,0.2794
UNIONBANK,UNION BANK OF INDIA,Financial Services,Banks - Regional,184.67999267578125,205.4900054931641,124.63999938964844,6.829881,6.8990116,1.0104502,0.877399448989056,0.15798001,0.01349,55.2580721094908,0.0778423215089709,0.1257777547184118,-0.0092990754093056,0.40460998,-8.87682,0.0,0.0,2.68,1409774200217.8037,,,-390221300000.0,125.81650421123204,182.77,196.4706,225.0,160.0,2.05882,17.0,170.36979988098145,173.89759979248046,34.891525626985654,0.893,,1187319341128.0,27.04,26.76905,0.74757004,0.15051
IRFC,INDIAN RAILWAY FIN CORP L,Financial Services,Credit Services,86.47000122070312,137.1699981689453,85.0,15.750456,11.845205,1.9895083,1.6237583505154638,0.12812,0.013940001,773.347,0.097,0.104,0.103,0.97271,0.97759,1.0,0.0,3.4,1130033725008.766,18.265,18.258,-270398100000.0,2.635,43.463,60.0,60.0,60.0,5.0,1.0,104.37149978637696,90.47160018920898,-31.768327207282265,0.33,31.158654914814257,5470841470976.0,5.49,7.3,0.82899004,0.048109997
BPCL,BHARAT PETROLEUM CORP  LT,Energy,Oil & Gas Refining & Marketing,308.70001220703125,391.6499938964844,266.6000061035156,7.700175,7.7336097,1.3171313,0.28,0.28469,0.093660004,54.332,0.28,0.281,0.344,0.034679998,-0.04048,0.12755,0.059520002,6.51,1318947048379.5789,0.794,0.238,254027055104.0,47.172,234.373,344.90323,490.0,236.0,2.51613,31.0,331.54525039672853,313.09100036621095,-3.5161742680979824,0.873,5.63,1655158341632.0,40.09,39.91668,0.56657004,0.29431
BRITANNIA,BRITANNIA INDUSTRIES LTD,Consumer Defensive,Packaged Foods,5548.0,6336.0,5035.0,51.384644,42.62784,26.169071,3.7782826470588233,0.53314,0.21594,26.875,0.136,0.136,0.082,0.13376,0.15212,0.41423,0.18634,1.66,1336337235968.0,1.119,0.708,19501613056.0,77.159,212.006,6318.121,7260.0,5000.0,1.90909,33.0,5673.24,5385.23,-2.683739694790388,0.421,36.081,1308965601280.0,107.97,130.14969,0.51183,0.28654
JINDALSTEL,JINDAL STEEL LIMITED,Basic Materials,Steel,1118.9000244140625,1306.199951171875,943.2999877929688,41.984993,12.7145405,2.2362704,,0.067719996,0.04417,43.613,-0.437,-0.435,0.259,0.04818,0.111999996,0.508,0.1634,0.18,1138467561737.0205,1.253,0.44,-48811098112.0,61.392,500.342,1221.7273,1410.0,590.0,2.09375,33.0,1123.6790020751953,1080.1980029296874,10.100863410977867,0.666,14.188,1307898937344.0,26.65,88.00161,0.63868,0.21709
PNB,PUNJAB NATIONAL BANK,Financial Services,Banks - Regional,118.0,135.14999389648438,98.5,6.139438,6.867452,0.86730266,3.231283157894737,0.14965999,0.01131,57.52280655710771,0.019,0.027,0.152,0.38147,0.29405,0.0,0.0,2.55,1356167249920.0,,,240108300000.0,2.094,136.054,122.0,135.0,88.0,2.35294,17.0,115.13909996032714,110.0986004638672,10.167117288388836,0.504,,1390351089664.0,19.22,17.1825,0.70079005,0.19337
LTM,LTM LIMITED,Technology,Information Technology Services,4553.0,6429.5,3528.0,25.841421,19.806166,5.5017824,1.5290781656804733,0.21966,0.12687,9.874,0.169,0.169,0.18,0.118669994,0.15501,0.29768,0.16894,1.64,1349787975680.0,2.932,2.575,51833626624.0,503.009,827.55,4425.1797,6217.0,3360.0,2.4359,39.0,4866.64400390625,4149.242006835938,-12.112730431425533,0.261,16.508,1229212221440.0,176.19,229.87791,0.68639,0.19169001
CANBK,CANARA BANK,Financial Services,Banks - Regional,129.60000610351562,162.88999938964844,103.5500030517578,5.9178085,5.566525,0.99873614,0.095141615755627,0.15935999,0.00988,102.381401307291,0.622,0.622,-0.129,0.43126,0.44137,0.0,0.0,3.25,1175556511810.8645,,,66521700000.0,171.507,129.764,150.4,170.0,103.0,1.7,20.0,139.39294986724855,128.48180068969725,15.425728101639734,0.503,,1168765747200.0,21.9,23.28203,0.64359003,0.18969999
APOLLOHOSP,APOLLO HOSPITALS ENTER. L,Healthcare,Medical Care Facilities,8735.0,9050.0,6696.5,60.137695,40.092197,13.248378,1.7635687683284458,0.21503,0.08439,85.146,0.341,0.342,0.206,0.07906,0.12167,0.35206002,0.13977,0.23,1255958904832.0,1.065,0.896,3955500032.0,129.075,659.326,9780.064,10800.0,6230.0,1.46667,31.0,7831.505,8762.23,10.80806799441836,0.201,35.988,1329429741568.0,145.25,217.87282,0.2839,0.50115
TATACONSUM,TATA CONSUMER PRODUCT LTD,Consumer Defensive,Packaged Foods,1056.300048828125,1282.699951171875,1007.2000122070312,63.82478,44.174274,4.7975693,0.55,0.0694,0.04033,12.159,0.279,0.278,0.119,0.078379996,0.10458,0.41109002,0.13137001,0.94,1045409610948.7078,1.568,0.898,18753087488.0,43.637,220.174,1339.5555,1500.0,1124.0,1.75,27.0,1136.4649969482423,1096.8940014648438,-4.433185364639347,0.414,38.53,1055878807552.0,16.55,23.91211,0.34372002,0.33755
INDUSTOWER,INDUS TOWERS LIMITED,Communication Services,Telecom Services,368.7999877929687,481.5,312.54998779296875,13.603835,12.065879,2.350227,22.673058333333337,0.18912001,0.09729,51.79,0.006,0.007,0.046,0.21776,0.31208,0.55942,0.45716998,3.76,972600214079.588,1.845,1.319,37768249344.0,27.892,156.921,441.0,565.0,345.0,2.56,25.0,417.50949935913087,393.3519982910156,5.643076867667451,0.05,7.473,1122860269568.0,27.11,30.56553,0.51313996,0.32705003
BAJAJHLDNG,BAJAJ HOLDINGS & INVS LTD,Financial Services,Asset Management,11368.0,13880.0,8588.0,14.291101,,1.729562,,0.11598,0.0072500003,0.012,-0.224,-0.224,0.242,7.34641,0.84845,0.98983,0.83055997,1.41,1265184669696.0,2.655,2.193,16121700352.0,9.036,6572.762,,,,,,10748.85,10864.06,-16.66911010115819,0.154,135.651,1358289960960.0,795.46,,0.61588,0.13032
HDFCAMC,HDFC AMC LIMITED,Financial Services,Asset Management,2624.0,2967.25,2205.60009765625,38.22844,29.838526,12.180686,3.239698305084746,0.4339,0.2860508595357626,2.364,0.118,0.12,0.134,0.61625,0.80197996,0.88846,0.80421996,2.12,1125136465920.0,8.717142401530856,8.717142401530856,25051900000.0,214.03,215.423,3111.7778,3340.0,2590.0,1.40741,27.0,2622.02224609375,2620.2019921875,-8.083019528855417,0.554,26.09,1003640127488.0,68.64,87.94,0.56712,0.27361
GROWW,BILLIONBRAINS GARAGE VN L,Financial Services,Capital Markets,200.72000122070312,227.1999969482422,112.0,50.94416,31.454851,12.856776,0.5944476079346557,0.2158246173723793,0.1123460789950964,3.028,0.857,0.943,0.652,0.45354,0.64422995,1.0,0.0,0.0,1242773331334.0774,1.6354701960857234,1.6354701960857234,-326820000.0,13.5,15.612,237.5,255.0,190.0,1.33333,10.0,179.40215383676383,199.2851989746094,52.83636520382677,1.5226,42.366037426303905,1118699126784.0,3.94,6.38121,0.48986,0.36667
CIPLA,CIPLA LTD,Healthcare,Drug Manufacturers - Specialty & Generic,1438.0,1673.0,1165.699951171875,34.517525,22.655626,3.3735833,,0.11736,0.07575,1.778,-0.392,-0.392,0.035,0.12009,0.12549,0.6328,0.18465,0.91,1161692839936.0,3.443,2.283,11400399872.0,124.133,426.253,1509.0834,1768.0,1170.0,2.19444,36.0,1397.4865032958985,1435.3340014648438,-6.991784314915983,0.086,20.366,1055502106624.0,41.66,63.47209,0.31135,0.44469002
INDIANB,INDIAN BANK,Financial Services,Banks - Regional,871.0,1000.9000244140624,642.5999755859375,9.1771145,7.9382854,1.398269,0.1932024105263158,0.16171,0.0134000005,45.98357105386151,0.475,0.475,0.103,0.36413,0.48043,0.0,0.0,2.09,1173205680128.0,,,183613600000.0,445.269,622.913,1013.375,1145.0,910.0,1.26667,16.0,861.7252508544922,844.6680017089843,29.990301599575673,0.28,,1059230121984.0,94.91,109.72143,0.76411,0.17021
AMBUJACEM,AMBUJA CEMENTS LTD,Basic Materials,Building Materials,411.0,600.7999877929688,394.0,23.02521,28.278305,1.7118224,5.15,0.08302,0.022969998,1.205,-0.275,-0.268,-0.077,0.11128,0.07947,0.5682,0.15627,0.49,1021259874304.0,1.047,0.496,-28945436672.0,3.677,240.095,489.92105,639.0,350.0,1.97436,38.0,477.83250030517576,428.3290002441406,-30.56259789702496,0.221,18.168,1131827036160.0,17.85,14.53411,0.69352996,0.22929001
JSWENERGY,JSW ENERGY LIMITED,Utilities,Utilities - Independent Power Producers,542.0,617.3499755859375,427.75,42.57659,31.9008,3.0953033,,0.08817001,0.040489998,229.16,-0.395,-0.366,0.012,0.10373,0.38092,0.66886,0.54482,0.37,993146175488.0,0.762,0.548,-59860938752.0,45.43,175.104,614.63635,720.0,475.0,2.26316,22.0,520.8877520751953,559.4460046386719,1.927597555242122,0.133,16.194,1673207873536.0,12.73,16.99017,0.66706,0.21400999
DRREDDY,DR. REDDY S LABORATORIES,Healthcare,Drug Manufacturers - Specialty & Generic,1180.0,1414.9000244140625,1101.0,29.7529,19.867859,2.563512,1.63,0.088369995,0.040149998,18.605,-0.687,-0.687,-0.056,0.09996,0.04251,0.50176,0.16508,0.68,982940057600.0,1.902,1.161,-3909625088.0,97.753,460.306,1265.7726,1740.0,1039.0,2.79487,39.0,1257.6370013427734,1239.982001953125,-5.251326732937233,0.242,17.713,968423440384.0,39.66,59.39241,0.30129,0.51980996
ZYDUSLIFE,ZYDUS LIFESCIENCES LTD,Healthcare,Drug Manufacturers - Specialty & Generic,1107.699951171875,1205.0,835.5,24.703388,22.520021,4.111211,,0.18318,0.08126,42.304,-0.359,-0.359,0.22,0.15784,0.16438,0.72111,0.23806,0.09,1104934814141.764,1.267,0.674,-9061624832.0,49.403,269.434,1195.7827,1457.48,800.0,2.56667,30.0,981.3380004882812,1122.4699975585938,12.651272747203413,0.37,17.8,1211528380416.0,44.84,49.18734,0.75184995,0.15595001
GAIL,GAIL (INDIA) LTD,Utilities,Utilities - Regulated Gas,172.5,186.8699951171875,134.36000061035156,11.5461855,9.430373,1.2726026,0.1187879166666666,0.08688,0.03505,27.809,0.972,0.969,0.167,0.06698,0.14834,0.18752001,0.1027,3.19,1134201143296.0,0.849,0.461,12966637568.0,3.236,135.549,194.58064,215.0,158.0,1.93548,31.0,166.886900100708,173.91479919433593,-3.155173630838038,0.515,8.998,1362954289152.0,14.94,18.29196,0.63735,0.28548
BOSCHLTD,BOSCH LIMITED,Consumer Cyclical,Auto Parts,48750.0,49130.0,28610.0,60.968746,42.728485,9.685387,,0.19353001,0.06734,0.8,-0.367,-0.367,0.22,0.11328,0.12362,0.33551,0.13423,0.56,1437934813184.0,1.959,1.404,17006874624.0,2141.445,5033.356,51439.0,57500.0,43728.0,1.4,5.0,37435.6,42091.4,22.073369224990618,0.65,48.829,1367290806272.0,799.59,1140.925,0.70666003,0.18078
MARICO,MARICO LIMITED,Consumer Defensive,Household & Personal Products,858.3499755859375,889.0999755859375,690.2999877929688,59.0337,44.053665,26.46696,1.02,0.41393003,0.14471,12.394,0.247,0.25,0.214,0.13159999,0.19282,0.4387,0.16836001,0.47,1112573052003.0664,1.429,0.974,23880937472.0,18.796,32.431,963.8205,1050.0,703.0,1.725,39.0,785.9130001831055,847.1879992675781,14.16505997981865,0.184,45.02,1087436619776.0,14.54,19.48419,0.59023,0.25239
GMRAIRPORT,GMR AIRPORTS LIMITED,Industrials,Airports & Air Services,100.41000366210938,115.63999938964844,84.11000061035156,251.02501,64.70467,-42.22456,,0.003,0.050419997,,,,0.237,0.030720001,0.25013,0.5735,0.39745998,0.0,1060226832140.1256,0.771,0.463,-34823127040.0,5.223,-2.378,119.14286,135.0,99.0,1.28571,7.0,100.5553498840332,108.22680084228516,10.328536759957752,0.573,23.051,1426140430336.0,0.4,1.55182,0.71444,0.16511999
GODREJCP,GODREJ CONSUMER PRODUCTS,Consumer Defensive,Household & Personal Products,947.0,1309.0,906.2999877929688,50.668804,34.67875,7.6612544,1.5,0.15099,0.08868,34.899,0.115,0.115,0.154,0.12086,0.17186001,0.49717999,0.20385,2.15,969069821952.0,0.914,0.615,14464837632.0,27.684,123.609,1239.0588,1485.0,772.0,1.52941,34.0,1101.163751525879,1036.727996826172,-24.051649574310503,0.368,29.978,967495647232.0,18.69,27.30779,0.65711,0.23597999
LUPIN,LUPIN LIMITED,Healthcare,Drug Manufacturers - Specialty & Generic,2201.5,2529.5,1875.0,18.221321,21.536331,4.4835515,1.1388325625,0.26907,0.12708999,29.388,0.16,0.161,0.32,0.18450001,0.25354,0.72361,0.28845,0.81,1006602616832.0,1.899,1.264,37220487168.0,172.682,491.017,2513.2222,3095.0,1800.0,2.61111,36.0,2250.795496826172,2378.916015625,13.461832943293018,0.182,11.628,1005089849344.0,120.82,102.22261,0.47025,0.35679
LGEINDIA,LG ELECTRONICS INDIA LTD,Technology,Consumer Electronics,1632.800048828125,1755.0,1304.0999755859375,60.879944,40.81899,14.458131,2.2382332352941177,0.24716,0.1,5.99,0.272,0.272,0.155,0.07135,0.109560005,0.29937,0.102910005,0.0,1108299645303.1848,2.081,1.412,2273097472.0,65.946,112.933,1869.3448,2050.0,1525.0,1.60714,29.0,1542.6195037841796,1569.4080078125,-3.3788966661347786,0.8937,40.9,1076477362176.0,26.82,40.00099,0.85,0.07738
LLOYDSME,LLOYDS METALS N ENERGY L,Basic Materials,Steel,1891.4000244140625,2125.0,1042.9000244140625,22.298986,13.165808,7.673988,0.1317128529238038,0.36945,0.13752,145.214,1.693,1.691,2.086,0.21511999,0.34264,0.54447,0.3635,0.05,1064082159015.1,0.812,0.404,-72709160960.0,49.895,246.469,2132.5715,2390.0,1880.0,1.85714,7.0,1510.676502685547,1875.5520043945312,33.47918309202982,0.109,15.717,1263019884544.0,84.82,143.66,0.77731,0.03185
MAZDOCK,MAZAGON DOCK SHIPBUIL LTD,Industrials,Aerospace & Defense,2570.0,3061.39990234375,2057.39990234375,38.70482,32.38927,10.627344,1.8002241860465116,0.2877,0.048270002,4.481,0.215,0.215,0.121,0.20120001,0.14191,0.32578,0.18059,0.81,1036686589952.0,1.404,1.036,-39999111168.0,324.665,241.829,2599.0,3275.0,1950.0,2.66667,12.0,2477.7189990234374,2454.5219970703124,-7.317245825291129,0.624,37.821,909997834240.0,66.4,79.34727,0.81218004,0.05964
HEROMOTOCO,HERO MOTOCORP LIMITED,Consumer Cyclical,Auto Manufacturers,5740.5,6388.5,4671.5,21.078432,17.629383,5.314909,,0.28027,0.1254,3.57,-0.172,-0.172,0.349,0.10724,0.116280004,0.31653,0.14047,3.24,1148910567424.0,1.909,1.556,62689423360.0,646.773,1080.075,6255.4287,7760.0,4700.0,2.21622,35.0,5406.204001464844,5190.4380078125,11.769859813084116,0.468,14.33,1022784307200.0,272.34,325.62115,0.37422,0.38534
MANKIND,MANKIND PHARMA LIMITED,Healthcare,Drug Manufacturers - Specialty & Generic,2385.0,2674.0,1909.699951171875,48.357666,33.82492,6.0403447,1.6337049324324326,0.12452,0.06311,38.111,0.296,0.296,0.129,0.13859999,0.20605,0.70761,0.26391,0.08,984995397632.0,1.069,0.613,16748087296.0,53.476,394.845,2741.7368,3220.0,2057.0,2.36842,19.0,2276.4709997558593,2480.074008789062,-4.851196557837445,0.46,26.532,1031956987904.0,49.32,70.51014,0.75397,0.19757
ABCAPITAL,ADITYA BIRLA CAPITAL LTD.,Financial Services,Financial Conglomerates,409.0,430.7000122070313,272.70001220703125,26.489637,16.124384,3.112491,0.6774843222506394,0.11181,0.01258,495.936,0.391,0.407,0.314,0.119449995,0.17869,0.28106,0.0,0.0,1119451742208.0,3.527,3.342,-369376700000.0,65.355,131.406,459.85715,495.0,390.0,1.16667,14.0,356.9272496032715,397.5610003662109,44.29351998096487,0.687,,2713031278592.0,15.44,25.36531,0.68735003,0.15991999
MAXHEALTH,MAX HEALTHCARE INS LTD,Healthcare,Medical Care Facilities,997.9000244140624,1256.0,903.0,66.704544,42.727013,9.036248,13.89678,0.14333001,0.06931,32.367,0.048,0.047,0.167,0.16723,0.19728,0.62519,0.25778,0.2,971232664785.634,0.889,0.795,-2246500096.0,6.841,110.433,1169.4814,1410.0,825.0,1.96429,27.0,1048.1079998779296,1081.3370056152344,-18.5786517385508,0.128,44.458,998445875200.0,14.96,23.35525,0.28204,0.61411
LODHA,LODHA DEVELOPERS LIMITED,Real Estate,Real Estate - Development,1240.0,1344.949951171875,650.7999877929688,30.053322,25.535988,5.319263,0.2909324491771539,0.1571,0.05407,42.238,1.033,1.034,0.431,0.22692,0.37088,0.43657002,0.32275,0.35,1238669590528.0,1.749,0.314,-4618999808.0,59.993,233.115,1334.15,1500.0,1000.0,1.4,20.0,1017.8180029296876,1122.022001953125,-4.61538461538461,0.623,21.288,1249149321216.0,41.26,48.55892,0.70306,0.18049999
BHARATFORG,BHARAT FORGE LTD,Consumer Cyclical,Auto Parts,2062.0,2295.0,1100.5,140.3676,42.794735,10.29055,,0.11603,0.057729997,76.475,-0.179,-0.175,0.187,0.040260002,0.09616,0.53261,0.16231,0.41,985818791936.0,1.169,0.634,7232178688.0,49.896,200.378,1990.2916,2500.0,1200.0,2.95833,24.0,1773.6445025634766,2125.8980102539062,77.92734114770109,0.54,36.46,1038166458368.0,14.69,48.1835,0.4773,0.37528
INDHOTEL,THE INDIAN HOTELS CO. LTD,Consumer Cyclical,Lodging,735.8499755859375,811.9500122070312,565.0,48.443054,39.38,8.024886,2.3402441545893717,0.16430001,0.09423,18.987,0.207,0.208,0.151,0.20868999,0.24399,0.63007,0.33486,0.45,1047432493120.2393,2.495,2.327,13061612544.0,30.427,91.696,830.31036,960.0,699.0,1.58621,29.0,688.0992498779297,726.6040002441406,-8.794002637644759,-0.154,30.017,1033541713920.0,15.19,18.68588,0.39348,0.37770998
UNITDSPR,UNITED SPIRITS LIMITED,Consumer Defensive,Beverages - Wineries & Distilleries,1544.0,1550.0,1210.800048828125,64.955826,51.086582,12.245319,5.799627321428571,0.20034,0.090059996,4.611,0.112,0.11,-0.102,0.14917,0.13164,0.46857,0.16991,1.12,1096325595136.0,2.053,1.318,6213749760.0,44.067,126.089,1562.6,1993.0,1303.0,1.88,25.0,1371.834503173828,1427.9360083007812,15.577511174701254,0.148,49.161,1055004426240.0,23.77,30.2232,0.59487,0.25094998
ASHOKLEY,ASHOK LEYLAND LTD,Industrials,Farm & Heavy Construction Machinery,173.8000030517578,215.4199981689453,125.8499984741211,29.358109,21.212997,7.168193,29.358109,0.21639,0.074149996,344.737,0.01,0.008,0.116,0.06021,0.19645001,0.40061,0.21465,2.02,1020875916805.5808,1.321,0.612,-141562496.0,28.952,24.246,189.69698,240.0,155.0,2.0,33.0,169.68025009155272,162.50080078125,30.57850870163645,0.446,12.341,1529108758528.0,5.92,8.19309,0.36363998,0.34355
SHREECEM,SHREE CEMENT LIMITED,Basic Materials,Building Materials,24300.0,31225.0,22550.0,53.67556,35.243996,9.515288,0.67,0.0741,0.0553938611036009,38.149,0.034,0.034,0.052,0.1453,0.18603,0.73543,0.31429002,0.58,876762169344.0,2.1608076940686307,1.763871242817572,18849100000.0,724.783,2553.785,27920.432,31600.0,20100.0,2.37838,37.0,25749.35,25942.4,-20.82111436950147,1.024,30.713,856646811648.0,452.72,689.4791,0.72754997,0.2085
LENSKART,LENSKART SOLUTIONS LTD,Healthcare,Medical Instruments & Supplies,654.7999877929688,657.9000244140625,356.1000061035156,173.687,94.1098,13.011425,0.6729445951181713,0.066539995,0.03539,34.983,2.581,2.692,0.433,0.06803,0.10458,0.6897,0.13512,0.0,1133746957680.2566,2.261,0.821,-10631436288.0,21.159,50.325,661.85,800.0,496.0,1.75,20.0,494.19695657642967,550.1070043945313,62.441076129583806,0.625,84.962,1105969676288.0,3.77,6.95783,0.44939998,0.34743
WAAREEENER,WAAREE ENERGIES LIMITED,Technology,Solar,2675.0,3865.0,2403.0,20.171932,16.16749,5.3265843,1.420558591549296,0.31570998,0.12331,21.402,0.142,0.141,0.792,0.12703,0.13994001,0.30225,0.21172,0.15,769467285504.0,1.383,0.778,12624424960.0,256.893,502.198,3295.7144,4375.0,2430.0,2.14286,14.0,2975.090009765625,2825.989990234375,-15.11978422973187,0.8272,11.548,734520541184.0,132.61,165.45549,0.6815,0.08641
ICICIGI,ICICI LOMBARD GIC LIMITED,Financial Services,Insurance - Diversified,1625.0,2064.89990234375,1544.5999755859375,33.63693,23.110931,4.758962,,0.1463,0.026500002,0.2104137997786446,-0.462,-0.46,0.109,0.08764,0.07438,0.21542,0.11679,0.87,811731845120.0,0.283,0.013,23786300000.0,15.557,341.461,1951.3077,2430.0,1430.0,2.36,26.0,1834.3994952392577,1712.9599975585938,-17.449834899669803,0.452,24.674,798427709440.0,48.31,70.31305,0.02498,0.83168
RECLTD,REC LIMITED,Financial Services,Credit Services,328.1000061035156,390.5,304.04998779296875,5.3999343,4.689592,1.0259634,,0.19957,0.025999999,607.463,-0.061,-0.061,0.252,0.6889,0.96852994,0.9857,0.0,1.84,863960776391.9231,282.504,282.365,59019300000.0,81.909,319.797,435.23077,500.0,380.0,1.53846,13.0,353.5245002746582,357.52500122070313,-13.850597126067122,0.345,,5838560821248.0,60.76,69.96345,0.52646,0.23857
NTPCGREEN,NTPC GREEN ENERGY LIMITED,Utilities,Utilities - Renewable,91.87999725341795,119.9499969482422,84.0,148.19354,32.7475,4.150705,3.8491828571428575,0.02764,0.01622,165.281,0.385,0.383,0.627,0.18476,0.58362997,1.0,0.86816,0.0,774211085720.3964,0.236,0.202,-122162110464.0,0.729,22.136,104.14286,127.0,85.0,2.71429,7.0,96.10895004272462,93.72240036010744,-12.64499240651108,0.4264,38.209,1089721991168.0,0.62,2.80571,0.89007,0.06293
OFSS,ORACLE FIN SERV SOFT LTD.,Technology,Software - Infrastructure,11826.0,11979.0,6234.5,30.253262,26.085806,14.864591,0.2516910316139767,0.49897,0.30941,0.567,1.202,1.205,0.687,0.38154,0.59574,0.58602,0.50176,5.65,1029754978304.0,4.413,3.946,30884249600.0,548.212,795.582,13050.0,14350.0,11750.0,1.0,2.0,8774.8325,11071.84,34.95378295104417,0.496,21.787,977846337536.0,390.9,453.35,0.72463,0.13418001
ATGL,ADANI TOTAL GAS LIMITED,Utilities,Utilities - Regulated Gas,657.6500244140625,859.8499755859375,462.7999877929687,113.78027,,14.867859,,0.14456001,0.06925,58.65,-0.14,-0.142,0.272,0.100839995,0.11602,0.28245002,0.18347,0.04,723290122466.8319,0.638,0.443,-1455699968.0,4.955,44.233,,,,,,613.8847508239746,692.1340014648438,4.322652116856762,0.606,65.519,753631952896.0,5.78,,0.79767996,0.07296
SAIL,STEEL AUTHORITY OF INDIA,Basic Materials,Steel,174.89999389648438,209.6999969482422,118.0999984741211,16.89855,11.026463,1.1979369,0.1395421139554087,0.056560002,0.0276,52.899,1.211,1.208,0.013,0.03844,0.09877,0.51803,0.12129,0.93,722428796293.2761,0.823,0.166,85301698560.0,1.773,146.001,178.03448,240.0,135.0,3.41379,29.0,161.91639987945555,170.43899963378905,40.9460867580661,1.029,7.608,1025544159232.0,10.35,15.86184,0.65098,0.18721001
MEESHO,MEESHO LIMITED,Consumer Cyclical,Internet Retail,209.5099945068359,254.3999938964844,125.55999755859376,,136.9212,22.069946,,-0.46563,-0.12654,1.428,,,0.483,-0.08682,-0.065799996,0.93148005,-0.104779996,0.0,968683986121.9752,1.554,0.825,-49137135616.0,5.997,9.493,207.14285,240.0,125.0,2.21429,14.0,174.7626279122489,186.63380004882816,23.175965087703275,0.7156,-62.51,906197008384.0,-2.6,1.53015,0.40333998,0.40287998
HINDPETRO,HINDUSTAN PETROLEUM CORP,Energy,Oil & Gas Refining & Marketing,363.2000122070313,508.4500122070313,316.20001220703125,46.32653,6.486894,1.1790639,0.5977616774193548,0.30929002,0.081,85.369,0.775,0.776,0.269,0.00356,-0.12848,0.06473,0.020299999,6.62,772825179510.3964,0.642,0.121,219543470080.0,15.404,308.041,407.41934,660.0,290.0,2.90323,31.0,412.8467495727539,393.0540008544922,-7.062430002060005,0.912,13.712,1306600931328.0,7.84,55.98982,0.54997003,0.28293
AUROPHARMA,AUROBINDO PHARMA LTD,Healthcare,Drug Manufacturers - Specialty & Generic,1608.0,1682.4000244140625,1016.0999755859376,25.121075,17.293974,2.4647796,0.9736850775193798,0.09932999,0.05861,21.31,0.258,0.252,0.163,0.10627,0.15237,0.58852,0.20097,0.24,925207691264.0,1.813,0.982,13185349632.0,182.247,652.391,1678.3214,1955.0,1270.0,2.07407,28.0,1349.8579962158203,1562.5719946289062,53.66972118529991,0.022,13.08,918309830656.0,64.01,92.98037,0.54785,0.30612
PERSISTENT,PERSISTENT SYSTEMS LTD,Technology,Information Technology Services,5674.0,6599.0,4244.5,46.386528,32.02378,11.325553,3.35,0.26349002,0.14872,6.092,0.121,0.137,0.291,0.12236,0.13516,0.31679,0.17052001,0.65,886454943744.0,2.427,1.902,13511332864.0,129.642,500.991,5497.6763,6709.0,3310.0,2.52941,34.0,5460.490993652344,5124.36798828125,6.15528531337699,0.082,31.578,846401568768.0,122.32,177.18083,0.33164,0.43623
SRF,SRF LTD,Industrials,Conglomerates,2574.5,3210.0,2355.0,35.281624,28.474676,5.434438,0.4666881481481482,0.13763,0.07565,36.195,0.756,0.755,0.318,0.12715,0.2217,0.48316002,0.24104,0.39,763097317376.0,1.103,0.633,3612312576.0,41.808,473.738,2933.2666,3604.0,2209.0,2.36667,30.0,2740.8219982910155,2706.2539892578125,-11.95882487556067,0.132,19.59,802796077056.0,72.97,90.41367,0.52386004,0.31518
IDBI,IDBI BANK LIMITED,Financial Services,Banks - Regional,81.73999786376953,118.37999725341795,61.0099983215332,9.427912,16.681631,1.24414,0.51,0.13874,0.02199,33.69653805154797,0.2069649809970475,0.0189927849807569,0.0473141255670912,0.48589,0.15577,0.0,0.0,2.43,878901306950.3915,,,164343242000.0,28.361,65.7,,,,,,89.18904991149903,83.87760009765626,-9.338959024331128,0.832,,931508715520.0,8.67,4.9,0.45554,0.49785
NHPC,NHPC LTD,Utilities,Utilities - Renewable,76.3499984741211,89.22000122070312,71.62000274658203,27.967031,11.9296875,1.8554522,9.988225357142856,0.09021,0.0183,113.111,0.028,0.029,0.185,0.31094998,0.46019,0.934,0.47801,2.11,766938367008.4939,0.944,0.413,-87430201344.0,3.642,41.149,87.83333,117.0,72.0,2.66667,6.0,78.22569995880127,78.33159973144531,-7.745291803591215,0.191,23.068,1346370273280.0,2.73,6.4,0.62477,0.21505
POLICYBZR,PB FINTECH LIMITED,Financial Services,Insurance Brokers,1779.5999755859375,1974.0,1364.0,108.5122,53.131287,11.247986,1.175646803900325,0.097440004,0.02874,4.922,0.923,0.926,0.401,0.102019995,0.05251,0.64252996,0.08542,0.0,822249968623.6772,4.411,4.315,-309675008.0,55.297,158.215,1952.68,2500.0,1215.0,2.08333,25.0,1649.8310034179688,1623.589990234375,-7.399316767053799,0.375,127.776,800482983936.0,16.4,33.49439,0.24437,0.61057997
DABUR,DABUR INDIA LTD,Consumer Defensive,Household & Personal Products,400.0,577.0,398.0,36.0036,30.35385,6.21282,3.16,0.16239999,0.07472,10.907,0.153,0.15,0.106,0.14551,0.16476,0.47741002,0.18398,2.06,709582782464.0,1.696,1.124,16920962048.0,29.023,64.383,506.26315,625.0,379.0,2.37838,38.0,467.24050201416014,425.02600036621095,-25.233644859813086,0.429,27.042,674259533824.0,11.11,13.1779,0.67667997,0.22895001
SUZLON,SUZLON ENERGY LIMITED,Industrials,Specialty Industrial Machinery,47.0,61.5,38.189998626708984,20.982143,22.209831,6.60762,0.35,0.39366,0.10776,2.807,-0.083,-0.059,0.225,0.18090001,0.1305,0.34494,0.17573,0.0,646051725312.0,1.969,1.112,-4302862336.0,1.873,7.113,62.25846,74.0,51.0,1.38462,13.0,50.84769994735718,52.65959983825684,-21.47034052085629,0.657,20.484,625649975296.0,2.24,2.11618,0.1866,0.23838
NATIONALUM,NATIONAL ALUMINIUM CO LTD,Basic Materials,Aluminum,385.6000061035156,445.1499938964844,183.86000061035156,10.489663,9.943651,3.277546,0.115144489571899,0.2942,0.18198,0.277,0.911,0.909,0.393,0.34908,0.47623003,0.71341,0.47417998,1.03,708205226953.9108,3.604,2.796,34026000384.0,47.388,117.649,409.3846,480.0,340.0,2.30769,13.0,357.0938993835449,360.98499877929686,100.60347708601743,0.709,6.797,623320104960.0,36.76,38.77851,0.51278,0.21677
OIL,OIL INDIA LTD,Energy,Oil & Gas Integrated,480.8999938964844,531.0,384.6000061035156,9.359673,7.5562,1.3485017,0.1024034245076586,0.12743,0.042340003,58.741,0.914,0.914,0.577,0.21685,0.40747002,0.56889,0.43051997,4.0,782235654455.9742,1.089,0.609,-28510437376.0,37.174,356.618,525.3809,645.0,370.0,2.0,21.0,452.8662498474121,439.39499816894534,17.86764556286382,0.253,6.902,1144588861440.0,51.38,63.6431,0.67726,0.22508
NMDC,NMDC LTD.,Basic Materials,Steel,83.94999694824219,97.48999786376952,68.19000244140625,9.899764,8.120644,2.1628792,24.749409999999997,0.23363,0.1229,18.802,0.004,0.004,0.008,0.23216999,0.3481,0.46613997,0.28876,4.2,738073024305.5033,2.429,1.702,-13960425472.0,12.973,38.814,89.56522,112.0,67.0,3.09091,23.0,83.0522999572754,85.19919967651367,16.889442084322546,0.643,7.355,682376888320.0,8.48,10.33785,0.60797,0.20017
MCX,MULTI COMMODITY EXCHANGE,Financial Services,Financial Data & Stock Exchanges,3126.0,3480.0,1460.800048828125,51.797848,39.263603,18.906382,0.5009463056092843,0.37883,0.17923,0.113,1.034,1.035,0.853,0.5556,0.69577,0.95473,0.73931,0.27,795611037696.0,1.31,1.256,28114087936.0,153.587,165.341,3296.7856,3800.0,2790.0,1.57143,14.0,2568.6949993896483,2815.9920068359374,90.05349630352877,0.654,35.053,719145795584.0,60.35,79.61572,0.19534999,0.52464
NYKAA,FSN E COMMERCE VENTURES,Consumer Cyclical,Internet Retail,330.3500061035156,348.0,223.3000030517578,375.39774,112.5431,65.78057,1.50159096,0.14338,0.06285,82.829,2.5,2.431,0.291,0.02405,0.05269,0.45354,0.05763,0.0,946482463823.121,1.156,0.221,5696674816.0,1.46,5.022,339.56,414.0,220.0,2.56,25.0,273.6410496520996,318.01,46.704865817790605,0.351,154.16,946179342336.0,0.88,2.93532,0.5614,0.31375998
BHARTIHEXA,BHARTI HEXACOM LIMITED,Communication Services,Telecom Services,1615.5999755859375,1955.5999755859375,1430.0,44.19037,25.381392,11.273935,1.9047573275862064,0.26466998,0.092209995,85.654,0.232,0.232,0.109,0.18999,0.31945,0.59927,0.48179,1.13,807800000592.9686,0.376,0.185,23331749888.0,13.284,143.304,1852.8572,2140.0,1450.0,1.85714,14.0,1612.3029986572265,1550.6780029296874,-8.872471468328403,0.085,18.439,852880982016.0,36.56,63.65293,0.86517996,0.11145
HAVELLS,HAVELLS INDIA LIMITED,Industrials,Electrical Equipment & Parts,1278.0,1621.0999755859375,1123.5999755859375,49.153847,39.065224,8.478005,0.2,0.2119,0.1146433839111638,2.801,-0.166,-0.165,0.195,0.06923,0.05302,0.32028,0.087460004,0.93,802023800832.0,1.7068065225357274,0.7382261075921758,875400000.0,37.334,150.743,1381.1389,1700.0,1097.0,1.94444,36.0,1306.5390014648438,1220.4800073242188,-18.48970086740068,0.3,38.128,786645385216.0,26.0,32.71452,0.6352,0.23823
AUBANK,AU SMALL FINANCE BANK LTD,Financial Services,Banks - Regional,1088.0,1105.9000244140625,682.1500244140625,28.83647,17.914278,4.0713077,0.821551851851852,0.1646999999999999,0.0137710592645722,69.44966791535315,0.351,0.37,0.298,0.21372999,0.35311002,0.0,0.0,0.09,814916501504.0,,,10202778000.0,113.831,267.236,1109.3572,1275.0,800.0,2.33333,28.0,988.0232501220704,1046.1809985351565,43.31818020288611,1.2178,,858419625984.0,37.73,60.73368,0.31468,0.49882
LAURUSLABS,LAURUS LABS LIMITED,Healthcare,Drug Manufacturers - Specialty & Generic,1825.0,1870.800048828125,823.0999755859375,90.43607,64.58316,18.589252,0.7223328274760383,0.17743,0.08184,46.369,1.252,1.255,0.291,0.1504,0.25386,0.59445,0.28076,0.13,986069729280.0,1.328,0.625,-388837504.0,2.106,98.175,1486.2858,1980.0,510.0,2.84615,14.0,1223.5345016479491,1616.3680102539065,108.32144574280736,0.357,48.901,998074417152.0,20.18,28.25814,0.32031,0.32641
ICICIPRULI,ICICI PRU LIFE INS CO LTD,Financial Services,Insurance - Life,502.0,706.7999877929688,459.5,43.127148,35.36327,5.3373027,0.7023965472312703,0.12579,0.00345,19.037,0.614,0.619,-0.831,0.025510002,0.1245,0.10439,0.02921,0.33,727775707136.0,1.474,0.673,21680125952.0,24.379,94.055,675.8788,790.0,570.0,1.5625,33.0,572.0204986572265,501.2699993896484,-20.575902271129745,0.471,38.805,714532716544.0,11.64,14.19552,0.23651,0.69759005
YESBANK,YES BANK LIMITED,Financial Services,Banks - Regional,22.739999771118164,25.780000686645508,17.200000762939453,18.949999,12.519338,1.3670794,1.6059321186440678,0.074650005,0.00863,127.93754327208444,0.118,0.206,0.198,0.23185,0.54693,0.0,0.0,0.0,713758270447.9058,,,204777814000.0,21.115811877017492,16.634,21.0,28.0,15.0,4.16667,12.0,21.87840003967285,23.588200073242188,17.45867280065767,0.485,,705487864632.0,1.2,1.81639,0.44164002,0.18357
LTF,L&T FINANCE LIMITED,Financial Services,Credit Services,314.75,338.6000061035156,214.6300048828125,24.822556,16.129066,2.8081117,0.8802324822695037,0.1375,0.0209639147792723,393.442,0.282,0.287,0.293,0.33076,0.45948002,0.9953,0.0,0.87,788777861120.0,,,-144287000000.0,44.898,112.086,344.75,390.0,195.0,2.1,20.0,292.3771492004395,309.1189990234375,45.36092078438336,0.64,,1778817826816.0,12.68,19.51446,0.65957,0.18831
PAYTM,ONE 97 COMMUNICATIONS LTD,Technology,Software - Infrastructure,1603.5999755859375,1657.5999755859375,930.5999755859376,158.30206,50.731182,6.4151444,1.9812523153942427,0.03558,-0.00116,1.073,0.799,0.796,0.277,0.07249,0.029409999,0.3698,0.07244,0.0,1028121019099.3364,2.546,2.077,32686999552.0,228.15,249.971,1524.75,2200.0,1050.0,1.7,20.0,1214.7169995117188,1314.1360034179688,28.49358778733473,-0.307,133.713,868533469184.0,10.13,31.60975,0.27938998,0.47589
TORNTPOWER,TORRENT POWER LTD,Utilities,Utilities - Independent Power Producers,1248.699951171875,1824.0999755859375,1188.0,27.504404,20.823465,3.2986307,,0.13022,0.06236,70.885,-0.127,-0.127,0.028,0.079629995,0.14002,0.26631,0.19652,1.61,629224284131.3365,0.951,0.803,-18918400000.0,46.029,378.551,1522.6364,1780.0,1270.0,2.72727,11.0,1415.9515002441406,1391.26,-2.8475917113377713,0.655,13.069,749550567424.0,45.4,59.966,0.62315,0.27741
INDUSINDBK,INDUSIND BANK LIMITED,Financial Services,Banks - Regional,1008.0,1077.8499755859375,710.5999755859375,59.36396,12.786267,1.1940411,0.72,0.01362,0.00162,65.08887677361896,0.717,0.717,0.01,0.076469995,0.27308,0.0,0.0,0.15,785373659136.0,,,3009830000.0,628.021,844.192,992.1111,1250.0,625.0,3.25,36.0,905.5415014648438,989.437000732422,29.529681854056953,0.494,,730731249664.0,16.98,78.83458,0.16339001,0.54030997
FEDERALBNK,FEDERAL BANK LTD,Financial Services,Banks - Regional,355.29998779296875,371.7000122070313,188.3999938964844,18.969568,13.164135,2.1872017,0.580109113149847,0.1409,0.0108070318204699,82.89399323377539,0.327,0.368,0.214,0.30721,0.42963,0.0,0.0,0.33,877409503806.8674,,,40408916000.0,108.995,162.445,362.67648,425.0,284.0,2.05882,34.0,291.46015060424804,340.8939984130859,77.90795445819687,0.276,,959084888064.0,18.73,26.99,0.1091,0.59721
BAJAJHFL,BAJAJ HOUSING FINANCE LTD,Financial Services,Mortgage Finance,85.58999633789062,117.0,72.6500015258789,26.498451,19.518368,3.1649594,1.157137598253275,0.12679,0.02227,460.74,0.229,0.226,0.196,0.63176996,0.80913,0.99292,0.0,0.0,712850114779.5303,5.641,5.639,-199428000000.0,0.232,27.043,94.9375,125.0,76.0,2.9375,16.0,89.57679973602295,86.57759963989258,-25.10500765476362,0.9661,51.83704593738507,1743798665216.0,3.23,4.3851,0.86740994,0.00982
NAM-INDIA,NIPPON L I A M LTD,Financial Services,Asset Management,1232.5,1266.199951171875,780.25,48.928146,36.9836,16.880323,1.8533388636363637,0.34476003,0.25059998,1.617,0.264,0.272,0.245,0.52507997,0.71078,0.83172995,0.68566,1.77,788452474880.0,12.497,12.24,12954662912.0,61.588,73.014,1236.4166,1380.0,960.0,1.79167,24.0,989.795499572754,1174.412001953125,42.296364978315125,0.634,34.527,738040545280.0,25.19,33.32558,0.00551,0.90108
FORTIS,FORTIS HEALTHCARE LTD,Healthcare,Medical Care Facilities,916.7999877929688,1104.300048828125,766.7999877929688,66.19495,40.298706,6.9945216,0.42,0.11006,0.06842,34.15,0.023,0.023,0.175,0.11023,0.16316,0.59387,0.21205,0.11,692145609728.2025,0.86,0.763,1908012416.0,7.4,131.074,1114.8,1180.0,975.0,1.3,20.0,916.7320013427734,950.5600012207032,-4.891335008763498,0.665,35.712,719862038528.0,13.85,22.75011,0.35187,0.50176996
DIXON,DIXON TECHNO (INDIA) LTD,Technology,Consumer Electronics,14850.0,18471.0,9600.0,43.51011,52.73385,16.541815,0.2814366752910737,0.37133,0.051269997,18.457,1.546,1.949,0.211,0.03639,0.022909999,0.06866,0.03637,0.06,902908084224.0,1.064,0.612,9121737728.0,220.798,897.725,14598.186,17800.0,8157.0,2.17857,27.0,12192.8,13383.66,-12.00521450580706,-0.156,43.583,817711546368.0,341.3,281.6028,0.40137002,0.35766998
BIOCON,BIOCON LIMITED.,Healthcare,Biotechnology,412.5,447.1499938964844,337.04998779296875,120.26239,37.482044,1.9630052,0.5126274083546462,0.011469999,0.0173,42.145,2.346,3.494,0.1,0.0286,0.06914,0.61185,0.20687,0.12,671671189504.0,1.221,0.713,913374976.0,23.977,210.137,439.05,534.0,290.0,2.57895,20.0,395.4405000305176,422.82000122070315,14.758655165217728,0.31,22.602,809858695168.0,3.43,11.00527,0.48115003,0.31087
SWIGGY,SWIGGY LIMITED,Consumer Cyclical,Internet Retail,279.0,474.0,235.75,,-52.10376,3.9701173,,-0.29117,-0.13748,13.929,,,0.373,-0.1505,-0.13916999,0.44366002,-0.13719,0.0,730980483072.0,3.348,2.329,-59791171584.0,42.793,70.275,365.0,520.0,230.0,2.03704,27.0,308.28364883422853,266.2815985107422,-33.73708393570005,1.1725,-18.261,623879323648.0,-14.79,-5.3547,0.40015998,0.40620998
GICRE,GENERAL INS CORP OF INDIA,Financial Services,Insurance - Reinsurance,359.79998779296875,417.9500122070313,346.70001220703125,7.110672,5.559434,0.68558407,,0.091079995,0.03032,,-0.311,-0.311,-0.008,0.16819,0.15095,0.20671,0.0,3.68,631233096791.9844,0.518,0.248,146563596288.0,168.792,524.808,467.8,550.0,339.0,2.4,5.0,376.0414999389648,360.943002319336,-7.040434274493723,0.34,3.187,334714077184.0,50.6,64.71882,0.77397,0.16913
ALKEM,ALKEM LABORATORIES LTD.,Healthcare,Drug Manufacturers - Specialty & Generic,5400.0,5933.5,5075.0,29.948423,24.181578,4.671826,,0.17557,0.085030004,14.267,-0.217,-0.217,0.109,0.14306,0.17803,0.64803004,0.19404,0.37,645650972672.0,2.553,1.667,13743112192.0,339.686,1155.865,5948.55,6850.0,4590.0,2.3,20.0,5542.68,5539.7,0.1297978861487081,0.295,21.484,628704018432.0,180.31,223.31049,0.62444,0.27497998
SCHAEFFLER,SCHAEFFLER INDIA LIMITED,Consumer Cyclical,Auto Parts,4049.300048828125,4467.7001953125,3518.39990234375,50.584633,40.231426,10.317082,3.891125615384615,0.21645,0.12267999,0.783,0.13,0.135,0.173,0.119320005,0.14774999,0.38415,0.18069,0.85,632920415696.0146,2.487,1.423,3941437440.0,96.192,392.485,4823.7144,5344.0,4225.0,1.71429,7.0,4005.491508789062,4125.87603515625,2.2937993893678232,0.118,33.103,628344946688.0,80.05,100.65018,0.74297,0.18073
NAUKRI,INFO EDGE (I) LTD,Communication Services,Internet Content & Information,1360.9000244140625,1437.800048828125,908.2999877929688,55.16417,58.84833,2.325069,2.39,0.045679998,0.014520001,0.64,0.507,0.506,0.114,0.47402,0.34807998,0.56393003,0.35501,1.04,881506139589.9067,2.468,2.372,9755294720.0,70.84,585.316,1468.8636,1635.0,1166.0,1.40909,22.0,1151.983752746582,1162.2370043945311,-2.479396315724647,0.288,72.961,874104422400.0,24.67,23.12555,0.47222,0.38709998
IOB,INDIAN OVERSEAS BANK,Financial Services,Banks - Regional,33.15999984741211,41.79999923706055,31.200000762939453,11.127517,36.844444,1.6419094,0.2424295642701525,0.16525999,0.0133299995,139.50159726098482,0.459,0.456,0.481,0.36560002,0.37078997,0.0,0.0,0.0,638548505733.6777,,,41337707000.0,10.234,20.196,,,,,,34.98440010070801,34.15580001831054,-13.057156848271866,0.253,,914890227712.0,2.98,0.9,0.92438006,0.04319
GLENMARK,GLENMARK PHARMACEUTICALS,Healthcare,Drug Manufacturers - Specialty & Generic,2332.89990234375,2474.0,1792.5999755859375,36.56583,23.886272,6.263239,0.0392885247663049,0.14069,0.13902001,5.646,9.307,9.303,0.231,0.10137,0.15718001,0.71935,0.27241,0.33,658401891414.9976,1.772,0.963,11773608960.0,41.675,372.475,2497.7273,2750.0,2100.0,1.58333,11.0,2129.9664978027345,2232.4979931640623,21.25259367691008,0.248,13.003,628236615680.0,63.8,97.66697,0.48958,0.27861
BANKINDIA,BANK OF INDIA,Financial Services,Banks - Regional,142.8000030517578,178.36000061035156,109.8499984741211,5.286931,5.4986525,0.7149115,0.0658397384806973,0.13697,0.00922,118.52780403005494,0.803,0.805,0.185,0.34992,0.48535,0.0,0.0,3.28,650121000517.64,,,38627492000.0,224.459,199.745,157.6,188.0,115.0,2.6,5.0,147.79960029602051,142.89739959716798,22.75423433685264,0.777,,778473046016.0,27.01,25.97,0.73383003,0.15255
UNOMINDA,UNO MINDA LIMITED,Consumer Cyclical,Auto Parts,1260.5,1382.0,994.0,60.42665,39.825924,10.6571865,50.35554166666667,0.19202,0.075890005,37.74,0.012,0.018,0.238,0.05801,0.071090005,0.34037,0.10695,0.21,727897407488.0,1.199,0.653,-2231249920.0,6.247,118.277,1329.1052,1532.0,970.0,2.10526,19.0,1172.1985067749024,1166.2200024414062,2.081304677325302,0.289,34.403,762583318528.0,20.86,31.65024,0.68487,0.20684999
PHOENIXLTD,THE PHOENIX MILLS LTD,Real Estate,Real Estate - Diversified,1925.0,2169.800048828125,1465.5999755859375,52.523872,38.57948,6.264094,2.2542434334763946,0.11056,0.06412,37.211,0.233,0.233,0.128,0.28164,0.50796,0.93678004,0.59906,0.13,688502669312.0,0.87,0.469,18105554944.0,23.012,307.307,2111.4092,2495.0,1700.0,1.77273,22.0,1794.9504992675782,1967.341994628906,23.12120243044451,0.324,28.081,764524822528.0,36.65,49.89699,0.47823003,0.38285
OBEROIRLTY,OBEROI REALTY LIMITED,Real Estate,Real Estate - Development,1904.699951171875,1986.0999755859375,1391.199951171875,26.322554,17.819098,3.8643432,0.910815017301038,0.1805,0.0989963602118606,15.765,0.289,0.29,0.317,0.41592997,0.53744,0.62612,0.56571,0.43,692553169573.9844,3.990566506747425,1.6347674198373194,7432485000.0,90.451,492.891,2043.2858,2490.0,1240.0,1.89286,28.0,1666.082997436523,1817.9219921875,14.95563540989404,0.324,18.878,675193028608.0,72.36,106.89093,0.67705,0.24204001
LINDEINDIA,LINDE INDIA LIMITED,Basic Materials,Specialty Chemicals,6695.0,8049.0,5673.0,104.05658,77.8036,13.382667,0.13,0.13577,0.07696,1.8496456267796888,6.764,6.769,0.131,0.20587,0.20444,0.58523,0.34228,0.06,570977878016.0,0.862,0.508,-175672496.0,12.950343699560936,500.274,5992.0,6115.0,5869.0,4.0,2.0,6676.5175,6994.04,5.168080427269861,-0.052,58.06243499887571,570662578016.0,64.34,86.05,0.77975,0.07862
IDFCFIRSTB,IDFC FIRST BANK LIMITED,Financial Services,Banks - Regional,85.83999633789062,88.76000213623047,58.08000183105469,33.142857,12.796565,1.557612,,0.0444,0.0040286697525385,77.27783905977178,-0.232,-0.236,-0.011,0.32775003,0.33398,0.0,0.0,0.29,740045456556.151,,,60392400000.0,14.808229703705788,55.11,88.2,115.0,62.0,2.6,20.0,76.94155017852783,81.69099990844727,20.47718784265351,1.2702,,978706888128.0,2.59,6.70805,0.12868,0.45205003
COFORGE,COFORGE LIMITED,Technology,Information Technology Services,1882.0,1989.699951171875,1008.0999755859376,38.589294,26.372416,6.6276236,1.2488444660194176,0.18596001,0.107980005,7.518,0.309,0.634,0.499,0.0964,0.1596,0.37247002,0.19738,0.88,833144094720.0,1.609,1.472,17159374848.0,26.155,283.963,1904.4,2580.0,1187.0,1.62857,35.0,1515.3385003662108,1587.5400024414062,10.161553096762432,0.294,21.118,759688200192.0,48.77,71.36244,0.21811001,0.54968
MAHABANK,BANK OF MAHARASHTRA,Financial Services,Banks - Regional,80.27999877929688,94.5,51.709999084472656,8.267765,6.4224,1.7302097,0.241747514619883,0.22961001,0.019,106.04654247221066,0.342,0.345,0.218,0.53409,0.57523,0.0,0.0,2.76,617478019922.8949,,,-117576293000.0,19.341,46.399,95.33333,100.0,90.0,1.5,3.0,71.66014991760254,83.39579986572265,45.513868848532525,0.78,,852761575424.0,9.71,12.5,0.73600996,0.16694
TIINDIA,TUBE INVEST OF INDIA LTD,Industrials,Conglomerates,2930.0,3419.89990234375,2164.89990234375,93.34183,39.408207,7.3162203,,0.1919,0.0296385377316121,27.724,-0.142,-0.143,0.207,0.028169999,0.07277,0.31705,0.09349,0.16,567166894080.0,1.864983337019271,1.4298881254337332,-2720000000.0,124.008,400.48,3331.8333,3649.0,2682.0,2.0,6.0,2776.077999267578,2948.30400390625,-7.861635220125784,-0.3,27.398,543713394688.0,31.39,74.35,0.44044,0.33492002
SBICARD,SBI CARDS & PAY SER LTD,Financial Services,Credit Services,647.0499877929688,965.0,565.4500122070312,27.084555,18.148298,3.9172893,1.3889515384615383,0.14686,0.03286,280.206,0.195,0.195,0.234,0.18199,0.26674,0.24650998,0.0,0.4,615760253599.2706,19.959,19.949,4593900000.0,24.369,165.178,696.9167,900.0,500.0,2.75,24.0,721.4605010986328,629.3780004882813,-20.908201063135312,0.246,,1011104284672.0,23.89,35.65348,0.6858,0.25125998
PRESTIGE,PRESTIGE ESTATE LTD,Real Estate,Real Estate - Diversified,1585.5,1805.199951171875,1090.0,60.011356,27.68945,4.196687,,0.07752,0.02651,105.493,-0.193,-0.194,0.159,0.08725,0.23696,0.58805,0.24781,0.13,682922803200.0,1.148,0.113,-25288249344.0,76.14,377.798,1892.1428,2380.0,1440.0,1.40909,21.0,1506.5484991455078,1606.986005859375,-2.5267414362976637,0.445,25.653,829796057088.0,26.42,57.26008,0.64269996,0.30642
BERGEPAINT,BERGER PAINTS (I) LTD,Basic Materials,Specialty Chemicals,528.5499877929688,594.5499877929688,391.1000061035156,51.11702,40.78302,8.910899,1.793579649122807,0.17226,0.09388,9.165,0.285,0.285,0.12,0.099209994,0.14074,0.40889,0.14864,0.75,616290764902.5675,2.115,1.101,8340850176.0,10.977,59.315,575.7727,685.0,429.0,2.63636,22.0,502.17399963378904,519.9309997558594,-2.7506922184050153,0.449,33.933,618550198272.0,10.45,12.96005,0.75595003,0.15628
MFSL,MAX FINANCIAL SERV LTD,Financial Services,Insurance - Life,1575.0,1892.5,1433.5999755859375,509.70874,114.49208,19.761854,,0.01629,0.00093000004,12.673,-0.7433304169171291,-1.8415841584158417,-0.402,0.00221,0.04599,0.11765,0.00796,0.0,540928442368.0,0.825,0.825,-7328792576.0,16.675,79.699,2017.12,2300.0,1765.0,1.2,25.0,1643.8545013427731,1572.7920068359374,-4.173763482898685,0.704,106.351,422213189632.0,3.09,13.75641,0.02078,0.81668997
JSWINFRA,JSW INFRASTRUCTURE LTD,Industrials,Marine Shipping,329.8500061035156,355.79998779296875,233.4199981689453,46.523273,29.437305,6.323084,,0.13948,0.06703,59.002,-0.103,-0.099,0.181,0.26578,0.35162997,0.52823,0.4759,0.27,763656156978.6266,2.27,2.073,-10869374976.0,11.092,52.166,374.88235,410.0,310.0,1.64706,17.0,282.84090026855466,326.4569989013672,6.989951074866174,0.554,27.897,741907431424.0,7.09,11.20517,0.74142,0.15439
ABBOTINDIA,ABBOTT INDIA LIMITED,Healthcare,Drug Manufacturers - Specialty & Generic,26120.0,33185.0,25150.0,34.34763,28.891228,11.625676,2.0086333333333335,0.34460998,0.18279,3.602,0.171,0.171,0.043,0.23052,0.27719998,0.47241002,0.27479,1.99,555031789568.0,2.554,1.772,13733062656.0,1050.543,2246.751,32730.125,38100.0,27500.0,1.875,8.0,27284.275,27010.7,-19.86500997085443,0.056,28.081,540484403200.0,760.46,904.0806,0.75539,0.07695
VMM,VISHAL MEGA MART LIMITED,Consumer Cyclical,Department Stores,102.5999984741211,157.60000610351562,98.7699966430664,54.0,37.813732,6.4556723,2.16,0.12149999,0.070549995,26.817,0.25,0.256,0.187,0.0661,0.09636,0.28500998,0.15342,0.0,480661365779.5492,1.601,0.675,10968367104.0,3.643,15.893,147.38889,170.0,100.0,1.27778,18.0,121.17604988098144,113.05559967041016,-31.67743242648687,0.9498,23.633,489228206080.0,1.9,2.7133,0.40023,0.48152
FACT,FACT LTD,Basic Materials,Agricultural Inputs,772.9500122070312,1058.5999755859375,652.0999755859375,,,36.489166,,0.3375,-0.0066364537083975,295.147,-0.954,-0.955,0.409,0.07694,0.02437,0.47467998,0.18855,0.05,500154310362.8281,0.9304782069101336,0.6549813002695681,-11069442000.0,25.819,21.183,,,,,,847.8809997558594,853.1939965820312,-23.80600296653298,1.1811,124.095,545786003456.0,-1.65,,0.0,0.00093000004
JSL,JINDAL STAINLESS LIMITED,Basic Materials,Steel,718.4000244140625,884.0,652.25,18.238132,13.831156,13.151007,2.399754210526316,0.17407,0.073189996,37.523,0.076,0.077,0.105,0.07379,0.09104,0.2199,0.12644,0.55,591925563027.9622,1.251,0.432,19663349760.0,65.041,54.627,880.2,1000.0,790.0,1.2,15.0,750.1682516479492,717.7610034179687,-6.097635987614747,0.554,6.699,372884766720.0,39.39,51.94071,0.64682,0.16169001
THERMAX,THERMAX LTD,Industrials,Conglomerates,4034.0,5277.7998046875,2742.699951171875,76.50294,45.11661,8.1898155,,0.13691,0.040409997,42.166,-0.834,-0.834,0.071,0.05474,0.0039500003,0.34087002,0.08078,0.35,454424756224.0,1.221,0.944,-3111225088.0,218.977,492.563,4392.0,5325.0,3300.0,2.71429,21.0,3698.605490722656,4514.987973632812,24.76417094238068,0.321,51.708,452731076608.0,52.73,89.41274,0.73669,0.20661
COLPAL,COLGATE PALMOLIVE LTD.,Consumer Defensive,Household & Personal Products,1910.0,2504.0,1782.0,38.492542,32.676105,32.794205,5.4989345714285705,0.81593,0.33598998,2.993,0.07,0.07,0.118,0.21722999,0.27678,0.68931997,0.30302998,2.55,519492567040.0,1.28,0.94,15300337664.0,52.431,58.242,2249.6,2750.0,2000.0,3.0,25.0,2083.504494018555,2034.0700048828128,-18.947591767451733,0.522,26.459,497437900800.0,49.62,58.4525,0.51410997,0.22927
TATACOMM,TATA COMMUNICATIONS LTD,Communication Services,Telecom Services,1677.5,2110.0,1322.5,50.527107,21.41832,13.869482,,0.31131,0.04537,335.854,-0.294,-0.293,0.105,0.0372,0.07454,0.27455,0.1633,1.05,478115561472.0,0.49,0.404,20341250048.0,34.755,120.949,2108.5454,2600.0,1665.0,1.81818,11.0,1726.3919989013673,1841.885993652344,1.9632901645248555,0.816,14.158,587859296256.0,33.2,78.3208,0.60482,0.24949
HDBFS,HDB FINANCIAL SERVICES L,Financial Services,Credit Services,692.3499755859375,811.7999877929688,555.2999877929688,20.704247,14.653654,2.7820191,0.6350996012269938,0.123104134959023,0.0205725802877571,484.313,0.326,0.383,0.21,0.29786,0.42416,0.99791,0.0,0.59,573580488958.0587,1.294136904802741,1.294136904802741,-87491700000.0,31.178,248.866,822.8,919.0,725.0,2.33333,15.0,701.6247509765625,710.6480017089843,-12.166194026522358,1.0628,21.995636174444947,1540466802688.0,33.44,47.2476,0.74450994,0.1304
UPL,UPL LIMITED,Basic Materials,Agricultural Inputs,571.9000244140625,812.2000122070312,557.9500122070312,23.467379,12.137273,1.3914572,0.9617778278688526,0.05614,0.04335,57.128,0.244,0.184,0.105,0.03825,0.06561,0.49945,0.15121001,1.06,483418067100.82184,1.217,0.803,22774999040.0,78.586,411.008,731.2353,880.0,600.0,1.88235,17.0,669.0007495117187,592.9390002441406,-19.84021099881813,0.555,8.95,714638163968.0,24.37,47.11932,0.33788,0.43153998
GODREJPROP,GODREJ PROPERTIES LTD,Real Estate,Real Estate - Development,2020.0,2352.0,1434.0,37.977066,18.10486,3.1763103,,0.09969,-0.00479,82.119,-0.417,-0.417,0.165,0.30754998,-0.6225,0.42856,-0.09402,0.5,608477511680.0,1.274,0.178,-49161125888.0,279.465,635.958,2326.2173,3000.0,1525.0,1.95652,23.0,1874.5045007324215,1996.6199951171875,-1.0676877415414343,0.478,-139.284,681371697152.0,53.19,111.57225,0.57581,0.23802
MOTILALOFS,MOTILAL OSWAL FIN LTD,Financial Services,Capital Markets,973.4000244140624,1097.0999755859375,614.9000244140625,30.211048,16.494036,4.5456667,3.472534252873564,0.1555,0.04835,165.8,0.087,0.096,0.239,0.22963,0.51267,0.629,0.0,1.17,586129619308.8475,1.146,0.777,-61597100000.0,87.434,214.138,1120.8,1250.0,1024.0,,5.0,847.6492517089844,925.6050036621094,1.3694375854269802,0.334,19.304899029623964,729776848896.0,32.22,59.01527,0.52762,0.29011
APARINDS,APAR INDUSTRIES LTD.,Industrials,Electrical Equipment & Parts,16784.0,18465.0,6801.0,57.070965,44.631176,12.500753,0.7373509689922481,0.19742,0.08583,17.716,0.774,0.778,0.291,0.04844,0.108009994,0.21587999,0.08956,0.38,702785257472.0,1.448,0.79,-5932800000.0,193.23,1342.639,15160.625,15950.0,14230.0,2.0,8.0,11375.4625,15226.04,100.92176931824986,0.152,30.637,669205921792.0,294.09,376.06,0.55689,0.26364002
MRF,MRF LTD,Consumer Cyclical,Auto Parts,134000.0,163600.0,122000.0,23.484053,20.017405,2.7095356,,0.12258001,0.06516,15.288,-0.01,-0.01,0.096,0.075840004,0.06452,0.35834,0.14856,0.35,568313184256.0,1.645,0.984,23643299840.0,12327.95,49454.97,139208.3,165238.0,113936.0,3.09091,10.0,138389.075,131903.8,-9.940184152160755,0.148,11.532,546527838208.0,5706.0,6694.175,0.47884998,0.18243
HINDCOPPER,HINDUSTAN COPPER LTD,Basic Materials,Copper,560.0999755859375,760.0499877929688,226.6999969482422,47.62755,27.057968,16.220678,0.2941788140827671,0.30602,0.19920999,3.319,1.619,1.625,0.814,0.32494,0.48891997,0.91080004,0.50195,0.44,541630079943.01733,1.679,1.118,8647058432.0,8.364,34.53,715.0,715.0,715.0,1.0,1.0,502.8889993286133,507.0629992675781,132.82203040010918,1.513,30.192,530135023616.0,11.76,20.7,0.66142,0.07316
COROMANDEL,COROMANDEL INTERNTL. LTD,Basic Materials,Agricultural Inputs,2004.800048828125,2500.0,1706.5,32.252254,20.74885,4.701457,,0.15587,0.08212,11.469,-0.245,-0.246,0.159,0.05619,0.067719996,0.23989001,0.1005,0.54,590406891563.7191,1.514,0.63,-12960624640.0,77.91,426.421,2333.6667,2951.0,2067.0,1.55556,9.0,2107.540503540039,2037.8460131835936,-17.129625938650182,0.143,18.253,598080815104.0,62.16,96.62222,0.59559,0.26136
RVNL,RAIL VIKAS NIGAM LIMITED,Industrials,Engineering & Construction,227.8999938964844,400.7000122070313,220.16000366210935,52.87703,41.436363,4.822974,3.128818343195266,0.08981,0.021659998,49.078,0.169,0.185,0.106,0.0432,0.040310003,0.06396,0.04323,1.53,475176062538.0473,1.905,0.958,-28441387008.0,3.049,47.253,165.0,165.0,165.0,5.0,1.0,284.41289962768553,231.7053994750977,-31.106408008964127,0.835,56.407,507792392192.0,4.31,5.5,0.72841,0.08528
APLAPOLLO,APL APOLLO TUBES LTD,Basic Materials,Steel,2140.0,2301.39990234375,1578.0,48.252537,33.674076,11.220284,4.386594272727272,0.25314,0.11951999,9.396,0.11,0.109,0.085,0.052259997,0.06276,0.15608,0.07843,0.4,594188959744.0,1.343,0.431,4022762496.0,31.931,190.726,2253.2856,2810.0,1510.0,1.42857,21.0,1923.570997314453,1879.33400390625,31.425409066353673,0.301,31.718,585003237376.0,44.35,63.55037,0.3691,0.52823
KEI,KEI INDUSTRIES LTD.,Industrials,Electrical Equipment & Parts,5675.0,5899.0,3728.699951171875,55.495792,38.679436,8.139981,1.3873948,0.14753,0.08785,3.796,0.4,0.4,0.23,0.08076,0.1153,0.23875,0.11071,0.08,542533353472.0,2.963,1.615,1708397440.0,158.25,697.176,5793.3335,6920.0,4500.0,2.3913,24.0,4722.223006591797,5314.163994140625,42.35902415769828,0.529,38.818,530436161536.0,103.96,146.7188,0.36005002,0.43927
PATANJALI,PATANJALI FOODS LIMITED,Consumer Defensive,Packaged Foods,352.29998779296875,615.0,328.20001220703125,19.453339,19.30411,2.9243793,0.4238200217864923,0.14832,0.0548,21.295,0.459,0.461,0.147,0.04517,0.0344,0.13033,0.04364,0.99,383259986976.2191,2.143,0.624,-23969753088.0,7.251,120.47,532.5,580.0,490.0,1.25,4.0,475.6960011291504,380.26900085449216,-41.730069133472355,-0.175,22.971,402660163584.0,18.11,18.25,0.69499,0.17132999
NLCINDIA,NLC INDIA LIMITED,Utilities,Utilities - Regulated Electric,272.04998779296875,387.7999877929687,222.0,11.454737,10.038745,1.7524251,,0.15966,0.03261,82.0,-0.127,-0.206,-0.003,0.17458001,0.28304002,0.80471003,0.3332,2.69,377234472417.2836,0.803,0.396,-50999349248.0,3.012,155.242,390.0,390.0,390.0,1.0,1.0,282.1938497924805,301.9739990234375,15.031707312037534,0.511,7.992,489478455296.0,23.75,27.1,0.72523004,0.14488
PREMIERENE,PREMIER ENERGIES LIMITED,Technology,Solar,1040.0,1134.0,666.9000244140625,27.90448,21.039412,10.876727,0.5264996226415094,0.42333,0.13603,86.005,0.53,0.504,0.353,0.19667,0.25125,0.39494,0.30656,0.15,469504393216.0,1.833,1.086,-11239004160.0,56.265,95.617,1143.6666,1340.0,814.0,2.11111,18.0,935.9807507324218,1046.8039990234374,0.2409638554216941,0.7803,17.576,456177844224.0,37.27,49.43104,0.67403,0.19809
RADICO,RADICO KHAITAN LTD,Consumer Defensive,Beverages - Wineries & Distilleries,4696.0,4747.0,2500.0,89.27757,58.9029,18.9637,1.4376420289855072,0.2778,0.1215879493769106,20.939,0.621,0.623,0.195,0.08838,0.14869,0.43353,0.15494001,0.15,629181382656.0,1.9211727029595145,1.0577202794208578,4980439000.0,4.026,247.631,4675.45,5285.0,3700.0,1.45,20.0,3353.2629943847655,4147.58599609375,65.73142756308452,0.244,40.276,365108363264.0,52.6,79.72443,0.44202,0.29572
SUNDARMFIN,SUNDARAM FINANCE LTD,Financial Services,Credit Services,4503.39990234375,5642.0,4000.0,22.362696,20.338722,3.3594525,0.6616182248520709,0.14659001,0.02555,409.161,0.338,0.339,0.268,0.4609,0.6055,0.89157,0.0,0.89,496353760756.56616,4.536,4.466,-59546400000.0,221.35,1340.516,5105.3335,5880.0,4765.0,2.22222,9.0,4798.993503417969,4532.518017578125,-12.14764018356197,0.186,,1083109408768.0,201.38,221.42,0.0,0.16173
SUPREMEIND,SUPREME INDUSTRIES LTD,Industrials,Building Products & Equipment,3650.0,4664.89990234375,3140.0,44.934135,34.959324,7.515685,1.1610887596899224,0.16128999,0.0959,1.473,0.387,0.388,0.042,0.09115,0.10142,0.32692,0.14239,1.0,463848538112.0,2.2,0.889,1114837504.0,51.079,485.651,3948.0344,4661.0,3150.0,1.96552,29.0,3577.8014868164064,3434.21998046875,-19.631849535065214,0.182,28.088,452986994688.0,81.23,104.40706,0.51687,0.32472
360ONE,360 ONE WAM LIMITED,Financial Services,Asset Management,1203.0,1236.199951171875,906.0499877929688,39.966778,29.371185,4.96015,3.1224045312499995,0.1352,0.0447099132947445,161.977,0.128,0.161,0.299,0.26455998,0.6107,0.72869,0.6328,1.52,489487695872.0,13.02205896239778,13.02205896239778,-30187400000.0,36.442,242.533,1310.1,1521.0,1200.0,1.18182,10.0,1106.5962524414062,1129.96400390625,9.076069758826756,0.47,20.686,624436510720.0,30.1,40.95851,0.15213999,0.66799
BDL,BHARAT DYNAMICS LIMITED,Industrials,Aerospace & Defense,1317.0,1654.0,1086.0,93.00848,42.42807,11.374727,,0.1019,0.00709,0.007,-0.584,-0.585,-0.73,0.17214,0.073709995,0.49935,0.091479994,0.37,482762817536.0,2.01,0.825,464776864.0,128.57,115.783,1324.7693,1610.0,1050.0,2.84615,13.0,1358.001000366211,1313.642001953125,-13.893429225237009,0.326,208.168,464976576512.0,14.16,31.04077,0.74926,0.1158
PIRAMALFIN,PIRAMAL FINANCE LIMITED,Financial Services,Credit Services,2128.10009765625,2220.0,1260.0,28.572771,14.609871,1.7091087,0.0005649583984181,0.05448,0.01466,285.784,505.75,3.967,0.304,0.32564,0.14529,0.98622,0.0,0.53,480961123894.7944,42.538,40.927,-160087500000.0,414.107,1245.152,2277.0,2800.0,1200.0,1.9,10.0,1844.7873775597775,2104.466008300781,60.8541268069728,0.2859,52.858062750736615,1177587286016.0,74.48,145.6618,0.48632,0.24982001
MPHASIS,MPHASIS LIMITED,Technology,Information Technology Services,2430.0,3037.199951171875,2013.0,24.32676,19.164713,4.0905166,2.4,0.17743999,0.09043,24.675,0.107,0.108,0.175,0.115559995,0.14783,0.44451,0.17132,2.56,463685451776.0,1.459,1.265,3941232384.0,175.976,594.057,2589.7837,3200.0,1720.0,1.91667,37.0,2468.710502319336,2351.3139990234376,-14.300828777993305,0.485,16.142,457153609728.0,99.89,126.79554,0.31203,0.57352
ANTHEM,ANTHEM BIOSCIENCES LTD,Healthcare,Biotechnology,874.5,904.0,579.1500244140625,86.2426,57.276882,16.145111,,0.21708,0.14199,1.772,-0.128,-0.117,-0.226,0.28691998,0.28832,0.61659,0.40193,0.23,491218763776.0,5.536,4.704,5548603904.0,16.708,54.165,884.4286,941.0,830.0,1.42857,7.0,715.4612521362304,797.9570043945313,3.995715853302517,0.6585,60.304,486529728512.0,10.14,15.26794,0.84134,0.12734
BALKRISIND,BALKRISHNA IND. LTD,Consumer Cyclical,Auto Parts,2378.0,2775.0,1970.0,32.732277,23.644964,4.1962237,,0.1452999999999999,0.0699693915572931,35.269,-0.15,-0.15,0.069,0.1233,0.16359,0.50171,0.20881,0.75,459708268544.0,1.012865002947534,0.657496561210454,-7539700000.0,73.764,566.7,2399.158,3028.0,1875.0,3.16667,19.0,2293.655502319336,2247.7019897460937,-1.7801865233896377,0.321,19.521,433821974528.0,72.65,100.5711,0.58559,0.30794
PAGEIND,PAGE INDUSTRIES LTD,Consumer Cyclical,Apparel Manufacturing,35505.0,47310.0,29805.0,52.47484,40.85172,26.35556,,0.525,0.23868,18.422,-0.04,-0.04,0.079,0.14126,0.18332,0.57983,0.20616,2.27,396018286592.0,1.725,0.567,5195806208.0,382.155,1347.154,41726.652,47700.0,31500.0,2.38462,26.0,36816.05,39855.0,-21.769307039770847,0.052,35.496,391568130048.0,676.61,869.1189,0.4643,0.43938
ASTRAL,ASTRAL LIMITED,Industrials,Building Products & Equipment,1532.0,1768.699951171875,1311.5999755859375,71.355385,45.49381,10.142471,1.4865705208333333,0.13798,0.088599995,6.168,0.48,0.48,0.159,0.084809996,0.09873,0.39638,0.15875,0.26,411572076544.0,1.762,0.947,4749000192.0,35.161,151.048,1733.138,1950.0,1450.0,1.55172,29.0,1507.4129986572266,1450.1320043945314,9.915335509427647,0.166,37.886,408094638080.0,21.47,33.67491,0.85843,0.28815
M&MFIN,M&M FIN. SERVICES LTD,Financial Services,Credit Services,382.4500122070313,415.0,253.0500030517578,16.309168,12.547515,1.9943577,0.25483075,0.11856,0.0189,429.851,0.64,0.754,0.367,0.30887,0.43799,0.86336,0.0,1.93,531446350402.6931,2.277,2.163,-131884500000.0,15.431,191.766,391.72726,450.0,270.0,1.90909,33.0,340.7999998474121,349.08599975585935,43.10571083518475,0.343,,1667655008256.0,23.45,30.48014,0.53650004,0.37733
PIIND,PI INDUSTRIES LTD,Basic Materials,Agricultural Inputs,2482.5,3917.800048828125,2457.0,32.282185,23.375708,3.3534608,,0.123509996,0.06284,3.048,-0.389,-0.39,-0.104,0.17879999,0.15491,0.57629,0.22759001,0.6,376610488320.0,4.218,3.281,-7165250048.0,230.887,740.28,2931.3845,5300.0,2010.0,2.84615,26.0,3017.084509277344,2677.6920166015625,-34.615993255525304,0.388,23.497,348419883008.0,76.4,106.2,0.46508,0.42505002
AIAENG,AIA ENGINEERING LIMITED,Industrials,Specialty Industrial Machinery,4357.60009765625,5180.0,3001.10009765625,32.16178,28.865055,5.0661936,,0.16951999,0.08731,0.128,-0.013,-0.013,0.124,0.27836,0.23876,0.54664004,0.27702,0.36,406652855193.3174,19.085,14.933,2381102080.0,469.814,860.133,4741.154,6000.0,3568.0,2.15385,13.0,4072.9005078125,4669.752001953125,40.72662999051349,0.263,29.005,365508788224.0,135.49,150.96455,0.58527,0.34722
VOLTAS,VOLTAS LTD,Consumer Cyclical,"Furnishings, Fixtures & Appliances",1219.5,1582.5,1186.800048828125,89.80118,37.64871,6.3284245,1.7269457692307693,0.057189997,0.028970001,15.51,0.52,0.522,0.187,0.02999,0.052249998,0.22229,0.053439997,0.33,403513933824.0,1.367,0.829,-1266587520.0,39.135,192.702,1360.1714,1580.0,1075.0,2.73529,35.0,1361.3920037841797,1307.8080029296875,-10.972407904110382,0.138,50.2,401875927040.0,13.58,32.39155,0.36661997,0.43539003
IRCTC,INDIAN RAIL TOUR CORP LTD,Consumer Cyclical,Travel Services,485.8999938964844,739.0,485.1499938964844,27.877222,21.691965,9.02204,,0.34959,0.14051,1.874,0.0,-0.002,0.181,0.25677,0.2733,0.35081002,0.30612,1.95,388719996141.1875,2.155,1.619,10057119744.0,35.87,53.857,629.5,800.0,468.0,2.11111,8.0,577.7577474975586,505.86499877929685,-33.54759494192854,0.171,21.831,362526834688.0,17.43,22.4,0.62397,0.1683
HUDCO,HSG & URBAN DEV CORPN LTD,Financial Services,Credit Services,186.0500030517578,246.8500061035156,159.0,8.759417,7.7520833,1.6943673,0.2509861604584527,0.202,0.027320001,645.775,0.349,0.35,0.098,0.90679,0.90609,0.99961,0.0,3.19,372453513181.31415,698.066,693.331,-339338000000.0,11.889,109.805,255.0,255.0,255.0,1.0,1.0,204.9658000946045,202.58760040283204,-13.218898464747596,0.837,,1772442091520.0,21.24,24.0,0.75,0.105059996
PETRONET,PETRONET LNG LIMITED,Energy,Oil & Gas Refining & Marketing,291.3999938964844,326.3999938964844,235.3500061035156,10.392296,10.273687,1.9610482,0.2960768091168091,0.18559,0.1027,10.507,0.351,0.351,-0.532,0.113199994,0.24001,0.18132,0.15622,3.47,437100010556.7262,5.67,5.023,18112536576.0,67.419,148.594,317.03226,412.0,240.0,2.29032,31.0,279.3373496246338,280.3929998779297,4.01570595934293,0.45,6.105,354551529472.0,28.04,28.36372,0.50181,0.287
AIIL,AUTHUM INVEST & INFRA LTD,Financial Services,Capital Markets,532.2999877929688,683.0,400.0,27.781837,,2.8045604,1.5875335428571429,0.131,0.10932,24.59,0.175,0.178,0.141,0.82054,0.92406,0.9786,0.0,0.04,452042708865.47815,3.379,3.319,11837700000.0,5.72,189.798,,,,,,520.3548008728027,542.4200006103515,-6.960079644841355,-0.018,22.198045727225157,500283146240.0,19.16,,0.8307,0.0708
JKCEMENT,JK CEMENT LIMITED,Basic Materials,Building Materials,5266.0,7565.5,4671.5,43.77754,27.037481,5.7820096,0.94,0.15032,0.06183,87.522,-0.145,-0.173,0.28,0.06559,0.1193,0.6285,0.1611,0.38,406894608384.0,0.933,0.473,-7735050240.0,136.341,910.756,6262.4644,7400.0,4200.0,1.68966,28.0,5490.695,5445.1,-30.149887252951324,0.412,19.795,459718787072.0,120.29,194.76666,0.54268,0.37757
FLUOROCHEM,GUJARAT FLUOROCHEM LTD,Basic Materials,Specialty Chemicals,4682.7001953125,4958.89990234375,2916.60009765625,83.91936,42.603283,6.7212286,4.113694117647059,0.07547,0.046409998,28.94,0.204,0.201,0.24,0.11635,0.19709998,0.52367,0.24229,0.06,514394641359.0792,1.722,0.732,-4790550016.0,54.03,696.703,4715.8823,5800.0,3000.0,2.11765,17.0,3641.0530029296874,4214.152006835938,37.02523348528719,-0.005,41.346,531228426240.0,55.8,109.91407,0.66445,0.14819999
IPCALAB,IPCA LABORATORIES LTD,Healthcare,Drug Manufacturers - Specialty & Generic,1900.0999755859375,1945.0999755859375,1251.5999755859375,36.83078,27.02528,5.978109,0.5087124309392266,0.13217,0.084180005,8.492,0.724,0.723,0.208,0.12935,0.20039,0.67734003,0.22271,0.32,482063378382.0494,2.764,1.48,7901250048.0,47.125,317.843,1972.2778,2190.0,1731.0,1.47059,18.0,1551.0895007324218,1739.8699975585937,38.6529437926971,0.035,21.892,493711032320.0,51.59,70.30824,0.45058,0.45484
COCHINSHIP,COCHIN SHIPYARD LIMITED,Industrials,Aerospace & Defense,1489.0,1979.9000244140625,1187.0,57.62384,33.310963,6.669922,,0.12517,0.0305,28.466,-0.038,-0.037,-0.156,0.14272,0.18714,0.34959,0.16157,0.89,391727284224.0,1.331,0.354,10641648640.0,91.457,223.241,1461.5,1750.0,860.0,2.75,4.0,1524.706499633789,1449.195998535156,-13.117052306180089,0.582,47.615,386339274752.0,25.84,44.7,0.63335,0.07384
NH,NARAYANA HRUDAYALAYA LTD.,Healthcare,Medical Care Facilities,1799.300048828125,2093.300048828125,1589.0,44.58127,25.886364,8.054163,8.255790740740741,0.19845,0.07402,129.033,0.054,0.054,0.804,0.08984,0.12839,0.39834,0.17959999,0.25,365437560508.9846,2.152,1.751,2870186240.0,125.197,223.4,2194.1428,2559.0,1700.0,1.71429,14.0,1858.2569982910156,1940.88400390625,-2.16409805264296,0.176,27.527,445468311552.0,40.36,69.50764,0.67233,0.12946999
ENDURANCE,ENDURANCE TECHNO. LTD.,Consumer Cyclical,Auto Parts,3001.699951171875,3079.89990234375,2142.800048828125,43.47769,29.182438,6.1721845,5.43471125,0.15156999,0.07412,19.393,0.08,0.08,0.3,0.0622,0.07275,0.4143,0.12895,0.38,422227666219.6968,1.553,1.102,1535684992.0,134.319,486.327,3157.25,3740.0,2700.0,1.6875,16.0,2586.851003417969,2755.7440087890627,5.0390174777078744,0.723,20.628,414757879808.0,69.04,102.85981,0.75001,0.19926001
SONACOMS,SONA BLW PRECISION FRGS L,Consumer Cyclical,Auto Parts,821.9000244140625,844.0,402.2999877929687,73.383934,48.847202,8.542594,1.6565222121896164,0.106850006,0.07085,7.213,0.443,0.447,0.524,0.14212,0.16643,0.49922,0.22680001,0.44,512775732095.705,3.4,2.534,-3184219904.0,19.762,96.212,764.94446,900.0,550.0,2.22222,18.0,569.3562477111816,704.0279992675781,82.5025010047727,0.449,45.536,505717227520.0,11.2,16.82594,0.27923,0.68474
ASTERDM,ASTER DM QUALITY CARE LTD,Healthcare,Medical Care Facilities,765.6500244140625,891.2999877929688,519.0999755859375,124.29384,39.324444,8.62267,,0.10067,0.05408,45.921,-0.814,-0.812,0.216,0.065359995,0.1488,0.58616,0.19906999,0.5,667396035361.0658,1.989,1.669,13466349568.0,25.61,88.795,931.5455,1090.0,855.0,1.72727,11.0,695.2840002441407,805.0860046386719,24.58710269668034,-0.059,43.894,426062512128.0,6.16,19.47008,0.70847,0.20247999
GLAXO,GLAXOSMITHKLINE PHARMA LT,Healthcare,Drug Manufacturers - General,2999.699951171875,3054.89990234375,2088.10009765625,47.56144,38.031063,22.411745,3.029391082802548,0.49113,0.18495001,1.467,0.157,0.157,0.166,0.27008,0.29801,0.64199996,0.33630002,1.88,508167249840.2214,2.027,1.722,7293385216.0,162.733,133.845,3081.0,3500.0,2870.0,1.75,4.0,2453.775499267578,2501.3319921875,7.852439453117288,0.057,36.575,486471598080.0,63.07,78.875,0.75626,0.092489995
IREDA,INDIAN RENEWABLE ENERGY,Financial Services,Credit Services,114.9000015258789,163.35000610351562,108.6500015258789,16.344238,11.664974,2.3414576,0.4952799393939394,0.2007,0.0199770019295822,565.671,0.33,0.371,0.237,0.45951,0.85359,0.9928,0.0,1.05,322780696766.547,89.346,89.346,-144920100000.0,5.525,49.072,145.0,150.0,140.0,2.0,2.0,128.88814979553223,122.56440002441406,-22.771876281351645,1.372,33.994109114748255,1084306423808.0,7.03,9.85,0.71757007,0.042859998
GODREJIND,GODREJ INDUSTRIES LTD,Industrials,Conglomerates,1223.4000244140625,1443.0,744.2000122070312,34.99428,,3.6867278,,0.10832,0.03199,222.411,-0.186,-0.186,-0.047,0.04761,0.081,0.40589002,0.15349,0.0,412103581727.9025,1.094,0.167,-45842325504.0,333.365,331.839,,,,,,1061.890247497559,1246.1099975585937,-5.03026930709507,0.635,24.636,933670879232.0,34.96,,0.87194,0.06707
GLAND,GLAND PHARMA LIMITED,Healthcare,Drug Manufacturers - Specialty & Generic,2820.0,3039.800048828125,1573.5999755859375,41.179905,29.246473,4.4855676,0.8780363539445629,0.10532,0.06351,2.738,0.469,0.471,0.196,0.16784,0.21003,0.59157,0.2558,0.7,465205985280.0,4.68,3.31,5041477632.0,203.883,628.683,2771.7144,3350.0,1940.0,2.28571,14.0,1992.8670025634765,2502.21400390625,45.09158445270376,0.566,25.423,437367275520.0,68.48,96.42188,0.51765996,0.32626
3MINDIA,3M INDIA LIMITED,Industrials,Conglomerates,33550.0,38030.0,28730.0,65.446815,43.256836,21.375063,0.3265809131736527,0.289,0.19415002,9.6,2.004,2.017,0.168,0.10262,0.19530001,0.41862,0.19649,0.44,377943097344.0,2.182,1.419,4872312320.0,720.936,1569.586,37500.0,37500.0,37500.0,2.0,1.0,34061.875,34650.2,8.558485681928495,0.273,40.093,400977362944.0,512.63,775.6,0.7648,0.09511
ATHERENERG,ATHER ENERGY LIMITED,Consumer Cyclical,Auto Manufacturers,1449.5999755859375,1580.0,407.7000122070313,,554.8347,21.562445,,-0.33740002,-0.10785,25.819,,,0.888,-0.0919,-0.059359998,0.20903,-0.09241,0.0,579781253595.3643,2.419,1.855,-3544962560.0,65.043,67.228,1466.4,1714.0,1010.0,1.4,10.0,881.2074987792969,1234.7169970703126,247.917915953717,0.6037,-135.681,532112539648.0,-10.07,2.61267,0.55139,0.24204001
KALYANKJIL,KALYAN JEWELLERS IND LTD,Consumer Cyclical,Luxury Goods,596.0,648.9500122070312,327.04998779296875,42.97044,31.261751,9.744772,1.3598240506329111,0.24305001,0.072129995,96.966,0.316,0.32,0.457,0.036730003,0.04887,0.12697,0.060760003,0.42,615519551488.0,1.299,0.137,-5156782592.0,8.346,61.161,720.5,830.0,600.0,1.2,10.0,445.7409989929199,502.8829962158203,16.725419677956488,-0.216,28.083,666544766976.0,13.87,19.06483,0.62861997,0.19650999
AJANTPHARM,AJANTA PHARMA LIMITED,Healthcare,Drug Manufacturers - Specialty & Generic,3658.60009765625,3796.0,2329.89990234375,40.217655,31.380627,10.096756,1.3057680194805197,0.25393,0.14825,5.874,0.308,0.309,0.248,0.19648,0.25195998,0.77218,0.26920998,1.73,457175117739.0302,2.638,1.779,8675000.0,53.076,362.354,3761.0,4131.0,3109.0,1.5,14.0,2964.4979931640623,3389.60998046875,36.32671923918587,0.216,29.456,458027433984.0,90.97,116.58786,0.54297,0.24481001
NAVINFLUOR,NAVIN FLUORINE INT. LTD,Basic Materials,Chemicals,8256.0,8775.5,4498.5,53.624317,41.222466,10.645362,0.5314600297324084,0.20105,0.10528,32.091,1.009,1.077,0.441,0.21733,0.30179,0.56749,0.33792,0.18,423532953600.0,2.608,1.939,431175008.0,254.261,775.549,8123.793,9635.0,4700.0,2.07143,29.0,6653.8925,7729.86,64.77397465322822,0.239,34.526,423934361600.0,153.96,200.27914,0.29343998,0.40909
LTTS,L&T TECHNOLOGY SER. LTD.,Technology,Information Technology Services,3579.10009765625,4726.0,3010.0,29.643036,22.046183,5.861199,2.3158621874999996,0.2319,0.1219574979263793,8.911,0.128,0.13,0.026,0.11684,0.15689999,0.40757,0.16532,1.64,379662149751.1352,2.2766720237359377,2.274879465941402,12700000000.0,290.42,610.643,3544.6667,4150.0,2950.0,2.73333,30.0,3702.02,3403.3459912109374,-15.459655728048938,0.154,18.766,350524833792.0,120.74,162.34557,0.73563004,0.13209
WELCORP,WELSPUN CORP LIMITED,Basic Materials,Steel,2005.199951171875,2017.5,710.0,22.879963,20.322971,5.7773924,0.1153805496722138,0.18915,0.06908,25.042,1.983,1.986,0.149,0.13348,0.13912,0.38401002,0.13972001,0.25,528779103667.8316,1.33,0.677,1865650048.0,142.679,347.077,1956.5,2233.0,1794.0,1.0,6.0,1119.709252319336,1626.660009765625,129.76967149350514,0.473,21.063,509116547072.0,87.64,98.66667,0.49845,0.27933002
GODFRYPHLP,GODFREY PHILLIPS INDIA LT,Consumer Defensive,Tobacco,2103.10009765625,3947.0,1832.0999755859375,23.988823,18.76093,5.280284,0.27,0.26593,0.11974,3.757,-0.443,-0.443,-0.189,0.22389999,0.12206,0.43605998,0.2343,2.36,328045280128.595,2.437,0.831,448896512.0,38.366,398.293,,,,,,2301.3410052490235,2176.552001953125,-42.97450928263964,0.33,22.819,326695092224.0,87.67,112.1,0.73544,0.115930006
CONCOR,CONTAINER CORP OF IND LTD,Industrials,Railroads,519.0,569.7999877929688,421.4500122070313,31.723715,22.246035,3.0541627,52.87285833333333,0.097559996,0.05625,7.39,0.006,0.001,0.003,0.13670999,0.13638,0.39472,0.22205,1.24,395279695872.0,3.921,3.27,1420412544.0,46.151,169.932,563.26666,667.0,470.0,2.13333,15.0,495.8284996032715,491.33299926757815,-6.905829596412561,0.228,18.07,364534792192.0,16.36,23.33,0.57878,0.41301
TATAINVEST,TATA INVESTMENT CORP LTD,Financial Services,Asset Management,649.3499755859375,1184.699951171875,538.8499755859375,76.4841,,1.1243241,,0.01438,0.00662,0.007,-0.018,-0.019,0.041,1.05248,0.91651,0.9999,0.89442,0.52,328540540863.6329,595.052,594.621,2590073856.0,641.465,577.547,,,,,,676.8762509155273,669.6890014648437,-6.426981171057012,0.314,1.585,5804699648.0,8.49,,0.73817,0.01937
UBL,UNITED BREWERIES LTD,Consumer Defensive,Beverages - Brewers,1338.5,1933.0,1276.0,89.832214,47.94487,7.824923,,0.09292,0.03723,29.076,-0.095,-0.095,0.071,0.0419,0.06418,0.42068002,0.07534,0.74,353906294784.0,1.237,0.699,1226612480.0,17.543,171.056,1482.1111,2100.0,1150.0,3.27778,18.0,1504.856497192383,1369.822001953125,-30.485588158919764,-0.03,51.562,366800404480.0,14.9,27.91748,0.72827005,0.20683001
JBCHEPHARM,J B CHEMICALS AND PHARMA,Healthcare,Drug Manufacturers - Specialty & Generic,2408.89990234375,2525.5,1638.5,54.221275,32.781635,9.3268795,,0.18688999,0.1248,0.086,-0.31,-0.304,-0.048,0.17105,0.16476,0.67767,0.26295,0.77,386769862914.237,4.921,3.45,5064771072.0,76.069,259.047,2328.1428,2744.0,1900.0,1.66667,7.0,1990.987496337891,2271.083984375,39.40392953378182,0.015,34.345,374592274432.0,44.56,73.70286,0.49225,0.30805
CPPLUS,ADITYA INFOTECH LIMITED,Industrials,Building Products & Equipment,3468.60009765625,4094.0,1086.1500244140625,85.370415,46.00265,21.770185,0.2811011359894633,0.25425,0.08958,9.604,3.037,3.325,0.895,0.09774,0.13607,0.30196,0.14214,0.05,410336898336.7768,1.533,0.877,-285322496.0,24.457,159.328,3941.2,4517.0,3100.0,1.2,5.0,2285.0655041503906,3553.817998046875,183.44025312819207,0.6406,55.936,388239392768.0,40.63,75.4,0.768,0.15031
DELHIVERY,DELHIVERY LIMITED,Industrials,Integrated Freight & Logistics,450.1000061035156,524.0,374.4500122070313,368.93442,40.863094,3.4679365,,0.01596,-0.00279,15.098,-0.65,-0.65,0.278,0.00839,-0.01606,0.84918,0.025090002,0.0,337200026076.5519,2.588,1.744,-2219881216.0,26.718,129.789,550.15,610.0,450.0,1.5,20.0,442.4697505187988,477.60899963378904,-4.457652245367538,0.174,117.527,328700788736.0,1.22,11.01483,0.19864,0.57048
BANDHANBNK,BANDHAN BANK LIMITED,Financial Services,Banks - Regional,174.16000366210938,220.7599945068359,134.25,20.758045,8.4604435,1.0955939,0.5999434971098266,0.04877,0.0060799997,55.92520374930622,0.346,0.349,0.216,0.13617,0.23771,0.0,0.0,0.89,280591210252.0671,,,6139053000.0,81.376,158.964,200.73914,240.0,130.0,2.65217,23.0,173.06105003356933,192.25279937744145,-0.0688519153247524,0.805,,284694773760.0,8.39,20.58521,0.41349998,0.39852002
POONAWALLA,POONAWALLA FINCORP LTD,Financial Services,Credit Services,494.0499877929687,570.4000244140625,361.2000122070313,52.17001,20.121784,3.8575351,0.1548071513353115,0.0982,0.0089894802789242,468.058,3.37,3.916,1.003,0.22666,0.38981998,0.99867994,0.0,0.0,432630748734.5209,1.1692789159779715,1.1692789159779715,-218926100000.0,7.751,128.074,531.7778,663.0,365.0,2.0,9.0,442.26150039672854,461.0400006103516,6.752377014750399,0.318,107.55341727248128,876675727360.0,9.57,24.55299,0.61691004,0.19914
KPRMILL,KPR MILL LTD.,Consumer Cyclical,Textile Manufacturing,1153.199951171875,1334.0,796.0999755859375,43.20719,31.484737,6.918356,2.0096367441860465,0.16197,0.10488,10.463,0.215,0.216,0.096,0.13378,0.16448,0.38662997,0.19830999,0.44,394996989611.26605,4.372,2.268,5617687552.0,41.832,166.687,1203.0,1380.0,1021.0,1.45455,11.0,982.1522494506836,1111.851005859375,12.859655994195386,0.283,27.847,376613437440.0,26.69,36.62727,0.6754,0.22564
WOCKPHARMA,WOCKHARDT LIMITED,Healthcare,Drug Manufacturers - Specialty & Generic,1830.5999755859375,2422.300048828125,1086.699951171875,72.64285,,6.0131063,,0.04005,0.03007,42.284,,10.857142857142858,0.259,0.11196,0.14316,0.65152,0.20482999,0.0,297458167936.90594,1.663,0.802,-3992499968.0,41.848,304.435,,,,,,1550.550493774414,1919.6539916992188,23.140051503392066,0.99,42.273,316310716416.0,25.2,,0.5102,0.13871999
EXIDEIND,EXIDE INDUSTRIES LTD,Consumer Cyclical,Auto Parts,464.1000061035156,496.3999938964844,287.0,42.813652,25.065296,2.83704,1.512849893992933,0.06172,0.03793,11.308,0.283,0.284,0.177,0.04948,0.08672,0.3141,0.10298,0.44,394485011523.9883,1.224,0.494,12120675328.0,12.73,163.586,438.1875,524.0,325.0,2.625,16.0,369.02875,430.1630010986328,17.108256472106277,0.552,20.411,395772493824.0,10.84,18.51564,0.50942004,0.24493
DALBHARAT,DALMIA BHARAT LIMITED,Basic Materials,Building Materials,1897.0,2496.300048828125,1605.0,38.031273,25.930658,1.9790453,,0.06501,0.03376,40.987,-0.521,-0.522,0.07,0.062030002,0.11414,0.61489,0.1895,0.53,356121542656.0,1.544,1.167,8406249984.0,283.687,958.543,2148.2727,2500.0,1800.0,1.72727,33.0,1925.3179931640625,1787.1259912109374,-19.083770729408155,0.184,13.114,374196174848.0,49.88,73.15665,0.61174,0.24539
BLUESTARCO,BLUE STAR LIMITED,Industrials,Building Products & Equipment,1510.0,2040.0,1450.0,60.911655,39.12579,9.047172,,0.16222,0.05525,23.588,-0.151,-0.153,0.133,0.03979,0.03503,0.21934,0.06514,0.57,310444883968.0,1.313,0.791,-3236612608.0,40.537,166.903,1650.84,2021.0,1132.0,2.56,25.0,1736.5774975585937,1625.407998046875,-21.656118041243342,0.172,36.797,306781618176.0,24.79,38.59347,0.60664004,0.33938998
ITCHOTELS,ITC HOTELS LIMITED,Consumer Cyclical,Resorts & Casinos,166.1199951171875,253.6699981689453,137.3000030517578,40.028915,28.510721,2.9681776,1.1150115598885797,0.0700722776642631,0.060579520771488,0.634,0.359,0.354,0.148,0.20283002,0.20086999,0.61827,0.34530997,0.61,346024007749.2174,2.7673423289544075,1.7146338770900382,6995900000.0,7.641,55.967,212.5,235.0,189.0,1.21429,14.0,175.05629959106446,170.254599609375,-32.48252330912811,1.285,22.147,325777588224.0,4.15,5.82658,0.46352002,0.31823
EMCURE,EMCURE PHARMACEUTICALS L,Healthcare,Drug Manufacturers - Specialty & Generic,1881.4000244140625,2048.0,1260.0,35.278454,24.206247,7.205006,0.8419678758949882,0.19573,0.09621,30.567,0.419,0.421,0.228,0.104449995,0.15443,0.59433997,0.19668,0.19,356864234006.863,1.434,0.71,3112859904.0,7.778,261.124,2214.2856,2362.0,1900.0,1.42857,7.0,1611.3079962158204,1864.9659887695311,25.0515137530118,-0.056,19.566,372659224576.0,53.33,77.72374,0.81768,0.09426
MEDANTA,GLOBAL HEALTH LIMITED,Healthcare,Medical Care Facilities,1408.199951171875,1491.0,956.0,69.47212,41.75707,9.548996,,0.15032,0.081590004,29.869,-0.002,-0.002,0.265,0.11875,0.16700001,0.52789,0.2067,0.04,378409864382.96265,2.671,2.458,-2141885056.0,42.083,147.471,1583.7222,1799.0,1410.0,1.55556,18.0,1201.988249206543,1356.0960009765624,2.191578459497467,0.14,39.403,381447733248.0,20.27,33.72363,0.66386,0.24590999
UCOBANK,UCO BANK,Financial Services,Banks - Regional,25.809999465942383,34.20000076293945,22.219999313354492,11.471111,18.435715,0.95730865,1.3820615662650602,0.08541001,0.00735,55.06840735447284,0.083,0.08,0.53,0.21541001,0.60444,0.0,0.0,1.71,323645990359.15344,,,-111775507000.0,17.275,26.961,,,,,,27.473950061798096,26.51419994354248,-11.820980313321272,0.711,,354758197248.0,2.25,1.4,0.90950996,0.026199998
ESCORTS,ESCORTS KUBOTA LIMITED,Industrials,Farm & Heavy Construction Machinery,3092.10009765625,4180.0,2700.0,24.626474,22.250534,2.7959428,1.61,0.120220006,0.05386,1.309,-0.724,-0.724,0.283,0.11291,0.09024999,0.28816,0.11986,1.08,340215704056.86237,3.254,2.567,12034374656.0,601.487,1105.924,3330.2942,4000.0,2700.0,3.05263,17.0,3278.9475048828126,2976.803994140625,-14.688919915678024,0.289,18.806,276061847552.0,125.56,138.96745,0.76063,0.1263
HONAUT,HONEYWELL AUTOMATION IND,Industrials,Electrical Equipment & Parts,36715.0,41495.0,26220.0,59.064365,44.22961,7.273993,2.826046172248804,0.12352,0.058480002,2.476,0.209,0.209,0.018,0.117180005,0.13202,0.38952,0.131,0.3,324830789632.0,3.518,3.327,4685374976.0,4303.557,5047.434,39925.0,44000.0,37500.0,2.25,4.0,33845.325,38083.0,-3.849679193400546,0.513,45.867,282587627520.0,621.61,830.1,0.75163,0.1341
PGHH,P&G HYGIENE & HEALTH CARE,Consumer Defensive,Household & Personal Products,8248.0,14509.0,8220.0,33.8213,27.827261,35.536713,,1.14931,0.39823002,0.115,-0.343,-0.343,-0.049,0.18628,0.18000999,0.62208,0.25287,1.46,267736154112.0,1.223,0.867,7958600192.0,174.965,232.098,10834.0,12168.0,9500.0,2.0,2.0,10666.39,8787.31,-38.62181872302426,0.22,24.387,261768511488.0,243.87,296.4,0.70938003,0.14241
SCHNEIDER,SCHNEIDER ELECTRIC INFRA,Industrials,Electrical Equipment & Parts,1242.5999755859375,1548.0,571.8499755859375,162.43137,51.99163,38.317554,,0.31813,0.098950006,70.795,-0.698,-0.698,0.048,0.06292,0.03873,0.36296,0.115380004,0.0,297110661426.49927,1.73,1.206,548662528.0,14.958,32.429,1416.6666,1475.0,1375.0,1.0,3.0,1017.4975021362304,1351.1800024414065,48.051947296399966,0.461,89.585,301851541504.0,7.65,23.9,0.76943,0.06273
STARHEALTH,STAR HEALTH & AL INS CO L,Financial Services,Insurance - Life,575.5,624.9000244140625,416.5499877929687,50.660213,20.528395,3.3390965,0.4622282208029196,0.07507,0.025309999,6.2241598046408395,1.096,1.094,14.078,0.03619,0.13664,0.21954,0.0,0.0,338626215936.0,,,17953400000.0,24.53350456095688,172.352,644.04346,770.0,440.0,1.81818,23.0,505.2392510986328,581.1619995117187,31.90465645235909,0.197,,328890615936.0,11.36,28.03434,0.77398,0.24325001
HEXT,HEXAWARE TECHNOLOGIES LTD,Technology,Information Technology Services,544.2000122070312,829.4000244140625,400.2000122070313,24.963305,19.495125,4.944351,,0.21473,0.11841,10.18,-0.125,-0.132,0.179,0.09318,0.13739,0.40672,0.16155,2.58,331848817939.75006,1.432,1.121,14712625152.0,27.122,110.065,590.58826,730.0,440.0,2.52941,17.0,579.1812507629395,543.8590014648438,-29.67174711914926,0.9033,14.065,327668498432.0,21.8,27.91467,0.75198996,0.18456
ANGELONE,ANGEL ONE LIMITED,Financial Services,Capital Markets,289.5,360.4500122070313,208.6300048828125,26.104599,16.263332,4.310281,0.26104599,0.2206,0.0382825887324734,129.314,1.0,1.022,0.23,0.20698,0.24655001,0.84823,0.0,1.74,264512503808.0,1.2257599949464613,1.2257599949464613,-42225840000.0,4.171,67.165,371.72726,410.0,307.0,1.72727,11.0,284.3240007019043,321.30999938964845,6.402533919233178,0.29,19.02274786345964,339719749632.0,11.09,17.80078,0.49043,0.25489
ABSLAMC,ADIT BIRL SUN LIF AMC LTD,Financial Services,Asset Management,995.4000244140624,1224.9000244140625,708.0,28.669355,22.828398,7.1128454,2.5371110619469026,0.25103,0.18665001,1.577,0.113,0.117,0.106,0.47594002,0.65116,0.76512,0.62608004,2.54,288027450264.4164,17.466,17.029,8234925056.0,131.992,139.944,1149.5385,1290.0,1031.0,1.71429,13.0,939.1660006713868,1087.9639904785156,12.322276089240258,0.361,19.038,252305440768.0,34.72,43.60359,0.44804,0.44546002
HSCL,HIMADRI SPECIALITY CHEM L,Basic Materials,Specialty Chemicals,704.2000122070312,819.5,418.5,44.26147,34.184467,7.548828,1.7919623481781377,0.2371,0.1191390554722519,16.169,0.247,0.263,0.28,0.16066,0.2038,0.36823002,0.21452999,0.11,355321157647.353,2.284149256334549,1.6669335471613187,-677292000.0,6.909,93.286,720.0,720.0,720.0,3.0,1.0,553.2017520141602,717.64400390625,47.44556181065083,0.264,35.916,383269273600.0,15.91,20.6,0.59911996,0.06523
MANAPPURAM,MANAPPURAM FINANCE LTD,Financial Services,Credit Services,349.25,381.5499877929687,245.1499938964844,21.360855,11.597595,2.0439157,0.0740410918544194,0.06968,0.01605,360.191,2.885,3.224,0.801,0.30516002,0.52393,0.97553,0.0,1.18,328063156224.0,94.116,93.965,-204380630000.0,70.93,170.873,363.69232,435.0,274.0,2.46154,13.0,302.6815001678467,339.9580029296875,31.247648248507808,0.81,,831177818112.0,16.35,30.114,0.31912002,0.39828998
PWL,PHYSICSWALLAH LIMITED,Consumer Defensive,Education & Training Services,121.9499969482422,161.99000549316406,77.72000122070312,1742.1428,56.958565,7.7704854,,-0.00789,-0.00598,23.018,,-1.817139303211164,0.239,0.00497,-0.11691,0.32529998,0.11938,0.0,353764760939.15533,2.904,1.842,-13308515328.0,11.681,15.694,141.33333,150.0,132.0,1.66667,6.0,116.38460688566038,127.79659896850586,-21.44422015392662,0.8525,66.857,327736852480.0,0.07,2.14103,0.72525,0.20889999
GRSE,GARDEN REACH SHIP&ENG LTD,Industrials,Aerospace & Defense,2617.800048828125,3339.0,1963.699951171875,37.445286,29.46867,11.418178,0.8529677904328019,0.31791002,0.04445,1.424,0.439,0.438,0.385,0.10665,0.0748,0.18496001,0.11101,1.01,299874227673.3593,1.234,0.586,-2914869248.0,295.806,229.266,3069.2856,3500.0,2660.0,1.85714,7.0,2575.9375048828124,2654.802001953125,2.1062484972134365,0.691,32.24,268678217728.0,69.91,88.83333,0.745,0.0382
KIMS,KRISHNA INST OF MED SCI L,Healthcare,Medical Care Facilities,790.0,858.0,575.7999877929688,153.9961,46.849598,14.065699,,0.09724,0.048249997,166.226,-0.469,-0.472,0.353,0.048499998,0.10394,0.59316003,0.18052,0.0,316109750272.0,0.757,0.549,-11281750016.0,1.762,56.165,861.4375,1000.0,775.0,1.5,16.0,708.8877499389648,803.5690014648437,4.152933421226113,0.302,47.408,360504557568.0,5.13,16.86247,0.41736,0.41494
CHOLAHLDNG,CHOLAMANDALAM FIN HOL LTD,Financial Services,Credit Services,1574.199951171875,2064.0,1305.0,11.071881,8.241884,1.9127512,0.92265675,0.18035,0.022249999,623.156,0.12,0.12,0.168,0.115030006,0.35366002,0.75021005,0.0,0.08,295599266863.1788,2.288,2.224,-303929800000.0,541.922,823.003,2258.3333,2545.0,2000.0,1.0,3.0,1669.3979974365234,1594.0679931640625,-15.438334131026377,0.411,30.020405814507217,2493664722944.0,142.18,191.0,0.47050998,0.33286998
SJVN,SJVN LTD,Utilities,Utilities - Renewable,65.91000366210938,101.4499969482422,63.02000045776367,37.448868,13.717876,1.8203663,,0.04514,0.02949,226.528,-0.017,-0.012,0.52,0.12771,0.45679,0.89149004,0.70644,2.27,259012818999.34003,0.719,0.503,-62191661056.0,6.392,36.207,69.5,72.0,67.0,,2.0,73.86644989013672,70.01619979858398,-32.448494549287474,0.481,15.789,558266580992.0,1.76,4.80468,0.81848997,0.0574
LICHSGFIN,LIC HOUSING FINANCE LTD,Financial Services,Mortgage Finance,508.0499877929687,598.2000122070312,458.8999938964844,4.870111,4.644747,0.67464745,0.491930404040404,0.14409,0.01753,642.522,0.099,0.099,0.145,0.65177,0.82443,0.98489,0.0,2.01,279459489221.3641,27.056,27.002,-85558600000.0,24.515,753.06,589.88,710.0,440.0,2.52,25.0,535.2435011291504,535.9369995117188,-12.420270785254516,0.226,,2922087448576.0,104.32,109.38164,0.02342,0.75385004
ITI,ITI LTD,Technology,Communication Equipment,279.5,372.8500061035156,237.0,83.184525,,14.112597,,0.1659,-0.00081,40.144,,,-0.147,0.15359001,-0.025220001,0.1666,0.025290001,0.0,269117128704.0,0.931,0.461,1709293952.0,3.643,19.805,,,,,,291.6475001525879,289.3130010986328,-5.302386657671143,0.071,512.704,273692704768.0,3.36,,0.97900003,0.00066
CRISIL,CRISIL LTD,Financial Services,Financial Data & Stock Exchanges,4478.60009765625,5429.5,3686.0,37.00405,30.36855,10.011513,1.412368320610687,0.29052,0.14866,10.23,0.262,0.262,0.276,0.21434,0.24679,0.47004002,0.28408,0.89,327520099301.60315,1.868,1.402,5070512640.0,125.302,447.345,4958.0,5116.0,4800.0,2.5,2.0,4316.898503417969,4257.225986328125,-16.428436319159356,0.166,27.576,323217326080.0,121.03,147.47495,0.71884,0.15403
ANANDRATHI,ANAND RATHI WEALTH LTD,Financial Services,Asset Management,2171.10009765625,2230.0,1353.8499755859375,78.72009,64.51048,36.11578,1.1087336619718309,0.7906,0.2979538781580583,8.25,0.71,0.738,0.521,0.33193,0.48529997,0.57806,0.46083,0.32,360492220246.9679,3.829653358144109,3.829653358144109,2676276000.0,27.391,60.115,1615.0,1700.0,1530.0,4.0,2.0,1705.8182464599608,2034.306005859375,55.27822725473443,0.337,55.738,359921287168.0,27.58,33.655,0.29163998,0.31149
TATATECH,TATA TECHNOLOGIES LIMITED,Technology,Information Technology Services,823.9500122070312,891.0,507.3999938964844,60.01093,34.950455,8.525973,9.679182258064516,0.1457,0.05667,23.908,0.062,0.061,0.338,0.094,0.13259,0.24545,0.1397,1.03,334566429532.6876,1.532,1.292,5014349824.0,38.833,96.64,724.3333,1340.0,500.0,3.57143,15.0,664.1569985961914,761.5839978027344,19.58635881088988,0.833,39.076,323493101568.0,13.73,23.5748,0.60245997,0.07933
NUVAMA,NUVAMA WEALTH MANAGE LTD,Financial Services,Asset Management,1727.9000244140625,2066.0,1096.9000244140625,29.668612,20.584457,7.6304154,1.9018341025641023,0.27317,0.03309,282.325,0.156,0.158,0.225,0.28107,0.3721,0.90196,0.0,1.62,317269315970.8015,9.634,9.439,-30422100000.0,1333.027,226.449,2031.6666,2165.0,1800.0,1.66667,9.0,1486.3749981689452,1787.6839916992187,26.04128628216969,0.389,17.232674730264325,189391011840.0,58.24,83.94198,0.58526003,0.18627001
GODIGIT,GO DIGIT GENERAL INS LTD,Financial Services,Insurance - Property & Casualty,256.70001220703125,381.3999938964844,244.1999969482422,48.25188,28.546902,5.064515,,0.117089994,0.01909,7.469,-0.376,-0.375,0.086,0.04828,0.047399998,0.14884,0.06751,0.0,237318925333.3892,0.109,0.023,32373387264.0,3.181,50.686,337.22223,380.0,270.0,2.0,9.0,318.65850006103517,286.1659979248047,-29.32268623914388,0.229,33.923,233579282432.0,5.32,8.99222,0.74514,0.17626
JUBLFOOD,JUBILANT FOODWORKS LTD,Consumer Cyclical,Restaurants,507.2999877929687,667.75,408.5499877929687,89.31338,55.01972,14.555836,0.8646107204453487,0.16893,0.06421,2.655,1.0329895048490254,-0.184,0.203,0.04415,0.080299996,0.52591,0.14463,0.24,333638295715.74615,0.368,0.201,4785236480.0,1.794,34.852,562.7586,690.0,360.0,1.93103,29.0,492.7929998779297,444.4960015869141,-20.0094642023811,0.151,22.978,326685589504.0,5.68,9.22033,0.40721,0.45296
IKS,INVENTURUS KNOWLEDGE SO L,Healthcare,Health Information Services,1791.5999755859375,1933.0,1262.0,40.02681,26.279427,10.705004,1.4346526881720427,0.31441,0.16517,26.873,0.279,0.278,0.207,0.22817,0.29167998,0.49585,0.34467998,0.0,300554252288.359,1.35,1.212,8811014144.0,36.335,167.361,1960.625,2170.0,1680.0,1.75,8.0,1636.908500366211,1793.7919995117188,13.29201643649638,0.8178,26.45,305169858560.0,44.76,68.175,0.70976996,0.09937
KIRLOSENG,KIRLOSKAR OIL ENG LTD,Industrials,Specialty Industrial Machinery,2150.10009765625,2720.0,855.7999877929688,57.42789,37.687996,8.632617,,0.16819,0.07353,154.864,-0.199,-0.199,0.134,0.06868,0.12594,0.41307998,0.17106001,0.34,312882280322.9245,1.392,1.171,-3149675008.0,107.93,249.067,2471.0,2800.0,1645.0,1.5,6.0,1594.2655001831054,2229.0239892578124,123.68914589580172,0.742,25.115,341639757824.0,37.44,57.05,0.42834,0.30622998
METROBRAND,METRO BRANDS LIMITED,Consumer Cyclical,Apparel Retail,914.2999877929688,1340.4000244140625,883.0,61.403625,43.62189,12.49795,,0.22094,0.09463,77.476,-0.05,-0.048,0.147,0.13751,0.18002,0.57996,0.31623,0.65,249206485760.7864,2.89,1.26,1615712512.0,25.592,73.156,1200.0952,1375.0,1034.0,1.80952,21.0,1049.0117514038086,1016.6339990234376,-20.467988238520896,0.005,27.942,261175246848.0,14.89,20.95966,0.86161005,0.0996
KARURVYSYA,KARUR VYSYA BANK LTD,Financial Services,Banks - Regional,334.1000061035156,351.79998779296875,201.82000732421875,11.764085,10.141782,2.2891872,0.2614241111111111,0.19282,0.019609999,18.589340559560014,0.45,0.449,0.26,0.41307,0.56661,0.0,0.0,0.79,322963543820.06885,,,-7060900000.0,9.231,145.947,363.7,400.0,285.0,1.45,20.0,289.42124954223635,315.9819989013672,54.52689025083508,-0.126,,337312350208.0,28.4,32.94293,0.00488,0.42446998
CENTRALBK,CENTRAL BANK OF INDIA,Financial Services,Banks - Regional,31.06999969482422,40.91999816894531,29.31999969482422,6.1646824,,0.6874654,2.2016722857142854,0.115600005,0.00878,47.829896376951794,0.028,0.032,-0.032,0.27839002,0.39668998,0.0,0.0,4.49,281227031861.73157,,,23461200000.0,40.944,45.195,,,,,,35.052500057220456,31.868999977111816,-15.039650111833112,0.378,,198179340288.0,5.04,,0.81189,0.09422
ZFCVINDIA,ZF COM VE CTR SYS IND LTD,Consumer Cyclical,Auto Parts,2621.5,3044.0,2050.333251953125,2.9163098,39.376644,8.083864,0.0632605162689804,0.14979,0.081499994,1.4854844651132797,0.461,0.461,0.327,0.118599996,0.12878,0.41449,0.15617,0.15,298341138432.0,5.301,4.814,5713006080.0,16.846874119550492,324.288,2928.25,3060.0,2800.0,1.0,4.0,2419.763498535156,2490.98400390625,7.585495722846769,-0.022,35.768652808163246,296972101432.0,898.91,66.575,0.60268,0.28601998
GUJGASLTD,GUJARAT ENERGY LIMITED,,,266.1000061035156,299.45001220703125,261.25,961.91174,11.017719,1.6613413,29.50649509202454,0.12267999,0.06695,118.64,0.326,0.326,0.211,0.085489996,0.10338,0.20885,0.12923999,0.0,249663234803.69977,1.87,0.566,-40294338560.0,1.998,196.859,428.4643,600.0,270.0,2.46429,28.0,272.1895815531413,272.1895815531413,-5.082931938563384,0.502,9.555,291615801344.0,0.34,29.684,0.5148,0.25239
HFCL,HFCL LIMITED,Technology,Communication Equipment,223.8999938964844,234.3999938964844,59.81999969482422,58.155846,43.057693,6.7535367,0.7680658556435643,0.07266,0.04601,38.321,0.7571726509215941,,1.199,0.09554,0.18948999,0.37623,0.19203,0.04,342626032516.01154,1.991,0.808,-8480424960.0,3.322,33.153,150.0,150.0,150.0,,1.0,119.66445009231568,209.14039947509767,197.46247360449323,0.926,31.454,361993306112.0,3.85,5.2,0.34232,0.18450001
TVSHLTD,TVS HOLDINGS LIMITED,Consumer Cyclical,Auto Parts,13968.0,16297.0,11609.0,14.34926,,4.370768,0.1752046398046398,0.29418,-0.00155,289.853,0.819,0.819,0.357,0.03642,0.0023,0.29464,0.01727,0.62,282602012672.0,0.794,0.544,-37441687552.0,2584.526,3195.777,,,,,,14279.975,14122.0,14.210956663941122,0.326,71.469,667812233216.0,973.43,,0.75877,0.11467
TIMKEN,TIMKEN INDIA LTD.,Industrials,Tools & Accessories,3176.300048828125,3925.0,2800.5,56.158062,37.943176,8.197327,3.794463648648649,0.14407,0.09233,0.5,0.148,0.148,0.166,0.118389994,0.15506,0.38147,0.18266001,0.08,238917275224.78983,2.966,1.633,215702496.0,42.436,387.48,3982.0,4560.0,3600.0,1.625,7.0,3278.4360009765624,3325.70400390625,7.394507166306341,0.39,36.514,240045572096.0,56.56,83.71202,0.52395,0.33094
SHYAMMETL,SHYAM METALICS AND ENGY L,Basic Materials,Steel,996.7999877929688,1090.0,746.0,24.618423,14.758929,2.4645875,1.1892957971014493,0.08971,0.050100002,8.133,0.207,0.181,0.235,0.057350002,0.09275,0.28141,0.12818,0.55,277435904698.4591,0.997,0.197,-6276037632.0,19.098,404.449,1161.6666,1250.0,1014.0,1.22222,9.0,885.2549984741211,993.4639916992188,5.247599354680954,0.509,11.498,288646168576.0,40.49,67.53877,0.76024,0.13781
NBCC,NBCC (INDIA) LIMITED,Industrials,Engineering & Construction,88.25,125.8499984741211,77.18000030517578,32.090908,31.517859,7.9325843,1.96876736196319,0.25225002,0.042930003,0.008,0.163,0.172,-0.059,0.05691,0.09309,0.12389,0.08288,1.24,238275002368.0,1.177,0.897,9925125120.0,23.987,11.125,124.5,139.0,110.0,1.0,2.0,100.23379989624024,98.84540023803712,-16.263402114918268,0.689,16.055,173664288768.0,2.75,2.8,0.61754,0.15107
AMBER,AMBER ENTERPRISES (I) LTD,Consumer Cyclical,"Furnishings, Fixtures & Appliances",7275.0,8974.0,5400.5,278.73563,38.23523,5.8561864,,0.05583,0.035469998,46.566,-0.793,-0.786,0.127,0.0076099997,0.05243,0.19223,0.07912,0.0,256573014016.0,1.131,0.476,-24680867840.0,132.677,1242.276,8404.0,10659.0,6750.0,1.875,24.0,7230.295,7524.87,-1.1817440912795465,0.177,29.163,291319775232.0,26.1,190.26955,0.39236,0.39883
PNBHOUSING,PNB HOUSING FIN LTD.,Financial Services,Mortgage Finance,1175.5,1207.0,729.5999755859375,13.261507,11.210275,1.5936002,3.0840713953488375,0.127,0.026029998,287.733,0.043,0.045,0.058,0.61353,0.75161004,0.98947,0.0,0.68,306323456000.0,4.982,4.982,-90166100000.0,109.386,737.638,1295.7693,1425.0,960.0,1.38462,13.0,957.7727536010742,1082.4060107421874,45.40169240531511,0.298,,830382931968.0,88.64,104.85916,0.28034002,0.58491004
LALPATHLAB,DR. LAL PATH LABS LTD.,Healthcare,Diagnostics & Research,1889.4000244140625,1988.9000244140625,1272.5999755859375,58.207027,43.5405,12.578559,2.0937779496402875,0.21473,0.13342,7.83,0.278,0.28,0.191,0.18745,0.25461,0.60204,0.27326,1.06,315487817708.6059,3.476,3.277,4022171136.0,79.696,150.208,1927.8462,2300.0,1180.0,1.80769,26.0,1538.3185003662109,1761.6840014648435,9.501873591339894,0.187,38.501,304134356992.0,32.46,43.39408,0.54735,0.33019
TATAELXSI,TATA ELXSI LIMITED,Technology,Software - Application,3660.0,5950.0,3353.89990234375,34.847187,25.458363,7.4968815,1.9252589502762432,0.2633,0.1585927965395933,5.336,0.181,0.182,0.145,0.1674,0.18971,0.33076,0.2164,2.05,228016390144.0,3.92097775418733,3.92097775418733,6532987000.0,264.753,488.203,3642.7334,5135.0,2960.0,3.53333,15.0,4529.505510253906,3755.12599609375,-36.297972326168306,0.314,25.183,213116715008.0,105.03,143.76416,0.44855,0.15081
NETWEB,NETWEB TECH INDIA LTD,Technology,Computer Hardware,5419.7998046875,5449.89990234375,2037.300048828125,117.59167,65.40147,42.55563,0.6591461322869955,0.32834998,0.10745,39.019,1.784,1.799,1.721,0.096470006,0.14297,0.20413,0.13242,0.06,308607112334.77246,1.443,0.83,1122087552.0,103.471,127.358,5362.0,5698.0,5000.0,1.0,4.0,3788.121501464844,4648.455986328125,164.56114157605245,1.728,79.77,285420716032.0,46.09,82.8697,0.67999,0.10701
ACC,ACC LIMITED,Basic Materials,Building Materials,1301.0999755859375,1987.0,1251.699951171875,12.828831,13.24872,1.1889226,2.33,0.109280005,0.04318,2.085,-0.606,-0.608,-0.038,0.07563,0.03375,0.40609002,0.09591,0.58,244329999895.3501,1.974,1.118,-38653227008.0,28.628,1094.352,1518.4584,2198.0,1150.0,2.68,24.0,1525.925,1353.2740063476565,-30.16477952683421,0.358,9.952,240951050240.0,101.42,98.20571,0.57512003,0.22958
AEGISLOG,AEGIS LOGISTICS LIMITED,Energy,Oil & Gas Refining & Marketing,1336.199951171875,1497.800048828125,576.0999755859375,37.533707,31.773962,7.7457275,0.1395305092936803,0.15258001,0.06252,47.243,2.69,2.689,0.371,0.13949001,0.28032,0.26479998,0.21219,0.98,469006171405.3285,1.707,1.464,6726794752.0,125.751,172.508,1330.8,1670.0,988.0,2.6,5.0,844.1032501220703,1250.117998046875,81.20421846115593,0.55,26.448,503417765888.0,35.6,42.0533,0.67539,0.15083
GILLETTE,GILLETTE INDIA LTD,Consumer Defensive,Household & Personal Products,7512.0,10740.0,7206.0,45.914062,,25.863049,4.8844746808510635,0.66443,0.28519,0.002,0.094,0.094,0.108,0.21035999,0.26795998,0.61847,0.3027,2.4,244780138496.0,1.544,0.817,4858812416.0,82.627,290.453,,,,,,8023.3125,7733.48,-28.593155893536128,0.278,25.161,241875812352.0,163.61,,0.77949,0.110139996
CDSL,CENTRAL DEPO SER (I) LTD,Financial Services,Capital Markets,1345.9000244140625,1673.699951171875,1116.300048828125,59.57946,45.24986,14.353358,,0.23913,0.16639,0.11,-0.199,-0.2,0.042,0.36923,0.3809,1.0,0.52641,0.96,281293100014.53894,2.917,2.464,2601876224.0,38.716,93.769,1308.8667,1458.0,1140.0,3.125,15.0,1354.312504272461,1344.3580004882813,-15.010100709551043,0.388,41.536,270115979264.0,22.59,29.74374,0.0,0.14984
NIACL,THE NEW INDIA ASSU CO LTD,Financial Services,Insurance - Diversified,183.0800018310547,218.0,116.97000122070312,39.11966,9.466391,0.78283477,0.6434154605263158,0.03421,0.0070200004,,0.608,0.612,0.015,0.0148599995,-0.01652,0.17721,0.011089999,0.81,301715852233.5782,0.466,0.317,59712626688.0,133.187,233.868,170.33333,180.0,156.0,2.66667,3.0,160.97834964752198,178.8868002319336,-5.002075201633427,1.101,15.16,87026941952.0,4.68,19.34,0.85436994,0.10847
MSUMI,MOTHERSON SUMI WRNG IND L,Consumer Cyclical,Auto Parts,39.18000030517578,53.59000015258789,35.70000076293945,41.68085,26.65252,12.018405,,0.32394,0.12219,10.788,0.0,0.016,0.364,0.05088,0.05855,0.30129,0.07669,1.48,259828516839.82263,1.617,0.828,1452125056.0,0.1,3.26,48.57143,60.0,38.0,1.42857,14.0,42.09310007095337,40.049199981689455,-8.62873290759012,0.054,27.708,262029049856.0,0.94,1.47003,0.61749,0.20602
FORCEMOT,FORCE MOTORS LIMITED,Consumer Cyclical,Auto Manufacturers,17885.0,26450.0,14911.0,18.812256,,5.7184114,0.825098947368421,0.33508,0.12821001,0.0,0.228,0.228,0.062,0.13607,0.10262,0.31094,0.16022,0.22,235657445376.0,1.874,0.5,-985924992.0,631.142,3127.617,,,,,,19594.79,18216.28,-13.246992627085763,0.662,15.382,226728214528.0,950.71,,0.63240004,0.06172
ACUTAAS,ACUTAAS CHEMICALS LIMITED,Basic Materials,Specialty Chemicals,3210.5,3740.0,1302.0,92.07055,44.614273,15.899467,1.372139344262295,0.23516001,0.15722999,2.081,0.671,0.677,0.591,0.26421,0.31319,0.58419997,0.37173,0.05,262847234048.0,3.818,2.545,-1165574912.0,27.461,201.925,2973.4,4001.0,1423.0,2.0,10.0,2461.181499633789,3345.0019970703124,129.5017473707413,0.026,48.407,263043825664.0,34.87,71.96127,0.38311002,0.29354
IRB,IRB INFRA DEV LTD.,Industrials,Infrastructure Operations,18.950000762939453,23.950000762939453,18.899999618530273,24.294874,13.386267,1.0719539,0.5158147346072187,0.04171,0.01762,95.6,0.471,0.513,-0.089,0.15478,0.22489999,0.57896,0.42556,1.05,228878115838.783,1.239,0.595,13902536704.0,1.732,17.678,27.9,34.5,24.0,1.6,5.0,20.930049991607667,20.29620002746582,-15.022415196112227,-0.079,15.575,408589500416.0,0.78,1.41563,0.67629,0.14609
MRPL,MRPL,Energy,Oil & Gas Refining & Marketing,173.97999572753906,212.30999755859375,120.4499969482422,9.708705,3.3980467,2.1398437,0.0029205977408467,0.2539,0.043267274996544,108.059,33.24218485899831,1.5515473652969267,1.204,0.028670002,0.02396,0.11125,0.07719,2.27,304917111488.0906,1.143426722641915,0.3850366932645856,11189320000.0,3.487,81.305,182.5,215.0,150.0,2.0,2.0,166.8445004272461,163.62779998779297,39.0949737613,0.099,5.397,456419082240.0,17.92,51.2,0.89967,0.0172
SUMICHEM,SUMITOMO CHEM INDIA LTD,Basic Materials,Agricultural Inputs,551.7999877929688,617.4500122070312,362.6000061035156,47.651123,37.803143,8.12558,2.335839362745098,0.1724,0.08961,1.865,0.204,0.205,0.006,0.17858,0.20319,0.41834998,0.20333,0.23,275428599858.91266,3.444,2.15,1045016256.0,25.819,67.909,582.6667,650.0,435.0,1.44444,9.0,454.5834994506836,502.82799926757815,-6.498353814213608,0.207,40.075,264413380608.0,11.58,14.59667,0.75475,0.09591
APOLLOTYRE,APOLLO TYRES LTD,Consumer Cyclical,Auto Parts,429.2999877929687,540.5,365.2999877929687,15.917686,12.830061,1.6246778,0.005984092481203,0.08719,0.05748,21.987,26.6,26.091,0.128,0.05829,0.06451,0.43162,0.12572,2.57,271567135190.06055,1.323,0.554,19853250560.0,17.47,264.237,497.04166,580.0,366.0,2.0,24.0,454.91300018310545,432.5980010986328,-8.131821312359067,0.148,8.034,296034697216.0,26.97,33.46048,0.4966,0.34213
AWL,AWL AGRI BUSINESS LIMITED,Consumer Defensive,Packaged Foods,188.63999938964844,282.8999938964844,171.19000244140625,21.1243,17.75736,2.3367937,0.4466025369978859,0.10519,0.04871,10.621,0.473,0.482,0.175,0.01487,0.02875,0.107250005,0.03266,0.53,243688471787.5371,1.262,0.457,23186024448.0,18.039,80.726,269.83334,340.0,185.0,2.16667,6.0,207.24790023803712,189.1924002075195,-27.71029294300774,-0.162,9.135,231872184320.0,8.93,10.6232,0.68683,0.14866
SAILIFE,SAI LIFE SCIENCES LIMITED,Healthcare,Diagnostics & Research,1471.5999755859375,1484.199951171875,783.8499755859375,86.209724,58.90226,12.527453,4.144698269230769,0.1513,0.08552,11.614,0.208,0.212,0.117,0.16075,0.18414,0.74461997,0.2975,0.0,312440712128.56213,1.692,0.638,-1301903744.0,7.453,117.47,1552.6666,1610.0,1450.0,1.57143,6.0,1049.855498046875,1295.576005859375,61.51017243645318,0.8887,45.189,302536884224.0,17.07,24.98376,0.37957,0.42345002
PTCIL,PTC INDUSTRIES LIMITED,Industrials,Metal Fabrication,19623.0,20750.0,13251.0,234.33246,50.672256,19.520906,1.629572044506259,0.07019,0.033570003,17.341,1.438,1.438,0.849,0.16848,0.2793,0.82417,0.2186,0.0,294198804480.0,3.435,1.866,-4334237184.0,142.294,1005.23,23895.0,25770.0,21500.0,1.0,3.0,17553.91,18073.22,43.64248590879145,0.287,217.114,286090821632.0,83.74,387.25333,0.66872,0.08951
MTARTECH,MTAR TECHNOLOGIES LIMITED,Industrials,Specialty Industrial Machinery,7113.5,8714.0,1390.5,163.1911,46.440346,26.59352,0.4484503984611157,0.12121,0.05924,45.778,3.639,3.645,1.304,0.12352,0.20892,0.46015,0.21052,0.0,218808352768.0,1.552,0.789,266483744.0,76.911,267.49,8668.75,10040.0,7550.0,1.0,4.0,4727.555997314453,6897.0,374.7397146353944,1.324,94.177,214195814400.0,43.59,153.175,0.29323,0.35955003
CESC,CESC LTD,Utilities,Utilities - Regulated Electric,156.61000061035156,204.5,138.1199951171875,13.339864,11.028586,1.6577048,3.51049052631579,0.12547,0.03418,164.311,0.038,0.039,0.054,0.08243,0.11778,0.3836,0.19537,3.76,207597585193.06396,0.921,0.766,-9705150464.0,42.744,94.474,211.72726,250.0,172.0,1.36364,11.0,166.24884956359864,165.85019866943358,-4.173035777441081,0.389,10.274,378416136192.0,11.74,14.20037,0.06339,0.77376
KIOCL,KIOCL LIMITED,Basic Materials,Steel,385.3999938964844,634.5499877929688,290.6499938964844,602.1875,,13.490619,,0.00961,-0.01845,11.051,,,-0.106,0.02701,0.101169996,0.28166,-0.04757,0.0,234227265922.58176,3.378,2.484,1532366464.0,13.588,28.568,,,,,,370.55074920654295,383.9969982910157,-4.212753063229824,0.592,-789.57,230409846784.0,0.64,,0.99038005,0.0
TRITURBINE,TRIVENI TURBINE LIMITED,Industrials,Specialty Industrial Machinery,580.0499877929688,787.5999755859375,428.3500061035156,54.721695,37.485046,12.734078,,0.26217,0.11521,2.476,-0.212,-0.208,0.192,0.14930001,0.09465,0.45128,0.19083,0.7,184397000919.4035,1.979,1.213,-2584989952.0,18.176,45.551,682.7778,840.0,585.0,1.88889,9.0,559.8557508850098,633.7690014648438,8.960273202704606,0.543,41.057,176484974592.0,10.6,15.47417,0.59731,0.28691
RRKABEL,R R KABEL LIMITED,Industrials,Electrical Equipment & Parts,2894.199951171875,2920.89990234375,1165.0,53.96606,36.85814,12.71561,0.4199693385214008,0.20826,0.10622,13.092,1.285,1.286,0.539,0.0561,0.080010004,0.18229,0.08352,0.38,327349922413.2707,1.651,0.602,-1918162048.0,11.989,227.61,2805.5715,3044.0,1950.0,1.46154,14.0,1774.800496826172,2481.10599609375,137.81429344058137,1.367,36.463,329884467200.0,53.63,78.52268,0.69991994,0.18584
ASAHIINDIA,ASAHI INDIA GLASS LIMITED,Consumer Cyclical,Auto Parts,951.5499877929688,1074.0,775.0999755859375,54.939377,41.015083,6.165324,0.3586121214099217,0.104940005,0.05436,55.868,1.532,1.654,0.15,0.08457,0.17254,0.57389,0.20627001,0.21,242575963096.09583,1.428,0.462,-5268062720.0,9.626,154.339,1050.0,1050.0,1050.0,1.0,1.0,912.5077514648438,891.835,8.929082604312955,0.364,24.681,263439630336.0,17.32,23.2,0.67384005,0.100159995
DEEPAKNTR,DEEPAK NITRITE LTD,Basic Materials,Chemicals,1750.4000244140625,1904.4000244140625,1280.0,30.45763,28.213188,4.0902743,0.1468545323047252,0.09751,0.05763,27.903,2.074,2.075,0.364,0.091359995,0.18486999,0.26048002,0.15529999,0.42,238742392065.90836,2.4,1.54,-6438725120.0,33.88,427.942,1892.5,2200.0,1500.0,2.5,18.0,1631.6460040283202,1672.41400390625,-3.543281450814484,0.448,19.019,253264510976.0,57.47,62.04191,0.49805,0.25476998
PPLPHARMA,PIRAMAL PHARMA LIMITED,Healthcare,Drug Manufacturers - Specialty & Generic,216.66000366210935,218.5,132.3000030517578,41.16,53.194206,3.5226977,,-0.04002,0.00356,69.977,-4.576648743553166,-1.4520521172638436,0.174,-0.03407,-0.01249,0.59415,0.09754,0.08,287078519540.3628,1.511,0.759,6795874816.0,10.213,61.504,233.27274,265.0,200.0,1.45455,11.0,170.702099609375,184.0681997680664,12.967313857127484,0.324,35.838,321792147456.0,-2.37,4.073,0.54529,0.21125999
HBLENGINE,HBL ENGINEERING LTD,Industrials,Electrical Equipment & Parts,712.9000244140625,1122.0,613.0,25.325047,,8.846999,,0.44074002,0.26984,3.021,-0.235,-0.239,0.06,0.23381001,0.21051,0.57153,0.31829,0.6,197612296815.4552,3.574,2.383,3799488512.0,25.074,80.581,,,,,,785.7170001220703,750.9569995117188,-9.981689068059962,0.089,16.868,179269451776.0,28.15,,0.080690004,0.55438
DATAPATTNS,DATA PATTERNS INDIA LTD,Industrials,Aerospace & Defense,4700.2001953125,4955.89990234375,2131.0,98.454124,58.059418,15.157877,,0.1673,0.11644,0.304,-0.134,-0.135,0.168,0.28459,0.21934,0.62248003,0.39681,0.21,263135865526.36908,10.454,8.262,-378212512.0,75.495,310.083,4550.3,5545.0,3940.0,2.4,10.0,3506.3870080566408,4485.140029296875,83.58005334038208,0.538,70.428,263104872448.0,47.74,80.955,0.53234,0.19240999
EMMVEE,EMMVEE PHOTOVOLTAIC PWR L,Technology,Solar,325.6000061035156,371.5499877929687,171.50999450683594,17.68604,11.302165,6.0981774,0.2399734056987788,0.2927114476986628,0.187363014102055,9.745,0.737,1.026,0.513,0.22844,0.29843,0.44522998,0.34555998,0.0,225427542145.73865,2.060843282199808,0.9087027800697124,-4531806000.0,5.539,53.393,396.4,410.0,380.0,1.2,5.0,256.3925656623241,331.58600158691405,48.404747110949174,1.2575,11.379,219311439872.0,18.41,28.80864,0.80031997,0.08713
IGL,INDRAPRASTHA GAS LTD,Utilities,Utilities - Regulated Gas,150.5500030517578,223.5,141.74000549316406,16.489595,10.988723,1.8306401,,0.13926,0.050830003,0.848,-0.438,-0.44,0.172,0.080819994,0.03411,0.21212,0.09711,3.11,210770235568.4656,1.155,1.084,3260225024.0,30.834,82.239,184.36667,240.0,120.0,1.7,30.0,170.23870056152344,156.65300048828124,-26.643275259028776,0.526,10.471,171229593600.0,9.13,13.70041,0.50036,0.4164
KPIL,KALPATARU PROJECT INT LTD,Industrials,Engineering & Construction,1387.5999755859375,1479.5999755859375,1007.0999755859376,20.869305,15.120569,3.047159,0.4617102876106194,0.14513999,0.04119,45.814,0.452,0.451,0.038,0.04151,0.066360004,0.27784002,0.08006,0.8,236963966902.7486,1.251,1.054,3795399936.0,116.421,455.375,1601.8,1865.0,1249.0,1.1,20.0,1225.2579986572266,1342.893986816406,8.558913205540541,0.452,11.414,250190692352.0,66.49,92.17593,0.337,0.49323002
NEULANDLAB,NEULAND LAB LTD.,Healthcare,Drug Manufacturers - Specialty & Generic,23568.0,23881.0,11500.0,60.595463,48.01643,16.131195,0.0629367085583714,0.3578,0.1242256976523663,16.072,9.628,9.624,1.192,0.022880001,0.30601,0.35241002,0.08818,0.15,302374813696.0,1.424,0.682,-504517000.0,59.759,1461.02,24334.75,25819.0,23300.0,1.0,4.0,16124.735,19517.3,72.11714014459942,-0.321,563.593,301054132224.0,388.94,490.832,0.37736,0.28731
AEGISVOPAK,AEGIS VOPAK TERMINALS LTD,Energy,Oil & Gas Equipment & Services,266.6000061035156,311.489990234375,158.0,96.59421,35.233467,6.8846197,3.177441118421053,0.11566,0.040760003,84.438,0.304,0.385,0.425,0.32126,0.53026,0.98737,0.68784,0.07,295390550634.6436,0.369,0.312,-14212354048.0,2.729,38.724,327.0,380.0,280.0,1.66667,3.0,231.34109970092777,268.57159912109375,5.313060450845231,1.5078,51.194,334889320448.0,2.76,7.56667,0.87346,0.05035
CRAFTSMAN,CRAFTSMAN AUTOMATION LTD,Consumer Cyclical,Auto Parts,10690.5,10960.0,6324.0,55.099987,30.213663,7.813219,0.4863193909973521,0.12547,0.061890002,111.011,1.133,1.163,0.363,0.053340003,0.10836001,0.42793,0.15293,0.1,279603970048.0,1.182,0.416,-9397312512.0,66.303,1368.258,11371.125,12800.0,9699.0,1.75,8.0,8103.3,9668.78,55.114625652930926,0.325,21.889,291792420864.0,194.02,353.83,0.42414,0.39476
ASTRAZEN,ASTRAZENECA PHARMA IND LT,Healthcare,Drug Manufacturers - Specialty & Generic,7507.0,9849.5,7481.0,111.21481,,21.502882,,0.22825001,0.0832,12.679,-0.321,-0.321,0.297,0.06974,0.06402,0.36826,0.09278,0.48,187675000832.0,1.772,0.675,-427100000.0,179.088,349.116,,,,,,8531.9225,8138.97,-11.275262971279986,0.246,81.604,184141905920.0,67.5,,0.8148,0.087069996
RBLBANK,RBL BANK LIMITED,Financial Services,Banks - Regional,392.2999877929687,393.8999938964844,243.25,32.448303,19.717106,1.4478152,0.088198703452025,0.0566,0.0048634300379779,100.4317087054479,3.679,3.817,0.408,0.09082,0.13972001,0.0,0.0,0.33,608107410965.7814,,,73435947000.0,176.407,270.96,388.05264,470.0,290.0,2.21053,19.0,330.4417500305176,373.5669982910157,52.883857545471,0.642,,229205131264.0,12.09,19.89643,0.02705,0.52837
BOSCH-HCIL,BOSCH HOME COMFRT IND LTD,Consumer Cyclical,"Furnishings, Fixtures & Appliances",1772.0,1801.699951171875,1021.2999877929688,1114.4653,,9.646372,23.121686721991704,-0.00501,0.0033399998,16.319,0.482,0.494,0.285,0.00159,0.0254,0.30482998,0.025799999,3.81,48182247424.0,1.08,0.404,139537504.0,20.297,183.696,,,,,,1423.7774993896485,1430.792001953125,1.0896215026479972,0.628,64.113,48656674816.0,1.59,,0.75251997,0.06444
GMDCLTD,GUJARAT MINERAL DEV CORP,Energy,Thermal Coal,561.9500122070312,771.9000244140625,400.0,18.694279,16.383383,2.528038,,0.14189,0.02458,4.475,-0.002,-0.002,0.238,0.33823,0.17395,0.88782996,0.16237,1.81,178700111657.8361,4.144,0.869,-8304137728.0,16.987,222.287,274.0,274.0,274.0,4.0,1.0,590.8289978027344,586.5519995117188,33.82948806271373,0.349,38.142,175104524288.0,30.06,34.3,0.74050003,0.02642
PFIZER,PFIZER LTD,Healthcare,Drug Manufacturers - General,4920.0,5765.0,4360.10009765625,30.583702,23.58581,5.355324,4.633894242424242,0.17159,0.10767,1.671,0.066,0.066,0.083,0.28608,0.35718,0.64188004,0.35269,1.52,225078837248.0,6.061,5.24,6499999744.0,675.091,918.712,6658.5,7500.0,5815.0,1.0,4.0,4801.284006347656,4672.384013671875,-13.005039342233228,0.122,21.501,194874359808.0,160.87,208.6,0.66955,0.17312999
KPITTECH,KPIT TECHNOLOGIES LIMITED,Technology,Software - Infrastructure,592.9000244140625,1328.0,543.0,27.87494,18.833038,4.5582447,,0.1973,0.106300004,23.624,-0.318,-0.318,0.089,0.08839,0.122530006,0.36762002,0.20417,1.27,161403542006.17307,1.03,0.877,11723112448.0,51.007,130.072,655.4286,870.0,460.0,2.66667,21.0,856.5445010375977,626.1050024414062,-51.18557250686256,-0.001,11.525,155097677824.0,21.27,31.48191,0.45286998,0.29778
KAYNES,KAYNES TECHNOLOGY IND LTD,Technology,Electronic Components,3815.0,7705.0,2995.0,74.46809,42.441692,5.5023904,,0.09568,0.0506,19.168,-0.004,-0.244,0.405,0.08866999,0.11689,0.33398,0.1551,0.0,256453787648.0,2.227,1.362,-20140105728.0,119.167,693.335,3734.1365,5000.0,2790.0,3.13636,22.0,3921.201505126953,3428.668017578125,-38.47270381420853,-0.147,42.581,257499758592.0,51.23,89.88803,0.54909,0.16282
SYRMA,SYRMA SGS TECHNOLOGY LTD,Technology,Electronic Components,1443.699951171875,1543.0,634.5,74.8807,46.6962,9.648917,0.8707058139534884,0.14142999,0.0577,13.045,0.86,1.012,0.683,0.06737,0.08756,0.25413,0.11412,0.1,278092667714.4836,1.7,1.085,72657504.0,41.903,149.623,1511.6296,2050.0,940.0,1.62963,27.0,993.1787524414062,1394.1800024414065,100.48604362153353,0.209,45.898,286180409344.0,19.28,30.91686,0.59611,0.17227
ONESOURCE,ONESOURCE SPECL PHARMA L,Healthcare,Biotechnology,1534.5,1925.0,1057.0,370.39,20.324503,3.0242412,,-0.0126,0.00199,25.791,-0.953,-0.953,0.372,-0.0315,0.11492,0.67987996,0.22249001,0.0,175965552640.0,0.989,0.55,-6283140096.0,8.985,507.4,2056.0,2400.0,1676.0,1.75,4.0,1598.6189978027344,1616.4519970703125,-15.398612929169207,-0.2014,54.854,188357459968.0,-4.26,75.5,0.3549,0.33031
AADHARHFC,AADHAR HOUSING FINANCE L,Financial Services,Mortgage Finance,474.9500122070313,563.0,430.1499938964844,18.4375,12.841606,2.744202,1.002038043478261,0.15753001,0.0433,255.574,0.184,0.19,0.196,0.48151,0.61723,0.98473,0.0,0.0,207903429855.4753,5.877,5.753,-28266300000.0,18.153,173.074,610.38464,650.0,575.0,1.07692,13.0,485.73149978637696,507.50599853515627,-7.866147001545832,0.395,13.947425464997629,391513833472.0,25.76,36.98525,0.74711996,0.11253
CREDITACC,CREDITACCESS GRAMEEN LTD,Financial Services,Credit Services,1534.5,1634.0,1113.0,20.36226,11.864585,3.134569,0.02847072147651,0.16364999,0.02604,302.872,7.152,7.197,1.495,0.39812002,0.64591,0.97994006,0.0,0.0,245918253056.0,2.289,2.27,-27878100000.0,134.46,489.541,1771.1333,1947.0,1500.0,1.5625,15.0,1342.165503540039,1506.6660034179688,12.549506566091615,0.113,38.103133871466376,459381833728.0,75.36,129.33449,0.66148,0.21351999
TDPOWERSYS,TD POWER SYSTEMS LTD.,Industrials,Specialty Industrial Machinery,1507.5,1597.699951171875,493.0,85.55618,50.672268,21.972656,1.1882802777777777,0.24716999,0.118319996,1.689,0.72,0.723,0.721,0.12945,0.17884001,0.32661998,0.17920999,0.14,235514363904.0,1.952,1.186,199434128.0,9.195,68.608,1417.0,1510.0,1324.0,1.0,2.0,976.206746520996,1225.9039916992188,194.49111505651712,0.522,63.091,240190275584.0,17.62,29.75,0.27477,0.38763002
RAMCOCEM,THE RAMCO CEMENTS LIMITED,Basic Materials,Building Materials,906.9500122070312,1214.5,838.2999877929688,33.28257,34.462555,2.647867,,0.08996,0.02638,47.897,-0.633,-0.633,0.096,0.06988,0.0513,0.52969,0.1455,0.28,214305377092.42847,0.543,0.232,1313837440.0,7.97,342.521,951.129,1276.0,717.0,3.19355,31.0,988.4015008544922,919.058995361328,-18.629998916853207,0.113,18.625,250070892544.0,27.25,26.31697,0.49148,0.31121
AFFLE,AFFLE 3I LIMITED,Communication Services,Advertising Agencies,1729.5,2185.89990234375,1251.300048828125,51.047813,34.893692,6.6504908,2.514670591133005,0.13786,0.07548,0.405,0.203,0.217,0.204,0.16849001,0.17857,0.28415,0.23174,0.0,243410599936.0,3.593,2.911,-1716657536.0,101.558,260.056,1983.9166,2165.0,1840.0,1.25,12.0,1553.6199987792968,1543.0080053710938,-11.257633622331408,0.105,34.108,224141459456.0,33.88,49.56483,0.74458003,0.27624
GRINDWELL,GRINDWELL NORTON LIMITED,Industrials,Building Products & Equipment,2059.300048828125,2455.0,1329.0,52.253235,40.03824,8.995209,2.343194394618834,0.17296,0.09347,2.381,0.223,0.223,0.142,0.13763,0.16244,0.53389,0.18778,0.93,228005713182.25024,2.806,2.074,3758278144.0,104.372,228.933,2169.3333,2270.0,2113.0,1.66667,3.0,1738.6390057373046,2095.5700146484373,36.0710992208036,0.521,36.328,216455725056.0,39.5,51.43333,0.58314997,0.22246
SAMMAANCAP,SAMMAAN CAPITAL LIMITED,Financial Services,Mortgage Finance,150.22999572753906,192.9499969482422,116.6999969482422,,,0.64667344,,-0.35009998,-0.09894,273.033,-0.5,-0.272,-0.245,0.0,0.52972,0.0,0.0,0.0,172567211220.28058,157.636,156.138,-75187100000.0,102.705,232.312,,,,,,155.0723501586914,165.70679962158204,23.68680788730908,0.606,,576700416000.0,-89.77,,0.37050998,0.16629
BAYERCROP,BAYER CROPSCIENCE LTD,Basic Materials,Agricultural Inputs,4066.800048828125,5649.5,4030.0,24.980343,21.675795,6.1628084,1.622100194805195,0.237,0.089049995,2.758,0.154,0.154,-0.042,0.13084,0.17302,0.41763002,0.14558,3.69,182770501778.43808,1.916,1.011,9603375104.0,327.533,659.894,5126.4287,5780.0,4450.0,2.0,7.0,4459.125493164062,4186.021982421875,-27.150917172805645,0.234,20.747,169007824896.0,162.8,187.61942,0.71709,0.1254
GESHIP,THE GE SHPG.LTD,Industrials,Marine Shipping,1299.0,1798.0,922.5,4.9595294,6.7850614,1.0933211,0.0311137352572145,0.18849,0.06662,6.409,1.594,1.594,0.669,0.60307,0.54431,0.66672,0.56858003,4.38,185454559232.0,7.133,6.575,-3883350016.0,581.733,1188.123,1866.5,1876.0,1857.0,1.0,2.0,1324.5940014648438,1394.1660009765626,32.24066131962322,0.428,3.273,115629301760.0,261.92,191.45,0.30766,0.2756
ATUL,ATUL LTD,Basic Materials,Specialty Chemicals,6510.5,7180.0,5560.5,24.073732,20.991598,3.0807092,0.261671,0.11529,0.059949998,2.907,0.92,0.92,0.25,0.119729996,0.1707,0.35047,0.18033001,0.45,191680544768.0,3.614,2.709,5691812352.0,590.967,2113.312,7904.25,9111.0,5870.0,1.75,12.0,6382.48,6528.41,1.6868410777040266,0.196,14.972,179374620672.0,270.44,310.1479,0.46166,0.28048
HATSUN,HATSUN AGRO PRODUCT LTD.,Consumer Defensive,Packaged Foods,963.7000122070312,1179.0,855.2999877929688,60.571968,35.30037,11.061881,,0.19453,0.08099,94.535,-0.012,-0.011,0.193,0.03391,0.06453,0.29389,0.11481,2.15,214662515359.09515,0.52,0.04,8965924864.0,2.297,87.119,925.0,1000.0,850.0,3.5,2.0,946.6959985351564,917.7799963378908,5.616746047932719,-0.172,18.751,225156939776.0,15.91,27.3,0.77815,0.104940005
IIFL,IIFL FINANCE LIMITED,Financial Services,Credit Services,636.7000122070312,675.0,409.1000061035156,12.792848,8.242071,1.9452804,0.067508432717678,0.12286,0.02319,447.421,1.895,1.893,0.318,0.24174,0.42165002,0.99682,0.0,0.63,270781879367.52313,3.471,3.331,-140571300000.0,205.785,327.305,702.5,760.0,610.0,1.5,4.0,529.9695001220703,564.963998413086,35.037118177525194,0.293,,896597098496.0,49.77,77.25,0.49723,0.17665
SUNTV,SUN TV NETWORK LIMITED,Communication Services,Broadcasting,477.5499877929687,660.7000122070312,474.0,12.288985,10.731461,1.4853532,0.7228814705882353,0.1185,0.07042,0.837,0.17,0.17,0.13,0.33966,0.43866003,0.67475,0.55379003,4.16,188195089717.39716,7.8,7.365,-5785375232.0,166.275,321.506,633.9091,750.0,530.0,1.63636,11.0,550.3044989013672,501.30799987792966,-17.67798519373954,0.145,5.02,125155762176.0,38.86,44.5,0.78472,0.14732
CAMS,COMPUTER AGE MNGT SER LTD,Technology,Information Technology Services,749.25,844.9000244140625,611.4000244140625,37.631844,28.675781,14.066196,2.2136378823529412,0.38694,0.21461001,4.863,0.17,0.173,0.115,0.31785,0.40046,0.66453004,0.42497003,1.7,186036944896.0,3.426,2.838,3847406080.0,34.363,53.266,920.421,1018.0,775.0,1.31579,19.0,747.5628503417969,784.3660009765625,-2.4871135556100987,0.21,27.077,179175014400.0,19.91,26.12832,0.03363,0.5894
CARBORUNIV,CARBORUNDUM UNIVERSAL LTD,Industrials,Conglomerates,1137.5999755859375,1306.9000244140625,735.2000122070312,102.578896,37.677193,5.5567765,4.3650594042553195,0.043670002,0.04225,10.292,0.235,0.234,0.194,0.03849,0.0675,0.56515,0.11023,0.37,216718912980.9898,2.668,1.51,1854036224.0,36.746,204.723,1031.0,1111.0,940.0,4.16667,6.0,938.9622503662108,1113.2319970703124,14.880078322235546,0.342,34.263,205313769472.0,11.09,30.19333,0.40932,0.38783002
ERIS,ERIS LIFESCIENCES LIMITED,Healthcare,Drug Manufacturers - Specialty & Generic,1326.0,1818.800048828125,1200.0,28.26087,22.919146,4.64476,1.5032377659574467,0.18068,0.07298,60.545,0.188,0.207,0.126,0.20045,0.25792998,0.73533,0.35252,1.07,183761469440.0,0.741,0.364,-301175008.0,4.859,285.483,1661.2,1780.0,1435.0,1.3,10.0,1431.5519958496093,1412.7219970703125,-24.47026552518361,-0.04,18.509,209598382080.0,46.92,57.85556,0.69915,0.22561
TATACHEM,TATA CHEMICALS LTD,Basic Materials,Chemicals,634.5,1026.6500244140625,580.2999877929688,25.13,20.4062,0.76225096,,-0.07678,0.01042,36.081,-9.06808510638298,,0.144,-0.14319,0.051469997,0.62024,0.10090999,1.73,161642856448.0,1.069,0.536,-4339999744.0,44.592,832.403,700.6667,815.0,566.0,4.0,9.0,728.4312509155274,695.8250048828126,-32.83226765451459,0.586,15.759,240441425920.0,-82.78,31.09349,0.38709998,0.26896
BELRISE,BELRISE INDUSTRIES LTD,Consumer Cyclical,Auto Parts,234.0800018310547,268.20001220703125,135.16000366210938,41.13884,25.559942,3.8121917,,0.12516,0.06282,29.1,-0.087,0.089,0.126,0.05175,0.07637,0.1903,0.11495,0.24,226390935274.90817,1.973,1.063,207972496.0,8.334,61.403,264.83334,285.0,248.0,1.0,6.0,199.3423504638672,237.80440032958984,57.87414519858602,1.0629,20.653,232504426496.0,5.69,9.15808,0.62196,0.1736
SAGILITY,SAGILITY LIMITED,Healthcare,Health Information Services,42.63999938964844,57.88999938964844,35.83000183105469,20.113209,14.520786,2.031637,0.4592056849315069,0.10278,0.06727,11.497,0.438,0.459,0.276,0.13036,0.15795,0.37634,0.24826,0.47,199611839702.7439,1.552,1.445,9346893824.0,1.918,20.988,56.2,65.0,50.0,1.2,10.0,44.73519998550415,41.718799896240235,-4.948732034102676,1.0493,10.687,202099195904.0,2.12,2.93648,0.5095,0.22333999
GRANULES,GRANULES INDIA LIMITED,Healthcare,Drug Manufacturers - Specialty & Generic,841.5999755859375,910.0,452.5,31.263,21.191364,4.101205,1.0,0.13522,0.07981,29.735,0.534,0.598,0.22,0.1176,0.17556,0.62004,0.22511,0.21,208545884254.27045,1.801,0.889,830726272.0,37.708,205.208,919.125,1110.0,588.0,1.71429,8.0,676.3655001831055,834.8319995117188,82.42114759983401,0.137,16.895,214210838528.0,26.92,39.71429,0.39311,0.20127001
CGCL,CAPRI GLOBAL CAPITAL LTD,Financial Services,Credit Services,225.11000061035156,264.5299987792969,151.10000610351562,19.174618,11.633592,3.0127947,0.2414939294710327,0.16496,0.03548,334.728,0.794,1.02,0.858,0.34958,0.50395,0.94764,0.0,0.09,216590484043.25217,90.171,88.969,-87874420000.0,22.965,74.718,243.33333,280.0,190.0,1.5,6.0,194.58535034179687,232.59180084228515,18.628798022146963,-0.03,37.55357017535867,436842921984.0,11.74,19.35,0.63717,0.2191
CUB,CITY UNION BANK LTD,Financial Services,Banks - Regional,219.3500061035156,245.3800048828125,145.125,15.501767,11.33382,2.0569785,0.6151494841269841,0.13241,0.015190001,45.68727307325664,0.252,0.251,0.233,0.37791002,0.50985,0.0,0.0,0.9,217329194911.2856,,,4499275000.0,36.832,106.637,255.6087,298.0,200.0,1.78261,23.0,204.01560028076173,214.13760070800785,36.94182927132479,0.344,,235768512512.0,14.15,19.35358,0.089949995,0.54428
ACMESOLAR,ACME SOLAR HOLDINGS LTD,Utilities,Utilities - Renewable,397.3999938964844,406.5,195.8999938964844,40.96907,15.96366,4.7558074,0.572993986013986,0.10406,0.047849998,393.194,0.715,0.799,0.468,0.21146,0.67576,0.98635,0.89101,0.05,280680230697.1389,2.169,2.016,-34295021568.0,97.083,83.561,423.18182,460.0,374.0,1.0,11.0,283.5068501281738,368.5519989013672,36.79862096264523,0.3392,14.893,378661437440.0,9.7,24.89404,0.71656,0.19466999
GPIL,GODAWARI POW & ISP LTD,Basic Materials,Steel,247.8800048828125,320.0,216.0099945068359,19.751394,11.01689,2.6214044,,0.14866,0.09986,7.582,-0.039,0.027,0.323,0.13887,0.16206,0.47529,0.21735,0.41,161270107240.7455,3.042,1.512,-608092480.0,16.266,94.56,290.0,290.0,290.0,1.0,1.0,263.55179931640623,252.5442004394531,13.352850368128411,0.728,13.577,171390140416.0,12.55,22.5,0.63365,0.066750005
CHAMBLFERT,CHAMBAL FERTILIZERS LTD,Basic Materials,Agricultural Inputs,433.9500122070313,580.7000122070312,399.75,9.016206,8.88635,1.668352,,0.20451,0.11282,10.274,-0.046,-0.046,-0.118,0.09581,0.15151,0.37515998,0.13765,2.76,173863064346.77496,2.333,1.227,-9946962944.0,26.475,260.107,549.6667,610.0,500.0,1.66667,3.0,450.9770001220703,457.1270007324219,-22.91500083537769,0.305,6.285,174097301504.0,48.13,48.83333,0.23725,0.12224
EIHOTEL,EIH LIMITED,Consumer Cyclical,Lodging,299.8999938964844,434.7999877929687,271.1499938964844,26.237968,21.731884,3.5640008,0.1065284937068615,0.12948,0.095819995,4.666,2.463,2.46,0.145,0.23142,0.19716999,0.65660006,0.34928,0.5,187546710295.08005,2.686,2.307,680358720.0,16.823,84.147,365.0,365.0,365.0,1.0,1.0,332.2042500305176,321.5729992675781,-25.305107373229298,-0.272,16.724,179613515776.0,11.43,13.8,0.70523,0.15674
ANANTRAJ,ANANT RAJ LIMITED,Real Estate,Real Estate - Development,633.8499755859375,743.6500244140625,403.0,38.91037,21.71215,3.9405787,2.9037589552238807,0.11175,0.06267,11.703,0.134,0.189,0.066,0.22770001,0.26478,0.3104,0.26591998,0.16,228107967917.94272,9.755,6.36,-2935408640.0,25.039,160.852,720.0,800.0,650.0,1.33333,3.0,542.1577499389648,579.0200024414063,17.717515315465437,0.367,33.229,225379614720.0,16.29,29.19333,0.6339,0.11281
IFCI,IFCI LTD,Financial Services,Credit Services,81.76000213623047,95.8000030517578,46.22999954223633,123.878784,23.227274,2.4168615,21.554656373713136,0.0501,0.0068072066742013,39.38782081382401,0.0574719363891487,-0.941833861316438,0.1312397089660413,0.0,1.1794,0.0,0.0,0.0,220287145595.6764,,,2206800000.0,26.359730630850436,33.829,,,,,,62.292900009155275,76.97740020751954,49.743597840909224,1.38,,184495939840.0,0.66,3.52,0.73140997,0.03599
BBOX,BLACK BOX LIMITED,Technology,Software - Application,751.5499877929688,1103.0,435.0499877929687,57.59004,26.232111,10.365635,4.464344186046512,0.21267,0.07473,89.594,0.129,0.179,0.239,0.033970002,0.06595,0.17377001,0.09215,0.13,133474670472.04112,1.83,1.116,-1694274944.0,30.404,72.504,1100.5,1201.0,1000.0,1.5,2.0,668.8537506103515,867.0570031738281,52.909458350553166,0.929,23.238,142481997824.0,13.05,28.65,0.75093,0.055630002
CEMPRO,CEMINDIA PROJECTS LIMITED,Industrials,Engineering & Construction,1273.9000244140625,1649.199951171875,503.2999877929687,36.334854,21.609838,9.11987,13.974943846153844,0.28242,0.08354,37.711,0.026,0.026,0.07,0.058920003,0.08524,0.26770002,0.10231,0.24,218840207458.0328,1.249,0.93,-367824992.0,36.893,139.684,1579.75,1700.0,1459.0,1.0,4.0,900.2777496337891,1364.352001953125,65.29129417891562,0.849,21.084,220142845952.0,35.06,58.95,0.72423,0.06889
CROMPTON,CROMPT GREA CON ELEC LTD,Consumer Cyclical,"Furnishings, Fixtures & Appliances",252.0,337.5,217.3999938964844,24.99,22.499277,5.470293,1.7,-0.06337,0.06593,5.797,0.147,0.149,0.118,-0.02688,0.08019,0.31544,0.09398,1.22,162266546176.0,1.426,0.989,5917562368.0,17.847,46.067,337.24243,410.0,255.0,1.34375,33.0,259.9270489501953,261.4699987792969,-23.25262819682894,0.348,19.574,153274204160.0,-3.49,11.20036,0.0,0.81241
NATCOPHARM,NATCO PHARMA LTD.,Healthcare,Drug Manufacturers - Specialty & Generic,877.5,1226.800048828125,789.0,13.743149,18.525686,1.7041416,,0.16853,0.07802,7.742,-0.57,-0.57,-0.447,0.32839,0.18961,0.82638,0.30696,0.73,157168910336.0,3.006,1.791,8206499840.0,118.879,514.922,1004.44446,1180.0,712.0,2.81818,9.0,947.1290002441406,920.7939990234376,-1.2769281540965904,0.177,13.526,144681058304.0,63.85,47.36667,0.5098,0.12774
FSL,FIRSTSOURCE SOLU. LTD.,Technology,Information Technology Services,272.25,381.3999938964844,202.0,28.567682,17.226913,4.286659,,0.159,0.08135,67.135,-0.017,-0.02,0.229,0.06668,0.12355,0.41073,0.13612,2.01,187998240768.0,0.794,0.709,9117440000.0,4.472,63.511,313.14285,375.0,225.0,2.28571,14.0,276.5245502471924,263.1348013305664,-26.547955083459584,0.188,15.685,214857187328.0,9.53,15.80376,0.55129004,0.31238002
CASTROLIND,CASTROL INDIA LIMITED,Energy,Oil & Gas Refining & Marketing,188.57000732421875,211.3999938964844,170.10000610351562,17.590485,15.954873,9.785677,0.4178262470308789,0.56996,0.24879,2.784,0.421,0.425,0.25,0.17066,0.24779,0.49339,0.24235001,6.62,186518821964.54895,1.511,0.852,7049650176.0,8.711,19.27,220.8,230.0,205.0,2.0,5.0,185.73340019226077,185.89,-9.718958331750493,0.314,11.857,178878119936.0,10.72,11.81896,0.51304,0.1754
SUNDRMFAST,SUNDRAM FASTENERS LTD,Consumer Cyclical,Auto Parts,1228.4000244140625,1250.300048828125,730.0999755859375,42.256622,29.493397,6.0378766,3.130120148148148,0.14583999,0.083859995,14.532,0.135,0.135,0.204,0.09259,0.12101,0.57837003,0.15668,0.68,258121700362.08725,2.125,1.202,2692437504.0,5.904,203.449,1295.5,1451.0,1140.0,2.0,2.0,912.316502380371,990.5860021972657,23.475906373779697,0.176,25.742,266253762560.0,29.07,41.65,0.4955,0.29751
ELGIEQUIP,ELGI EQUIPMENTS LTD,Industrials,Specialty Industrial Machinery,632.4500122070312,644.0,408.25,44.66455,34.560112,8.932909,2.116803317535545,0.20998,0.09361,23.885,0.211,0.207,0.226,0.10803001,0.12295,0.49808997,0.14029,0.42,199374475016.16257,2.082,1.389,2522374912.0,28.121,70.8,690.8,740.0,638.0,1.5,5.0,527.4307495117188,592.6589953613282,24.854412683456427,0.093,33.958,197527011328.0,14.16,18.3,0.45028,0.2002
SARDAEN,SARDA ENERGY & MIN LTD,Basic Materials,Steel,509.3500061035156,639.75,453.1000061035156,15.892356,10.761673,2.4372563,2.9430288888888887,0.15999,0.08412,35.204,0.054,0.055,-0.015,0.19941,0.35115,0.50598997,0.3234,0.39,179485411430.76468,4.501,2.707,5825299968.0,67.511,208.985,,,,,,520.6937498474122,508.5729998779297,-15.044614048195124,0.541,10.047,184082219008.0,32.05,47.33,0.74848,0.039619997
RATNAMANI,RATNAMANI MET & TUB LTD.,Basic Materials,Steel,2289.60009765625,3345.0,1936.5,37.168835,25.754782,3.9040961,,0.13578,0.07603,7.549,-0.434,-0.433,-0.085,0.099379994,0.12966,0.41978002,0.17719,0.43,160482663100.92242,3.92,1.993,661689280.0,113.347,586.461,2507.8,2804.0,2180.0,1.8,5.0,2410.3684997558594,2494.4400048828124,-4.432755196904736,0.34,20.462,157925736448.0,61.6,88.9,0.67226,0.25677
SANSERA,SANSERA ENGINEERING LTD,Consumer Cyclical,Auto Parts,3900.199951171875,4040.39990234375,1241.300048828125,75.307976,43.43594,7.8612456,1.9662656919060053,0.111269996,0.06474,19.023,0.383,0.391,0.333,0.09284,0.13137001,0.58574003,0.18455,0.08,243386397720.9507,1.748,0.994,-2113281280.0,64.015,496.13,3932.75,4500.0,2500.0,2.0,12.0,2408.4459997558592,3336.49400390625,193.0718220672076,0.756,35.348,244823064576.0,51.79,89.792,0.29209,0.51075
DEEPAKFERT,DEEPAK FERTILIZERS & PETR,Basic Materials,Chemicals,1464.199951171875,1681.0,866.4000244140625,18.786245,11.729239,2.7009528,0.98,0.10771,0.053150002,75.969,1.016,1.015,0.225,0.08131,0.22732,0.32618,0.16792999,0.68,185024096229.81833,1.363,0.679,-17372350464.0,52.472,542.105,1896.6666,2000.0,1790.0,1.0,3.0,1292.971000366211,1558.5859985351562,-1.8501204419406725,0.069,11.936,242619678720.0,77.94,124.83333,0.47094002,0.19150999
SYNGENE,SYNGENE INTERNATIONAL LTD,Healthcare,Diagnostics & Research,395.5,683.3499755859375,375.25,72.17153,37.10643,3.2847474,,0.06621,0.04777,9.473,-0.194,-0.193,-0.158,0.061389998,0.03899,0.67999,0.24004,0.31,159190007808.0,1.38,1.178,7275125248.0,31.511,120.405,501.875,735.0,340.0,2.125,8.0,490.64625,419.7080010986328,-40.744626149272904,0.07,17.825,154040729600.0,5.48,10.65853,0.52876,0.38485
INDIACEM,THE INDIA CEMENTS LIMITED,Basic Materials,Building Materials,370.6499938964844,485.7999877929687,342.3500061035156,125.21959,22.0625,1.134534,,0.0132,-0.0050175460115558,12.888,,0.8302658486707566,-0.005,0.020650001,0.08218,0.35979,0.10373,0.0,172294878442.80994,1.0055556528672729,0.5395864065854478,-2494066000.0,2.008,326.698,440.0,600.0,350.0,3.25,4.0,404.4662509155273,387.0800006103516,0.1080334629262269,0.236,27.33,126994841600.0,2.96,16.8,0.7523,0.13914
KANSAINER,KANSAI NEROLAC PAINTS LTD,Basic Materials,Specialty Chemicals,201.5099945068359,264.0,157.91000366210938,27.194332,20.177937,2.4271293,5.665485833333333,0.08796,0.055120002,4.526,0.048,0.048,0.098,0.07263,0.111870006,0.34877,0.11331,1.24,162977001125.2457,3.484,2.453,7030687744.0,31.964,83.024,248.88235,316.0,193.0,2.23529,17.0,212.34209999084473,206.191799621582,-17.48495599406844,0.368,14.927,139769511936.0,7.41,9.98665,0.75092006,0.11934
URBANCO,URBAN COMPANY LIMITED,Technology,Software - Application,145.49000549316406,201.17999267578125,100.6999969482422,,-210.34598,10.4669075,,-0.11921,-0.06041,6.335,-1.9793543543543544,-1.6951345755693583,0.436,-0.19415002,-0.20523001,0.50453,-0.19013001,0.0,214239879064.9048,4.511,4.27,360162496.0,11.142,13.9,138.7143,165.0,91.0,3.57143,7.0,129.38145000457763,134.911201171875,-12.791462029414348,1.1101,-64.886,212154761216.0,-2.26,-0.69167,0.32806,0.51373
REDINGTON,REDINGTON LIMITED,Technology,Information Technology Services,348.1000061035156,364.5,191.30999755859375,16.01196,11.64214,2.6783104,0.208760886571056,0.13089,0.044320002,27.26,0.767,0.765,0.346,0.013259999,0.01881,0.049050003,0.02003,1.79,272135672483.57224,1.413,1.027,-4321950208.0,14.199,129.97,379.66666,409.0,350.0,1.0,3.0,261.65134887695314,294.280998840332,41.24569300628611,0.885,10.976,281881509888.0,21.74,29.9,0.26005,0.37693
EMAMILTD,EMAMI LIMITED,Consumer Defensive,Household & Personal Products,407.3999938964844,634.2000122070312,376.3999938964844,23.755102,20.36161,6.081777,,0.2761,0.13336,5.541,-0.162,-0.164,0.149,0.19117,0.1765,0.67927,0.24609,3.0,177830098327.81543,2.308,1.461,4868286976.0,20.694,66.987,524.4091,640.0,404.0,1.43478,22.0,454.8812498474121,406.9649993896484,-34.97725611143069,0.156,17.38,167432765440.0,17.15,20.00824,0.5697,0.30175
OLAELEC,OLA ELECTRIC MOBILITY LTD,Consumer Cyclical,Auto Manufacturers,37.81999969482422,71.25,22.25,,-12.6456995,4.9782805,,-0.4316,-0.109799996,82.453,,,-0.45,-0.92606,-0.64176005,0.30957,-0.64972997,0.0,167114504891.52563,1.141,0.373,-4718750208.0,1.607,7.597,29.875,40.0,20.0,4.375,8.0,36.3606501865387,40.57119995117188,-28.92313409969487,1.353,-15.143,184975736832.0,-3.94,-2.99074,0.39256,0.24426001
JSWCEMENT,JSW CEMENT LIMITED,Basic Materials,Building Materials,125.12999725341795,162.14999389648438,106.6500015258789,22.225576,21.92125,2.562144,0.0319470691389967,-0.17950001,0.05091,68.39,6.957,9.851,0.199,0.10869,0.106000006,0.59103,0.18738002,0.4,168968663427.16678,0.724,0.442,-9012349952.0,3.337,48.838,150.0,180.0,125.0,1.6875,15.0,124.54880001068116,133.30219955444335,-18.65696173439352,1.0458,15.698,205802471424.0,5.63,5.70816,0.79624003,0.12465
FINCABLES,FINOLEX CABLES LTD,Industrials,Electrical Equipment & Parts,1291.199951171875,1374.0,700.7999877929688,24.693056,17.76066,3.245795,0.4641551879699248,0.12326,0.052729998,0.314,0.532,0.531,0.443,0.11532,0.11058,0.1869,0.104329996,0.61,197475263188.25897,8.417,5.814,-1306712448.0,135.279,397.807,1396.8334,1558.0,1008.0,1.16667,6.0,918.0302517700196,1095.1889990234374,54.228372234253385,0.584,24.928,180457996288.0,52.29,72.7,0.58698004,0.21205
CUPID,CUPID LIMITED,Consumer Defensive,Household & Personal Products,282.42999267578125,299.0,32.86800003051758,282.43,,84.13166,1.479465688842326,0.27297002,0.17278999,12.506,1.909,1.942,1.587,0.29297,0.37985,0.59728,0.37745,0.0,379772524935.4105,4.666,3.478,935256128.0,1.394,3.357,,,,,,124.06316967010498,219.4321987915039,746.511227997803,0.288,214.361,379395768320.0,1.0,,0.64459,0.0037
AARTIIND,AARTI INDUSTRIES LTD,Basic Materials,Specialty Chemicals,520.0499877929688,541.7000122070312,338.04998779296875,35.61986,25.901134,3.1567733,0.138061472868217,0.07249,0.03466,83.392,2.58,2.605,0.425,0.05901,0.08881,0.35997,0.14399,0.19,188635999924.18423,0.831,0.399,-6463949824.0,16.777,164.741,535.375,622.0,366.0,2.18182,24.0,436.438250579834,489.6680010986328,32.02589384391719,0.627,18.13,234887921664.0,14.6,20.07827,0.42150003,0.25125998
FRACTAL,FRACTAL ANALYTICS LIMITED,Technology,Software - Infrastructure,855.25,1118.0,733.7000122070312,44.777485,30.935434,4.474282,0.5807715304798962,0.115839995,0.06409,13.131,0.771,0.979,0.2,0.095290005,0.11299,0.31361,0.14637999,0.0,147073171456.0,2.996,2.728,1320875008.0,119.141,191.148,946.375,1200.0,700.0,2.25,8.0,881.7441874659339,863.6839978027343,0.9561441719298625,1.464,25.194,127301009408.0,19.1,27.64629,0.64454,0.10701
CHALET,CHALET HOTELS LIMITED,Consumer Cyclical,Lodging,852.9000244140625,1070.0999755859375,691.3499755859375,35.419437,27.0789,5.0472236,,0.19132,0.08327,64.041,-0.577,-0.576,-0.427,0.2212,0.33731,0.69152,0.44881,0.24,186780095714.5363,0.702,0.305,3834552576.0,14.74,168.984,1015.3809,1250.0,890.0,1.19048,21.0,824.0510021972656,824.6200048828125,-14.539075710013783,-0.058,19.257,206339211264.0,24.08,31.49685,0.67410004,0.28177
CENTURYPLY,CENTURY PLYBOARDS (I) LTD,Basic Materials,Lumber & Wood Production,772.75,859.0,618.5,59.12395,29.908403,6.5860686,1.07693897996357,0.107130006,0.060370002,67.105,0.549,0.549,0.335,0.05029,0.09201,0.48176,0.12349,0.13,171684184064.0,1.048,0.364,-1432767232.0,2.653,117.331,894.75,1164.0,756.0,1.73684,20.0,767.3302508544922,770.245,4.538688749855191,0.211,25.657,183423729664.0,13.07,25.83722,0.71883005,0.20893998
KAJARIACER,KAJARIA CERAMICS LTD,Industrials,Building Products & Equipment,1220.699951171875,1309.699951171875,869.5999755859375,35.55782,28.382154,6.3413973,0.641837906137184,0.16499001,0.11168,7.302,0.554,0.555,0.204,0.107980005,0.16424999,0.38839,0.18731001,0.99,191824519686.99927,2.972,2.074,6108624896.0,47.368,192.497,1358.7778,1700.0,1000.0,1.85185,27.0,1076.518497619629,1204.5180004882814,-4.4087743796495715,0.472,19.864,188102606848.0,34.33,43.00942,0.48789,0.31583
PSB,PUNJAB & SIND BANK,Financial Services,Banks - Regional,23.3799991607666,32.459999084472656,20.5,11.989743,,1.1269642,0.5058963291139241,0.09786,0.0080699995,98.72570958187738,0.237,0.232,0.109,0.28516,0.35354,0.0,0.0,1.68,165894777021.1479,,,-21338593000.0,8.855,20.746,,,,,,25.753949995040895,24.24679988861084,-20.34071939730644,0.493,,270280622080.0,1.95,,0.93848,0.014630001
CIEINDIA,CIE AUTOMOTIVE INDIA LTD,Consumer Cyclical,Auto Parts,403.7999877929687,526.0,381.1000061035156,17.088448,14.168421,1.9784322,1.0747451572327045,0.1226999999999999,0.0769906478579523,6.63,0.159,0.158,0.106,0.05728,0.11165,0.53404,0.13193,1.72,153186512361.11197,1.4957387079699551,1.050875967258154,8805670000.0,24.918,204.101,500.2,560.0,450.0,2.0,5.0,441.6192498779297,442.87299743652346,0.1612287997829531,1.0966,17.119,149967618048.0,23.63,28.5,0.66418,0.22624001
LMW,LMW LIMITED,Industrials,Specialty Industrial Machinery,19570.0,20151.0,11920.0,119.89952,51.82733,7.2933836,0.3123196665798385,0.046329997,0.00796,,3.839,3.84,0.24,0.05177,0.03893,0.38068,0.06429,0.18,209066311680.0,2.301,1.664,1016512512.0,1499.532,2683.254,11458.0,15198.0,7718.0,4.0,2.0,15243.29,16587.96,26.822629771239704,0.57,89.407,194061697024.0,163.22,377.6,0.58246,0.12550999
NAVA,NAVA LIMITED,Industrials,Conglomerates,556.75,739.4000244140625,501.6499938964844,20.813084,,1.8016634,,0.10309,0.06495,20.684,-0.446,-0.458,0.122,0.18333,0.25088,0.52576,0.39664,1.46,157772365824.0,7.59,6.018,-2487258624.0,123.428,309.02,,,,,,584.6587512207032,587.8240051269531,-6.796681551064465,0.442,10.105,171987746816.0,26.75,,0.52412,0.05639
VTL,VARDHMAN TEXTILES LIMITED,Consumer Cyclical,Textile Manufacturing,600.5,688.0,385.5,20.184874,13.710046,1.6255563,0.4102616666666666,0.07329,0.03679,17.52,0.492,0.496,0.133,0.08324,0.12849,0.45478,0.13604,0.84,173830225920.0,4.152,1.467,-7481762304.0,38.268,369.412,611.6667,682.0,431.0,2.5,6.0,538.5097494506836,624.612998046875,39.96038156042596,0.213,12.856,178158370816.0,29.75,43.8,0.65533996,0.16146
PINELABS,PINE LABS LIMITED,Technology,Software - Infrastructure,159.72999572753906,284.0,134.72999572753906,146.54128,39.65531,3.092905,0.5542408472012103,0.023929998,0.00487,7.474,2.644,3.089,0.196,0.044949997,0.03083,0.37041,0.15203,0.0,184305740990.18655,1.515,1.29,54810869760.0,71.457,51.644,194.0,220.0,145.0,,8.0,187.89113976671288,153.72540008544922,-36.33465019884351,1.4423,24.065,103595737088.0,1.09,4.02796,0.33131,0.68364
RUBICON,RUBICON RESEARCH LIMITED,Healthcare,Drug Manufacturers - General,1760.5999755859375,1820.0999755859375,570.75,100.893974,61.025993,22.552422,1.0433709824198552,0.26968,0.11745,24.131,0.967,1.119,0.435,0.14067,0.20713,0.67339,0.21922001,0.08,290661199937.4304,2.012,1.052,-1038927488.0,20.194,78.067,1897.5,1915.0,1880.0,1.0,2.0,966.2562490844726,1484.6699951171877,180.26105402330197,0.4253,77.178,296743960576.0,17.45,28.85,0.77614,0.123339996
COHANCE,COHANCE LIFESCIENCES LTD,Healthcare,Drug Manufacturers - Specialty & Generic,475.5499877929687,1038.9000244140625,266.70001220703125,171.6787,48.34343,4.6607013,,0.03836,0.026719999,9.928,-0.968,-0.838,-0.231,0.04961,-0.11457,0.70359004,0.14797,0.0,181944151489.62253,2.83,1.562,485724992.0,8.514,102.034,508.33334,1150.0,315.0,2.77778,9.0,436.3734999084473,439.9639990234375,-46.85107708376991,0.604,54.612,173050216448.0,2.77,9.83691,0.6396,0.22709998
AVANTIFEED,AVANTI FEEDS LIMITED,Consumer Defensive,Packaged Foods,857.1500244140625,1593.800048828125,614.25,22.034704,17.56455,3.5538962,,0.19055,0.107889995,0.357,-0.421,-0.421,0.183,0.083500005,0.048130002,0.25162,0.1008,1.16,116782951678.30954,5.578,3.61,3924180224.0,121.333,241.186,1166.0,1166.0,1166.0,3.0,1.0,1045.2109985351562,943.432999267578,31.636334527572064,0.168,16.391,105073606656.0,38.9,48.8,0.70921,0.10515001
BIKAJI,BIKAJI FOODS INTERN LTD,Consumer Defensive,Packaged Foods,607.0,818.7000122070312,592.5499877929688,58.98931,43.47004,9.470908,100.0,0.1596,0.094440006,17.531,0.004,0.004,0.125,0.08406,0.09911,0.34814999,0.13103,0.21,152196988928.0,2.467,1.531,2274510848.0,9.665,64.091,746.8182,800.0,680.0,1.09091,11.0,666.1230014038086,640.697001953125,-23.877604537819064,0.237,38.292,154310279168.0,10.29,13.96364,0.73877996,0.19497
ARE&M,AMARA RAJA ENERGY MOB LTD,Industrials,Electrical Equipment & Parts,930.8499755859376,1057.8499755859375,670.0,18.46192,15.9056635,2.103592,1.31,0.11567,0.05144,5.015,0.159,0.159,0.239,0.06303,0.05862,0.3152,0.101789996,1.14,170369150603.60742,1.641,0.584,-2894550016.0,19.866,442.505,1014.53845,1195.0,850.0,2.92308,13.0,869.4610018920898,886.4790026855469,-5.803484710854134,0.822,11.443,170373906432.0,50.42,58.52318,0.33269,0.29444
GALLANTT,GALLANTT ISPAT LIMITED,Basic Materials,Steel,582.4000244140625,948.0,496.25,28.989548,,4.238041,1.390866909597526,0.1846999999999999,0.1134219373650698,16.515326357470226,0.2084279078031174,0.0805607654222806,0.029396918123574,0.11146,0.13781,0.27563,0.16658,0.14,140522034946.64835,2.9513791608886755,2.1416573748337173,2541139000.0,4.2131300505309275,137.422,,,,,,627.750998840332,641.0399975585938,-8.355621650029498,0.88,18.68238021055415,144982351056.0,20.09,,1.07481,0.00064000004
ZYDUSWELL,ZYDUS WELLNESS LIMITED,Consumer Defensive,Packaged Foods,501.2999877929687,611.8499755859375,367.5499877929687,85.546074,31.415403,2.7376237,,0.0343,0.02655,54.974,-0.07,-0.07,0.669,0.041479997,0.12874,0.62626,0.12502,0.24,159493959892.2023,1.876,0.748,-347624992.0,3.611,183.115,614.4286,665.0,570.0,1.75,7.0,474.4009997558594,547.0689996337891,25.82831211669665,-0.095,33.078,187636793344.0,5.86,15.95714,0.69844,0.21133
TRAVELFOOD,TRAVEL FOOD SERVICES LTD,Consumer Cyclical,Restaurants,1316.199951171875,1470.9000244140625,1035.300048828125,36.48004,30.935598,12.018006,0.9574813648293964,0.35699,0.14886,16.722,0.381,0.381,0.206,0.27594,0.2662,0.69611,0.39673,0.0,173316531938.33765,1.91,1.565,2030051200.0,63.43,109.519,1573.25,1770.0,1365.0,1.25,4.0,1242.945498046875,1326.4659985351564,7.964890290418403,0.6408,24.609,168413396992.0,36.08,42.54645,0.86192,0.08946
INOXWIND,INOX WIND LIMITED,Industrials,Specialty Industrial Machinery,73.9000015258789,159.3000030517578,72.69999694824219,30.53719,15.395833,1.7321395,,0.067540005,0.04117,20.631,-0.383,-0.584,-0.015,0.078260005,0.11532,0.37368,0.19539,0.0,127716780621.0817,2.009,1.283,-15613131776.0,5.144,42.664,111.66667,138.0,88.0,1.16667,6.0,100.63819980621338,81.83480010986328,-48.7481792949485,0.47,12.902,110543208448.0,2.42,4.8,0.47226003,0.21302
IGIL,INTL GEMOLOGICAL INST LTD,Basic Materials,Other Precious Metals & Mining,335.79998779296875,392.0,287.0,28.361485,18.961166,9.752556,0.88629640625,0.2739999999999999,0.2434584327587739,9.594,0.32,0.31,0.232,0.44739,0.56596,0.77012,0.58283,1.51,145119210340.61346,5.041,2.969,4387440000.0,13.864,34.432,495.5,570.0,410.0,1.5,4.0,338.39025024414065,351.177001953125,-1.3223626686515444,1.2822,17.838,141679034368.0,11.84,17.70988,0.76555,0.10339
DCMSHRIRAM,DCM SHRIRAM LIMITED,Industrials,Conglomerates,1079.699951171875,1414.4000244140625,945.0999755859376,11.495954,25.197199,2.2378407,0.0224969745596868,0.11617,0.046290003,37.802,5.11,5.11,0.093,0.103520006,0.05841,0.33099997,0.10985,1.39,167196729974.73,1.495,0.562,37750000.0,55.973,482.474,,,,,,1122.3644970703126,1030.7660009765625,-14.722378011878456,-0.375,12.381,188232007680.0,93.92,42.85,0.77972,0.092700005
BRIGADE,BRIGADE ENTER. LTD,Real Estate,Real Estate - Development,625.75,802.0125122070312,450.75,31.683544,16.30029,29.92158,0.9373829585798816,0.10786,0.02883,84.316,0.338,0.337,-0.08,0.12536,0.29838,0.53089,0.26914,0.34,204096094208.0,1.241,0.257,-22391599104.0,83.866,20.913,769.43335,940.0,560.0,1.2,15.0,577.0008744812012,553.7692517089844,-12.75401424932351,0.127,15.97,227943415808.0,19.75,38.38889,0.46717,0.37467
GABRIEL,GABRIEL INDIA LTD,Consumer Cyclical,Auto Parts,1436.800048828125,1600.0,795.7000122070312,81.22103,35.8432,15.101955,2.0005179802955664,0.19584998,0.09482,10.642,0.406,0.732,0.298,0.052360002,0.06444,0.25731,0.09242,0.35,254644101581.80957,1.664,1.152,885408768.0,19.801,95.14,1570.4286,1721.0,1315.0,1.83333,7.0,1085.5815020751952,1339.7800073242188,21.116074322634827,0.722,56.381,253165682688.0,17.69,40.08571,0.64338994,0.1626
JUBLPHARMA,JUBILANT PHARMOVA LTD,Healthcare,Drug Manufacturers - Specialty & Generic,871.0499877929688,1184.800048828125,786.0499877929688,39.360596,17.231455,1.9451156,0.14,0.05962,0.03622,50.943,-0.45,-0.451,0.173,0.040900003,0.05414,0.64978,0.12375,0.58,137963141234.5629,1.619,0.948,-5682500096.0,80.0,447.814,1088.5,1327.0,850.0,2.5,2.0,974.7550015258788,958.1810034179688,-19.652245419322966,0.506,15.112,160984055808.0,22.13,50.55,0.58125997,0.2186
CHENNPETRO,CHENNAI PETROLEUM CORP LT,Energy,Oil & Gas Refining & Marketing,1390.5,1489.699951171875,639.7999877929688,4.96111,3.467581,1.8639286,0.0244993086419753,0.32126,0.13972999,17.68,2.025,2.026,0.848,0.054780003,0.051149998,0.1165,0.08154,4.3,207061286912.0,1.623,0.218,13170074624.0,90.134,746.005,1540.0,1540.0,1540.0,,1.0,1028.7122509765625,1216.8280029296875,110.8575288893101,0.038,3.552,220694740992.0,280.28,401.0,0.69061,0.06467
JINDALSAW,JINDAL SAW LIMITED,Basic Materials,Steel,269.75,281.0,153.0,26.342773,11.577253,1.3670064,,0.0482,0.0448834986722359,38.19,-0.754,-0.754,0.09,0.03578,0.05233,0.41217998,0.102919996,0.74,171998298112.0,1.6116826121071337,0.7604272928010559,6953781000.0,8.516,197.329,323.0,344.0,302.0,1.0,2.0,209.9714500427246,262.1595993041992,31.163082367336624,0.441,11.161,209787551744.0,10.24,23.3,0.75518996,0.13627
ABDL,ALLIED BLEND N DISTILS L,Consumer Defensive,Beverages - Wineries & Distilleries,595.4500122070312,711.7000122070312,382.1000061035156,75.46895,38.34866,10.017328,,0.13551,0.07569,68.251,-0.129,-0.13,0.061,0.05554,0.09467,0.45597,0.13609,0.9,166553406806.43042,1.344,0.909,-850016384.0,4.814,59.442,732.0909,822.0,650.0,1.18182,11.0,563.2287484741211,630.9149987792969,13.98353452890886,0.814,32.812,177670045696.0,7.89,15.52727,0.80926,0.042579997
J&KBANK,J & K BANK LTD.,Financial Services,Banks - Regional,148.19000244140625,201.75,97.3499984741211,7.08704,5.8805556,0.989259,0.5312447429641369,0.14609,0.01248,20.794216650161395,0.1334044259987798,-0.2631162894605695,-0.0154964259521548,0.34216,0.23302999,0.0,0.0,1.43,163184233088.43378,,,-15950400000.0,71.33459044198382,149.799,218.0,218.0,218.0,,1.0,128.05660022735594,164.15120025634766,42.09416160753221,0.476,,118941830400.0,20.91,25.2,0.64322996,0.120170005
NIVABUPA,NIVA BUPA HEALTH INS CO L,Financial Services,Insurance - Life,82.87999725341797,91.4000015258789,67.5,78.18868,24.448376,3.9699187,0.8668368070953437,0.121350005,0.02996,9.883,0.902,0.893,0.8,0.04815,0.07789,0.10831001,0.06689,0.0,153264483368.92798,2.511,0.325,-5019737600.0,0.859,20.877,100.0,105.0,90.0,1.81818,10.0,79.02974994659424,85.65940002441407,-1.7543899315145215,0.3137,31.264,160946225152.0,1.06,3.39,0.76918,0.15738
USHAMART,USHA MARTIN LTD.,Basic Materials,Steel,495.6499938964844,527.5,362.5499877929687,28.40401,21.272533,4.5744424,0.6961767156862746,0.16228001,0.09245,6.922,0.408,0.407,0.164,0.13215,0.16892,0.49862,0.19978,0.75,150875994302.08817,3.278,1.612,2518162432.0,15.662,108.352,603.0,615.0,594.0,1.0,3.0,455.01674896240235,498.17099853515623,36.13018005706057,0.278,19.594,150191783936.0,17.55,23.3,0.40181,0.26877
CAPLIPOINT,CAPLIN POINT LAB LTD.,Healthcare,Drug Manufacturers - Specialty & Generic,2529.699951171875,2699.0,1500.300048828125,28.940622,22.851852,5.475257,1.8201649056603777,0.19939,0.11858,0.127,0.159,0.158,0.196,0.29089,0.31434,0.59969,0.34714,0.31,192286781824.49146,6.7,4.94,21262500.0,132.424,462.024,2765.0,2840.0,2690.0,1.0,2.0,2010.0874987792968,2542.611997070313,19.27483934420342,0.373,23.504,186628276224.0,87.41,110.7,0.73437,0.05706
AGARWALEYE,DR AGARWALS HEALTH CARE L,Healthcare,Medical Instruments & Supplies,503.1000061035156,568.0,401.0,107.730194,59.876102,7.869176,2.1763675555555557,0.083100006,0.04816,50.3,0.495,0.505,0.26,0.06724,0.15,0.43609002,0.22760999,0.0,159474173838.711,1.242,0.959,-377462496.0,8.957,63.933,584.2,620.0,555.0,1.2,5.0,473.1940005493164,487.00500061035154,11.762748622675211,0.2971,33.4,167756644352.0,4.67,8.40235,0.67851996,0.26736
SOBHA,SOBHA LIMITED,Real Estate,Real Estate - Development,1303.5999755859375,1732.0,1130.0,60.54807,18.032072,2.9539592,0.2209783576642336,0.04168,0.00695,24.62,2.74,2.734,0.5,0.04106,0.03862,0.32201,0.063379996,0.47,139425002956.82266,1.14,0.133,3174476288.0,139.299,441.306,1752.1666,1930.0,1480.0,1.33333,18.0,1422.272000732422,1396.7319970703124,-13.4165783259519,0.446,37.356,132991647744.0,21.53,72.29341,0.58472997,0.28689
ATLANTAELE,ATLANTA ELECTRICALS LTD,Industrials,Electrical Equipment & Parts,1688.5999755859375,2152.60009765625,707.5999755859375,57.8684,30.983486,13.973387,0.5121097345132745,0.31548,0.16755,5.461,1.13,0.504,0.48,0.10858,0.14361,0.29797,0.18485,0.0,129847638186.641,1.694,0.956,366554240.0,12.989,120.844,1890.0,1950.0,1830.0,1.0,2.0,1295.9315014648437,1711.1820068359375,105.08896892651806,0.9711,35.529,131529474048.0,29.18,54.5,0.94949996,0.050300002
JPPOWER,JAIPRAKASH POWER VEN. LTD,Utilities,Utilities - Independent Power Producers,17.100000381469727,24.5,13.149999618530272,24.428572,-10.058824,1.31286,0.3608356277695716,0.03603,0.03153,26.634,0.677,0.686,0.122,0.111420006,0.36141,0.36722,0.2658,0.0,117194156598.38724,2.697,1.208,2801449984.0,1.102,13.025,,,,,,17.33160006046295,17.603800048828123,-10.236214874997074,0.331,11.839,181131001856.0,0.7,-1.7,0.32986,0.111540005
CHOICEIN,CHOICE INTERNATIONAL LTD,Financial Services,Capital Markets,809.7000122070312,860.5,568.7000122070312,70.2255,53.872257,9.57828,4.560097402597402,0.16240999,0.07692,49.768,0.154,0.153,0.344,0.20173,0.27432,0.65199995,0.0,0.0,180382141087.4398,1.967,1.507,-3692326000.0,26.701,84.535,,,,,,746.4444976806641,785.237998046875,1.599849401431186,-0.274,44.07669785133525,167897595904.0,11.53,15.03,0.67323995,0.106929995
ZENTEC,ZEN TECHNOLOGIES LIMITED,Industrials,Aerospace & Defense,1909.0999755859375,2043.699951171875,1223.0,95.359634,36.447117,9.553095,,0.11828,0.06618,0.95,-0.279,-0.278,-0.105,0.26845,0.21792,0.69635004,0.33203,0.05,171708528492.1471,8.857,7.313,3740043776.0,39.452,199.841,1822.5,2170.0,1600.0,2.0,6.0,1535.4779962158202,1799.2739892578124,34.434195367001344,0.068,76.744,171007098880.0,20.02,52.38,0.4991,0.114209995
SHRIPISTON,SPR AUTO TECHNOLOGIES LTD,Consumer Cyclical,Auto Parts,4513.7998046875,4589.0,2485.0,35.31096,23.620092,6.85367,,0.1904461198219712,0.0898011208073948,67.85244513812673,-0.506,-0.506,-0.053,0.08016,0.05479,0.67314005,0.16461,0.22,198832070244.51947,1.939,1.162,4337200000.0,23.779209651325736,658.596,4850.0,4850.0,4850.0,,1.0,3374.433494873047,4205.713979492188,73.46756985840577,1.2719,22.63101134291081,217469308848.0,127.83,191.1,0.67016,0.13454
KFINTECH,KFIN TECHNOLOGIES LIMITED,Technology,Software - Application,961.0,1215.0,784.9500122070312,48.732254,34.54763,9.909669,,0.22312,0.12695,3.314,-0.025,-0.026,0.301,0.24400999,0.26553,0.58879,0.35134998,1.27,166130073600.0,3.304,3.103,2706848768.0,32.28,96.976,1100.7648,1250.0,950.0,1.44444,17.0,959.3652520751951,904.807999267578,-13.873457792971475,-0.243,32.225,158538186752.0,19.72,27.81667,0.14502,0.64468
ANURAS,ANUPAM RASAYAN INDIA LTD,Basic Materials,Specialty Chemicals,1239.4000244140625,1415.0,1045.199951171875,80.272026,33.09479,4.2283025,,0.05763,0.036229998,41.317,-0.076,-0.043,0.275,0.07192,0.14881,0.44059,0.22188,0.12,141105498843.53717,1.425,0.526,-4810796032.0,36.103,293.12,1194.1666,1700.0,835.0,3.14286,6.0,1269.7715045166017,1247.7540087890625,7.933464400607471,0.105,31.54,165534482432.0,15.44,37.45,0.83936995,0.00671
BASF,BASF INDIA LTD,Basic Materials,Specialty Chemicals,3856.199951171875,4829.89990234375,3122.199951171875,27.0307,22.16207,4.2178097,0.1666504315659679,0.10965,0.04164,3.35,1.622,1.622,0.245,0.040120002,0.09601,0.16985,0.05766,0.64,166918076350.44345,1.69,0.849,-1812500.0,200.984,914.266,4350.0,4350.0,4350.0,3.0,1.0,3733.04599609375,3728.003994140625,-15.891639429287718,0.379,17.609,162738569216.0,142.66,174.0,0.73817,0.09807
JBMA,JBM AUTO LIMITED,Consumer Cyclical,Auto Parts,623.3499755859375,790.0,477.0,65.82365,31.450554,12.911677,4.668343971631207,0.15988,0.05021,190.282,0.141,0.147,0.15,0.03571,0.08274,0.31952,0.11637,0.14,147418687858.21448,1.104,0.506,-9825498112.0,5.462,48.278,,,,,,617.6719993591308,672.2129943847656,-3.0409158633868283,0.142,24.121,176196403200.0,9.47,19.82,0.83002,0.015520001
MINDACORP,MINDA CORPORATION LTD,Consumer Cyclical,Auto Parts,743.2999877929688,769.0,468.5,35.804432,31.987583,6.6296816,0.1659148841519926,0.14739001,0.0592,55.351,2.158,2.155,0.332,0.07539,0.07735,0.35548002,0.107650004,0.22,174943761606.94202,0.941,0.532,780075008.0,5.88,112.117,794.0,860.0,675.0,1.25,8.0,595.7547509765625,692.9330017089844,46.333294601834375,0.466,26.2,187436171264.0,20.76,23.23714,0.67469,0.17889999
JSWHL,JSW HOLDINGS LIMITED,Financial Services,Asset Management,11465.0,22790.0,10530.0,92.84153,,0.3854526,,0.0038,0.0039419174412691,,-0.51,-0.511,-0.419,0.76741,0.89515996,1.0,0.94146,0.0,127243591680.0,16.386226025376217,16.386226025376217,1398043000.0,2.330688336502849,29744.254,,,,,,15054.795,11744.46,-36.87021639777546,1.1179,76.90677421636447,127217724680.0,123.49,,0.66293997,0.00592
APOLLO,APOLLO MICRO SYSTEMS LTD,Industrials,Aerospace & Defense,386.75,466.5,179.5,116.14114,47.45399,10.165326,2.985633419023136,0.1121,0.06674,41.527,0.389,0.454,0.881,0.118710004,0.18360001,0.31913,0.22492,0.06,143716106240.0,1.905,0.729,-4893331968.0,4.351,38.046,410.0,420.0,400.0,3.0,2.0,301.9444499206543,402.5589996337891,90.67691983858468,1.334,62.027,142586134528.0,3.33,8.15,0.50806,0.01819
MAHSCOOTER,MAHARASHTRA SCOOTERS LTD,Financial Services,Asset Management,13138.0,18538.0,10901.0,53.985863,,0.5433315,,0.010620001,0.0059100003,,-0.906,-0.906,-0.815,0.9625,0.84103996,1.0,0.98463994,0.9,150148530176.0,2.424,1.861,1626974976.0,0.114,24180.45,,,,,,13226.33,12997.58,-16.842838154313565,0.071,53.535,152535793664.0,243.36,,0.62189996,0.07852
AETHER,AETHER INDUSTRIES LIMITED,Basic Materials,Specialty Chemicals,1634.4000244140625,1692.0,726.4500122070312,92.28685,57.202213,8.829869,2.706359237536657,0.09375,0.06356,18.646,0.341,0.335,0.275,0.1912,0.2491,0.48695,0.31237,0.0,216930405544.42612,1.782,0.652,-6006792704.0,0.43,185.099,1481.5,1729.0,1070.0,2.66667,6.0,1114.2865029907227,1434.9799951171874,112.75709430392315,-0.133,57.329,220276686848.0,17.71,28.57232,0.76575,0.10954001
VENTIVE,VENTIVE HOSPITALITY LTD,Consumer Cyclical,Lodging,574.5,793.9500122070312,542.5999755859375,35.528755,21.129465,2.4364488,0.1768479591836734,0.07925,0.059159998,38.079,2.009,1.998,0.07,0.19096,0.19038999,0.73245,0.4234,0.0,134169657344.0,1.181,0.75,7157956096.0,19.61,235.794,753.25,840.0,720.0,1.375,8.0,671.1397518920899,621.3530029296875,-21.67155355669479,0.9301,16.061,170742185984.0,16.17,27.18952,0.90011,0.055359997
APLLTD,ALEMBIC PHARMA LTD,Healthcare,Drug Manufacturers - Specialty & Generic,814.0999755859375,1002.0,635.7999877929688,23.049263,16.951899,2.8198626,1.9048977685950417,0.12356,0.06025,25.224,0.121,0.121,0.257,0.089090005,0.10892,0.70559996,0.14577,1.47,160022031681.09567,1.763,0.645,203487504.0,9.99,288.702,949.3,1132.0,800.0,2.2,10.0,792.5547506713867,808.5090002441407,-17.11886224627768,0.301,15.244,172967755776.0,35.29,48.02412,0.70672,0.17082001
JSWDULUX,JSW DULUX LIMITED,Consumer Discretionary,Paints,3086.10009765625,3745.0,2667.0,7.159993,31.125568,5.732665,0.0199133393349737,1.3458,0.5200642900429479,3.2264643498123675,3.595576251455181,0.1574585635359116,-0.1143980805857182,0.0791,0.1195676460730644,0.3885878672773992,0.6846162439950844,1.620167849389197,140541972831.29645,1.574002799160252,1.0744401679496152,-11058000000.0,59.24421162313462,538.336,3399.0,3448.0,3350.0,2.5,2.0,3080.505008544922,3092.116005859375,-8.222803543981394,0.3958,5.6557999503916445,138634968384.0,433.42,,,
BEML,BEML LIMITED,Industrials,Conglomerates,1962.800048828125,2275.75,1355.0,91.54851,27.129234,5.5722423,1.06,0.04858,0.02091,10.529,-0.375,-0.375,0.293,0.03934,-0.02615,0.46852002,0.077410005,0.66,163479654370.84573,2.014,1.067,298826496.0,4.49,352.246,2101.0,2332.0,1960.0,1.33333,3.0,1767.9479998779298,1805.3899951171877,-4.0242495594491885,0.676,47.041,165175230464.0,21.44,72.35,0.54218,0.22399999
DEVYANI,DEVYANI INTERNATIONAL LTD,Consumer Cyclical,Restaurants,147.7899932861328,191.0,91.5500030517578,,144.01395,11.818472,,-0.025880001,0.02083,203.327,3.0,2.972,0.165,-0.0047400002,0.04709,0.50776,0.104490004,0.0,182216155050.2064,0.51,0.334,2921446144.0,4.014,12.505,150.86957,186.0,123.0,1.56522,23.0,123.00469993591308,119.5195994567871,-12.88535301904574,0.316,34.935,213003419648.0,-0.21,1.02622,0.64236,0.20333
GRAPHITE,GRAPHITE INDIA LTD,Industrials,Electrical Equipment & Parts,717.0499877929688,802.4000244140625,505.7999877929687,65.724106,14.002148,2.3910754,2.314229084507043,0.029189998,0.00885,6.295,0.284,0.284,0.266,0.07044,0.14371,0.51773,0.09994,0.98,140094076591.04388,3.22,2.346,-2029124992.0,149.114,299.886,892.0,971.0,805.0,1.0,3.0,647.1342501831055,657.1519982910156,31.871262122844833,0.966,37.898,114716057600.0,10.91,51.21,0.65963995,0.13525
GRWRHITECH,GARWARE HI-TECH FILMS LTD,Basic Materials,Specialty Chemicals,7109.5,7990.0,2681.0,42.54638,39.02031,6.2180276,0.7114779264214047,0.13454,0.08554,0.59,0.598,0.598,0.279,0.17176001,0.25145,0.49443,0.22044,0.17,165170708480.0,4.433,2.83,604724992.0,332.997,1143.369,,,,,,4752.205500488281,6915.82,143.37601392701438,0.754,31.521,156909027328.0,167.1,182.2,0.62536997,0.09977999
FINEORG,FINE ORGANIC IND. LTD.,Basic Materials,Specialty Chemicals,5066.2001953125,5407.0,3856.0,35.395794,32.442368,5.8295436,1.966433,0.16818,0.09677,3.464,0.18,0.18,0.18,0.17726,0.23356001,0.40521,0.21237,0.21,155329582948.27682,8.487,6.598,2212231168.0,473.105,869.056,5336.8184,6357.0,4009.0,2.09091,11.0,4594.0220080566405,5043.354013671875,4.587122116277875,0.216,27.378,143706439680.0,143.13,156.16,0.76028997,0.13839
ECLERX,ECLERX SERVICES LTD,Technology,Information Technology Services,1804.800048828125,2497.5,1320.0,23.387327,18.395124,6.5182295,1.244006755319149,0.29,0.16003999,15.012,0.188,0.16,0.233,0.16814,0.18712,0.36074,0.25432,0.05,166087217549.42154,3.405,2.908,4889894912.0,112.818,276.885,1913.7,2150.0,1520.0,2.5,10.0,1826.470501098633,1674.3200048828126,-9.531562545318597,0.399,14.709,162154299392.0,77.17,98.11295,0.58055997,0.32344002
CCL,CCL PRODUCTS (I) LTD,Consumer Defensive,Packaged Foods,1112.4000244140625,1242.199951171875,815.5,34.343933,23.427916,6.3187313,0.5630152950819672,0.18002,0.086,56.487,0.61,0.613,0.138,0.0938,0.13101,0.35567,0.17021,0.51,148322241719.25745,1.487,0.696,5624715264.0,16.248,176.048,1347.1818,1511.0,1142.0,1.72727,11.0,1065.4979986572266,1164.4979931640626,23.435420477836463,0.047,20.505,160940310528.0,32.39,47.48182,0.49153,0.261
RAINBOW,RAINBOW CHILDRENS MED LTD,Healthcare,Medical Care Facilities,1453.5,1610.0,1084.0,51.78126,36.74352,8.952218,3.893327819548872,0.17941,0.0955,53.558,0.133,0.132,0.332,0.1568,0.1967,0.72923,0.32049,0.24,147457785856.0,3.593,3.21,1193245056.0,48.199,162.362,1755.7858,2000.0,1550.0,1.5,14.0,1320.5924981689452,1471.9099975585937,-8.012149708374706,0.153,26.141,152489803776.0,28.07,39.558,0.52594,0.36591
THELEELA,LEELA PALACES HOTEL LTD,Consumer Cyclical,Lodging,539.7000122070312,544.3499755859375,384.5,39.889137,28.941784,2.7975907,0.1031526687354538,0.08014,0.04583,28.065,3.867,4.567,0.281,0.27621,0.31457,0.73050004,0.48299998,0.0,180237078508.6344,1.02,0.759,684812480.0,10.021,192.916,600.8,676.0,540.0,1.33333,15.0,439.4392504882812,489.46900146484376,24.28324978860823,0.6129,24.946,193322631168.0,13.53,18.64778,0.75907,0.120799996
PGEL,PG ELECTROPLAST LTD,Technology,Electronic Components,602.0499877929688,644.4000244140625,436.5499877929687,83.38643,36.35568,5.642984,6.0866007299270075,0.0669,0.03375,19.567,0.137,0.138,0.353,0.03537,0.05983,0.16988,0.07162,0.04,172485341782.7257,1.462,0.606,-7426381312.0,13.64,106.69,690.5,780.0,559.0,1.4,10.0,556.2270011901855,582.4770056152344,12.19717017980917,-0.142,41.731,173891010560.0,7.22,16.56,0.45056,0.2618
ABREL,ADITYA BIRLA REAL EST LTD,Real Estate,Real Estate Services,1445.5,1965.300048828125,1080.0999755859375,45.86,24.070148,4.3203936,,-0.08911,-0.01411,152.371,,,0.297,-0.25416002,-0.38474998,0.58744997,-0.80021006,0.18,159840272384.0,1.437,0.252,2291837440.0,214.21,334.576,1887.25,2200.0,1750.0,1.0,12.0,1425.9680004882812,1381.263994140625,-19.894707675256303,0.428,-51.114,187162804224.0,-31.81,60.05364,0.55161,0.21176
SHAILY,SHAILY ENG PLASTICS LTD,Basic Materials,Specialty Chemicals,3350.0,3615.199951171875,1770.9000244140625,87.26231,42.277744,21.481106,5.225288023952096,0.26877,0.13868,24.755,0.167,0.167,0.138,0.17255,0.24588,0.55152,0.28694,0.09,154084081664.0,1.246,0.664,-117790752.0,5.473,155.951,3916.6667,4500.0,3550.0,1.33333,6.0,2496.5075024414064,2990.4819873046877,75.13592191992959,-0.111,53.195,156397600768.0,38.39,79.23791,0.50311,0.33653998
KSB,KSB LIMITED,Industrials,Specialty Industrial Machinery,802.5,1028.300048828125,666.6500244140625,56.83428,35.98655,8.219304,,0.15192,0.06953,0.371,-0.186,-0.188,0.036,0.09007,0.09671,0.45458,0.12933,0.55,139666472960.0,2.044,0.956,-1268770048.0,10.158,97.636,936.0,1047.0,825.0,1.5,2.0,809.7272479248047,878.4379968261719,0.1435108815248442,-0.148,39.325,138619551744.0,14.12,22.3,0.69966006,0.14050001
INGERRAND,INGERSOLL-RAND INDIA LTD,Industrials,Specialty Industrial Machinery,4705.60009765625,4768.7001953125,3063.300048828125,55.399105,39.311615,24.125715,2.8409797435897435,0.41799,0.20605,1.468,0.195,0.195,0.203,0.18365999,0.25123,0.42995998,0.25087,1.62,148546391050.81262,1.866,1.237,1649288960.0,49.897,195.045,5029.0,5029.0,5029.0,2.0,1.0,3949.434497070312,4452.001982421875,24.54278476680898,0.22,39.692,145034952704.0,84.94,119.7,0.75196,0.105979994
POLYMED,POLY MEDICURE LIMITED,Healthcare,Medical Instruments & Supplies,1769.5999755859375,2144.89990234375,1182.0,57.454548,36.262295,5.7747407,,0.10845,0.05745,11.227,-0.075,-0.076,0.303,0.15774,0.16911,0.69494003,0.22881001,0.2,179369244245.3549,3.374,2.36,-3093554432.0,81.621,306.438,1824.8334,2240.0,1400.0,2.16667,6.0,1597.5780029296875,1682.648005371094,-10.026442360507614,0.008,38.306,175072411648.0,30.8,48.8,0.64626,0.18039
LTFOODS,LT FOODS LIMITED,Consumer Defensive,Packaged Foods,431.0,480.0,333.1499938964844,23.385784,14.247934,8.397304,0.3307748797736916,0.14936,0.07445,28.488,0.707,0.71,0.238,0.05485,0.1086,0.32944,0.1112,0.93,149666004992.0,1.763,0.325,500996736.0,1.458,51.326,519.0,520.0,518.0,2.0,2.0,396.2552493286133,393.3019982910157,-5.17051705170517,0.36,11.019,143042166784.0,18.43,30.25,0.61607,0.16088
SCI,SHIPPING CORP OF INDIA LT,Industrials,Marine Shipping,291.1499938964844,368.75,195.5500030517578,8.376007,88.22727,1.4902493,0.1116800933333333,0.2193,0.1015820099861095,29.454,0.75,0.749,0.403,0.01102,0.32518002,0.23034,0.12715,2.54,135617377508.98853,0.645,0.496,-2072300000.0,9.341,195.37,,,,,,265.65309936523437,294.9049987792969,36.05775336352575,1.2505,33.924,159977996288.0,34.76,3.3,0.63749003,0.05993
INOXINDIA,INOX INDIA LIMITED,Industrials,Specialty Industrial Machinery,1923.5999755859375,2119.800048828125,1068.199951171875,69.69565,41.93895,15.6220045,,0.25901,0.102110006,7.251,-0.049,-0.05,0.092,0.15748,0.17899999,0.55291003,0.20387,0.1,174592669528.0942,1.79,1.174,-706402368.0,34.474,123.134,2153.3333,2250.0,2010.0,1.33333,3.0,1425.283998413086,1928.5520043945312,69.70445307330723,0.512,52.404,172882182144.0,27.6,45.86667,0.75027,0.10175
JYOTICNC,JYOTI CNC AUTOMATION LTD,Industrials,Specialty Industrial Machinery,949.75,1055.9000244140625,580.0999755859375,67.07274,42.11752,10.79924,,0.18224001,0.09297,42.585,-0.201,-0.2,0.24,0.14681,0.18441999,0.55678004,0.24509001,0.0,215995088896.0,2.256,0.625,-2847062528.0,6.023,87.946,870.5,901.0,840.0,1.5,2.0,819.4525024414063,794.4610009765624,0.3964059196617242,-0.455,41.626,223566397440.0,14.16,22.55,0.67688006,0.16845
VINATIORGA,VINATI ORGANICS LTD,Basic Materials,Specialty Chemicals,1330.5,1849.9000244140625,1203.0,30.763006,23.678064,4.3617373,6.836223555555556,0.14903,0.09873,0.0,0.045,0.045,0.284,0.18834,0.19941,0.44389,0.27899998,0.57,138026926080.0,5.397,3.264,1620225024.0,18.954,305.039,1642.2142,2000.0,1170.0,1.85714,14.0,1428.1739965820314,1327.4979956054688,-21.89609627238039,0.235,20.412,135582097408.0,43.25,56.19125,0.75254995,0.11401
VIJAYA,VIJAYA DIAGNOSTIC CEN LTD,Healthcare,Diagnostics & Research,1498.4000244140625,1573.0,848.0,82.42024,54.566647,16.101267,2.2096579088471855,0.19698,0.110190004,44.15,0.373,0.385,0.228,0.21874,0.31785,0.88465,0.43291,0.13,154331777490.59262,2.599,2.503,-14455875.0,28.095,93.061,1530.3,1700.0,1300.0,1.33333,10.0,1130.0084997558597,1370.5940014648438,44.24335329059854,0.341,41.683,154669170688.0,18.18,27.46,0.5348,0.39666
EIDPARRY,EID PARRY INDIA LTD,Basic Materials,Agricultural Inputs,810.25,1196.4000244140625,698.2000122070312,31.103647,10.817757,1.6392697,,0.099130005,0.06261,23.647,-0.424,-0.425,0.034,0.01197,0.0563,0.22572,0.08554,0.0,144188604416.0,1.419,0.6,-12808537088.0,186.584,494.275,1166.0,1166.0,1166.0,,1.0,864.3542517089844,757.9010021972656,-29.89097220447142,0.022,6.121,203309711360.0,26.05,74.9,0.48033002,0.25122
VGUARD,V-GUARD IND LTD.,Industrials,Electrical Equipment & Parts,336.8500061035156,392.2000122070313,288.79998779296875,40.584335,30.17096,6.200302,0.5326028215223098,0.13793,0.074250005,6.964,0.762,0.764,0.235,0.057800002,0.09019,0.35374,0.087790005,0.45,147166759530.57147,1.803,0.709,2295462400.0,5.486,54.328,398.35294,470.0,306.0,1.41176,17.0,322.50575134277346,310.1600012207031,-9.07005128798264,-0.02,26.149,144865050624.0,8.3,11.16471,0.55527,0.34632
ASTRAMICRO,ASTRA MICROWAVE LTD,Technology,Communication Equipment,1684.199951171875,1960.0,851.0,84.63316,52.280903,12.166349,,0.15994,0.09443,21.883,-0.246,-0.241,-0.115,0.16587,0.11986,0.5109,0.28628,0.14,159906377188.0133,3.127,1.816,3062138368.0,26.414,138.431,1663.6666,2230.0,1068.0,2.0,9.0,1200.1894967651367,1732.7219946289065,69.47924036949686,0.519,50.013,163183034368.0,19.9,32.21444,0.30567,0.22802
KEC,KEC INTL. LIMITED,Industrials,Engineering & Construction,424.1000061035156,937.7999877929688,418.0,20.39923,11.482946,1.8328125,,0.10524999,0.03858,87.306,-0.417,-0.417,0.0,0.02355,0.04777,0.23653999,0.06403,1.3,112895419992.75584,1.233,1.061,-18438062080.0,15.569,231.393,548.9167,648.0,411.0,1.79167,24.0,586.4322505187988,489.30000244140626,-48.302551505459505,0.081,10.788,162368700416.0,20.79,36.93303,0.04555,0.75169
TEGA,TEGA INDUSTRIES LIMITED,Industrials,Specialty Industrial Machinery,1776.5,2125.0,1473.0,467.5,20.210466,3.948436,,0.05939,0.026530001,11.693,-0.636,-0.581,3.84,0.00691,0.10032,0.4993,0.12267,0.12,133464350720.0,4.715,3.845,907703744.0,308.966,449.925,1798.75,1880.0,1740.0,2.75,4.0,1751.0039959716796,1660.949997558594,-0.9202453987730008,0.4,29.441,110487584768.0,3.8,87.9,0.67437,0.18596001
DOMS,DOMS INDUSTRIES LIMITED,Industrials,Business Equipment & Supplies,2209.89990234375,2770.0,2023.9000244140625,61.81538,42.092667,10.993925,,0.20091999,0.12165,10.849,-0.225,-0.223,0.192,0.08929,0.08826,0.42471,0.16082,0.17,134115141849.40492,2.175,0.767,-869044992.0,10.18,201.011,2698.4167,3080.0,2316.0,1.66667,12.0,2358.2969970703125,2272.684013671875,-11.124073905338827,-0.285,34.411,134727680000.0,35.75,52.50083,0.63388,0.29169
HONASA,HONASA CONSUMER LIMITED,Consumer Defensive,Household & Personal Products,483.7999877929687,509.7999877929687,248.3999938964844,63.4076,45.535103,11.131562,0.532836974789916,0.15449001,0.061729997,9.586,1.19,1.184,0.27,0.09749,0.13189,0.69754,0.10487001,0.63,157730517108.21207,1.687,1.169,1596380032.0,14.3,43.462,554.2,720.0,390.0,1.86667,15.0,345.7205009460449,453.51000122070315,62.64917395808818,0.608,56.77,151974887424.0,7.63,10.62477,0.38729998,0.46033
WELSPUNLIV,WELSPUN LIVING LIMITED,Consumer Cyclical,Textile Manufacturing,188.69000244140625,191.47000122070312,107.0999984741211,63.96271,20.313515,3.6803916,0.7641900836320191,0.04301,0.024030002,46.501,0.837,0.836,0.237,0.02795,0.084680006,0.45623,0.0915,0.06,178889459978.59982,1.584,0.718,12252050432.0,10.773,51.269,201.8,229.0,156.0,1.33333,10.0,139.00890003204347,163.48759826660157,56.109868580889085,0.099,20.45,185880543232.0,2.95,9.28889,0.68975997,0.14989
FIVESTAR,FIVE-STAR BUS FIN LTD,Financial Services,Credit Services,527.4500122070312,666.0,338.1499938964844,14.091638,10.6740055,2.1095808,7.828687777777779,0.16058001,0.07274,111.929,0.018,0.019,0.08,0.47797,0.59126,0.99611,0.0,0.38,155696893459.36865,5.569,5.551,-2899245000.0,74.891,250.026,663.0,726.0,566.0,1.33333,9.0,498.302001953125,531.8040002441406,-9.24810716983494,0.584,14.039432449128013,214359654400.0,37.43,49.41444,0.26321,0.50205004
TBOTEK,TBO TEK LIMITED,Consumer Cyclical,Travel Services,1702.5999755859375,1764.800048828125,1004.2000122070312,69.239525,33.99911,11.741583,2.1436385448916404,0.17795,0.02352,48.762,0.323,0.324,0.811,0.08561,0.11933,0.79880995,0.14199,0.0,181810410960.9691,1.079,0.971,9617347584.0,143.443,145.006,1875.1818,2200.0,1550.0,1.09091,11.0,1423.277001953125,1519.2539990234377,15.980924767434445,0.607,38.815,170410590208.0,24.59,50.07778,0.67677003,0.27168
HAPPYFORGE,HAPPY FORGINGS LIMITED,Industrials,Metal Fabrication,2328.199951171875,2340.0,862.0499877929688,67.250145,45.17268,10.322095,1.719952557544757,0.15166001,0.098570004,15.489,0.391,0.392,0.27,0.19940001,0.25503,0.5776,0.30961,0.17,219732569599.66327,2.351,1.774,38268876.0,42.985,225.555,1931.4286,2200.0,1274.0,1.71429,7.0,1322.5250006103515,1673.2220043945313,145.0865752149145,0.749,42.684,216991989760.0,34.62,51.54,0.78480005,0.16608
CANHLIFE,CANARA HSBC LIFE INS CO L,Financial Services,Insurance - Life,151.69000244140625,166.69000244140625,106.0,109.920296,79.836845,8.709807,5.0654514285714285,0.08276,0.0019,15.304,0.217,0.202,0.204,0.01054,0.00714,0.12675,0.0,0.26,143723989257.1956,1.028,0.214,18835015680.0,2.459,17.416,192.75,235.0,166.0,1.0,8.0,140.824049949646,145.51260070800782,36.14252821239488,0.5358,89.941,142422441984.0,1.38,1.9,0.75327003,0.20577998
PARADEEP,PARADEEP PHOSPHATES LTD,Basic Materials,Agricultural Inputs,148.63999938964844,232.22000122070312,99.6999969482422,14.403101,12.59661,2.2732694,0.6924567788461538,0.18359,0.07518,101.822,0.208,0.534,0.631,0.04575,0.10035,0.25261,0.09854999,0.99,154365656454.13754,1.147,0.525,-33340264448.0,3.941,65.386,154.33333,170.0,135.0,2.33333,3.0,136.55960010528565,141.57860000610353,-30.794301036202366,-0.094,9.593,221664673792.0,10.32,11.8,0.58432996,0.2357
NSLNISP,NMDC STEEL LIMITED,Basic Materials,Steel,39.52000045776367,53.75,33.0099983215332,141.14285,,0.8774228,,0.00447,0.0105,35.019,,,0.367,0.0043,0.14343001,0.34814999,0.11129,0.0,115817547069.52492,0.53,0.08,37256323072.0,2.735,45.041,,,,,,42.24210012435913,43.730400238037106,-1.347980272130933,0.682,11.084,168281210880.0,0.28,,0.60793996,0.17011999
CEATLTD,CEAT LIMITED,Consumer Cyclical,Auto Parts,3588.199951171875,4438.0,3000.5,24.578394,15.099733,2.4669359,,0.1882,0.0502091749243287,64.742,-0.962,-0.964,0.223,0.03583,0.04145,0.38511002,0.12477,0.99,145143019592.89783,0.6800697310707119,0.4019921381024479,6390100000.0,11.583,1454.517,3902.0,4500.0,3050.0,2.4375,18.0,3627.266512451172,3591.25201171875,12.232956165568144,0.469,8.007,164510154752.0,145.99,237.63333,0.48492,0.36529
THANGAMAYL,THANGAMAYIL JEWELLERY LTD,Consumer Cyclical,Luxury Goods,5457.0,7430.0,1939.5,43.402527,29.978027,11.978427,0.5040943902439025,0.27927,0.103269994,64.492,0.861,0.862,0.712,0.040700004,0.04855,0.10276,0.06316,0.33,169614589952.0,1.536,0.065,-471775008.0,39.955,455.569,6557.0,6856.0,6355.0,2.33333,3.0,4227.7180139160155,5888.754033203125,163.39414380681427,0.569,29.546,179280953344.0,125.73,182.03333,0.6364,0.18515
APTUS,APTUS VALUE HSG FIN I LTD,Financial Services,Mortgage Finance,253.3000030517578,358.75,193.02999877929688,12.884028,9.703011,2.506655,0.6781067368421053,0.20113,0.07764,156.2,0.19,0.19,0.168,0.61761004,0.78450996,0.99819,0.0,1.98,126857135608.37444,5.964,5.931,-4956434000.0,14.577,101.051,344.2353,458.0,276.0,1.41176,17.0,263.5264505767822,273.99300170898437,-28.627780386595543,0.702,,198451347456.0,19.66,26.1053,0.26597,0.49356
AZAD,AZAD ENGINEERING LIMITED,Industrials,Specialty Industrial Machinery,2766.60009765625,2986.60009765625,1360.0,128.67908,74.84377,11.690535,6.041271361502347,0.09142,0.05309,31.025,0.213,0.203,0.259,0.21756001,0.265,0.92008,0.37335,0.0,178671868066.81125,3.269,1.64,-1164814976.0,28.558,236.653,2405.0,3315.0,2050.0,2.14286,7.0,1883.281506958008,2334.426015625,72.53508560375741,0.601,77.911,185719767040.0,21.5,36.965,0.55842996,0.21243
ENGINERSIN,ENGINEERS INDIA LTD,Industrials,Engineering & Construction,237.2100067138672,267.0,163.5500030517578,17.004301,17.378023,4.2491717,0.1195801758087201,0.23786,0.07344,0.534,1.422,1.415,-0.058,0.20222001,0.14229,0.28517,0.19494,1.27,133322075837.47786,1.299,0.72,1781273216.0,25.752,55.825,282.8,306.0,240.0,1.4,5.0,215.9539998626709,237.47420013427737,22.071839117465352,0.92,15.722,118843793408.0,13.95,13.65,0.51366,0.18439
CLEANMAX,CLEAN MAX ENVIRO EN SOL L,Utilities,Utilities - Renewable,1220.0999755859375,1536.0,727.0999755859375,90.84884,38.95309,2.7454376,0.7086492979719189,0.019609999,0.02585,229.641,1.282,1.518,1.092,0.06695,0.36806,0.68511003,0.54683,0.0,143082550480.93436,0.664,0.5,-27216705536.0,195.233,444.41,1573.4,1711.0,1400.0,1.2,5.0,1153.6766952256023,1322.027998046875,40.64553032690923,,20.185,258578169856.0,13.43,31.32229,0.7073,0.15255
KIRLOSBROS,KIRLOSKAR BROTHERS LTD,Industrials,Specialty Industrial Machinery,1918.199951171875,2189.199951171875,1335.0,40.78673,,6.1818395,,0.16486,0.06893,10.101,-0.001,-0.002,0.129,0.08009,0.080010004,0.49397,0.111719996,0.36,152322191578.6112,1.831,1.05,931812992.0,111.192,310.296,,,,,,1695.1109997558594,1909.953994140625,-2.5799923224035015,0.301,28.548,148748500992.0,47.03,,0.69241995,0.12814
ALIVUS,ALIVUS LIFE SCIENCES LTD,Healthcare,Drug Manufacturers - Specialty & Generic,1370.0,1418.0,819.0,27.95348,22.356558,5.0550146,0.8818132492113565,0.18359,0.12204,1.704,0.317,0.317,0.064,0.23279,0.29845,0.59418,0.3236,0.37,168196882432.0,5.215,3.716,1713278720.0,63.744,271.018,1358.75,1400.0,1330.0,1.0,4.0,1015.3267504882812,1185.8299975585935,41.80726991211215,0.047,19.182,160797851648.0,49.01,61.27956,0.76077,0.08648
JAINREC,JAIN RESOURCE RECYCLING L,Basic Materials,Other Industrial Metals & Mining,299.75,593.9500122070312,287.5,28.040226,18.793104,6.774011,1.9886685106382984,0.28672,0.1304,81.887,0.141,0.197,0.759,0.03126,0.038599998,0.07768,0.05389,0.0,103439474688.0,1.802,0.476,-6920139776.0,10.613,44.25,405.33334,460.0,366.0,1.66667,3.0,394.7975001525879,336.8789996337891,-3.663825846089208,0.6996,18.783,108483739648.0,10.69,15.95,0.81683,0.08141
IRCON,IRCON INTERNATIONAL LTD,Industrials,Engineering & Construction,126.54000091552734,189.5,114.5,19.260273,16.433767,1.7902466,,0.09084,0.01846,85.833,-0.434,-0.436,0.095,0.05667,0.08193,0.120349996,0.08396,1.79,119012860765.06786,1.651,0.926,-7480350208.0,55.256,70.683,136.0,136.0,136.0,3.0,1.0,145.52895011901856,130.8288003540039,-26.29739698517829,0.641,15.554,120681054208.0,6.57,7.7,0.65169,0.03361
PRIVISCL,PRIVI SPECIALITY CHE LTD,Basic Materials,Specialty Chemicals,3450.300048828125,3785.300048828125,2193.89990234375,39.79585,24.727427,9.54226,1.105440277777778,0.24757999,0.10538,74.399,0.36,0.36,0.192,0.13096,0.17247999,0.39479,0.24660999,0.29,134778054515.35866,1.461,0.613,371264512.0,25.007,361.581,4365.0,4490.0,4205.0,1.0,3.0,3180.7460083007813,3596.744013671875,41.74267184448337,0.068,22.086,145484496896.0,86.7,139.53333,0.59631,0.09345999
TECHNOE,TECHNO ELEC & ENG CO. LTD,Industrials,Engineering & Construction,985.4500122070312,1575.0,870.0,26.569157,16.71671,2.7560332,,0.11364,0.050580002,1.744,-0.315,-0.314,0.198,0.12845,0.14791,0.2138,0.13918,0.9,114607416715.67252,4.064,2.745,-8708750336.0,200.309,357.561,1434.0,1700.0,1280.0,,4.0,1100.232001953125,1035.7230053710937,-33.36601555622634,0.778,20.003,93430562816.0,37.09,58.95,0.5696,0.26400998
AEQUS,AEQUS LIMITED,Industrials,Aerospace & Defense,260.0899963378906,274.3900146484375,113.3000030517578,,495.40955,10.5611725,,-0.102919996,-0.013359999,47.183,,-15.716063035664916,0.548,-0.12412,-0.077309996,0.59365004,0.05867,0.0,170321016481.85245,1.584,0.766,-3981367552.0,5.427,24.627,304.75,444.0,220.0,2.0,4.0,177.54777134486608,234.56,71.91487069867586,0.886,218.765,175898689536.0,-2.6,0.525,0.73425,0.12792
INDGN,INDEGENE LIMITED,Healthcare,Health Information Services,566.7000122070312,596.7999877929688,414.0,34.076973,20.850735,4.3495283,,0.13941,0.07818,5.043,-0.002,-0.002,0.397,0.10515001,0.122379996,0.9796,0.15542,0.4,136465877883.55035,2.411,2.276,6486249984.0,61.494,130.29,620.625,735.0,500.0,1.71429,8.0,506.1544989013672,525.0329992675781,-2.1919246931124237,0.716,20.761,123022802944.0,16.63,27.1789,0.55667,0.21908002
SPLPETRO,SUPREME PETROCHEM LIMITED,Basic Materials,Specialty Chemicals,700.7000122070312,979.0,462.2999877929687,27.169445,27.916334,5.544302,0.1404105684754522,0.14316,0.08125,5.61,1.935,1.933,0.237,0.084809996,0.17762,0.20222001,0.12662,1.49,131760572663.42656,2.014,1.309,-199028496.0,37.292,126.382,805.0,843.0,767.0,3.0,2.0,678.5497509765624,721.9700036621093,-15.256693124954325,-0.054,17.474,126450393088.0,25.79,25.1,0.66183,0.06658
AFCONS,AFCONS INFRASTRUCTURE LTD,Industrials,Engineering & Construction,280.20001220703125,479.3999938964844,259.1000061035156,72.03085,18.712748,1.8909563,,0.04681,0.02713,66.542,-0.781,-0.777,-0.208,0.01286,0.06288,0.3222,0.092080005,0.72,103053267337.55888,1.294,1.129,-4756387328.0,22.309,148.179,331.1111,377.0,290.0,2.11111,9.0,331.45100006103513,294.90800231933594,-34.66246747833864,0.7699,12.579,130297741312.0,3.89,14.97375,0.58603,0.25634
JMFINANCIL,JM FINANCIAL LIMITED,Financial Services,Capital Markets,129.16000366210938,199.8000030517578,112.0,11.893187,8.610667,1.159051,,0.111269996,0.047059998,102.435,-0.357,-0.357,-0.103,0.30868,0.47229,0.87609,0.0,1.39,123600948656.49196,2.293,1.68,5165000000.0,89.273,111.436,165.0,165.0,165.0,1.0,1.0,132.82635025024413,125.66220001220704,-30.02113098731975,0.403,,158767677440.0,10.86,15.0,0.24583,0.49922
PARKHOSPS,PARK MEDI WORLD LIMITED,Healthcare,Medical Care Facilities,272.6000061035156,305.0,138.10000610351562,41.61832,25.71698,5.367304,2.020306796116505,0.16936001,0.09649,17.307,0.206,0.423,0.193,0.16093999,0.22545,0.63497,0.26424998,0.0,117744364108.29697,2.057,1.938,1615543808.0,10.718,50.789,362.5,375.0,350.0,1.0,2.0,224.9652940637925,282.44500061035154,84.25144422198274,1.1124,23.505,109080485888.0,6.55,10.6,0.83936995,0.058140002
NUVOCO,NUVOCO VISTAS CORP LTD,Basic Materials,Building Materials,321.70001220703125,477.5,276.25,29.787037,19.100206,1.1232857,1.5043958080808082,0.0294,0.0177028250624907,48.061,0.198,0.2,0.089,0.03329,0.10953,0.63677,0.16708,0.0,114897146119.8166,0.4467910797724178,0.3064788605070314,7754800000.0,2.693,286.392,436.1111,510.0,345.0,1.52632,18.0,331.9117506408691,330.9620013427734,-30.23961477504776,0.335,8.364,162031861760.0,10.8,16.84275,0.72018,0.26828
JWL,JUPITER WAGONS LIMITED,Industrials,Railroads,248.1000061035156,372.8500061035156,235.6499938964844,63.615383,26.323608,3.5839655,,0.05768,0.0424,33.365,-0.725,-0.721,-0.253,0.05868,0.08394,0.28186,0.124359995,0.69,106030598704.46191,2.0,1.04,-4318189568.0,15.135,69.225,263.25,303.0,210.0,3.0,4.0,281.9495502471924,260.0879998779297,-24.783992265364606,0.349,31.41,113895546880.0,3.9,9.425,0.7243,0.06471
ARVIND,ARVIND LIMITED,Consumer Cyclical,Textile Manufacturing,539.0,600.0,274.79998779296875,34.113922,21.054688,3.493399,5.782020677966103,0.10657,0.054050002,40.071,0.059,0.057,0.15,0.04449,0.09667,0.48634,0.10547,0.71,141293273088.0,1.141,0.464,154675008.0,11.955,154.291,616.5,700.0,400.0,1.375,8.0,409.81599853515627,535.3819946289062,76.51874544822361,0.17,15.27,149829124096.0,15.8,25.6,0.40521,0.30406
TRIDENT,TRIDENT LIMITED,Consumer Cyclical,Textile Manufacturing,24.6299991607666,30.940000534057617,21.979999542236328,31.576923,21.41739,2.6319726,2.1335758783783785,0.080299996,0.048299998,38.323,0.148,0.13,0.047,0.05829,0.13338,0.47823003,0.13137001,4.08,125504229195.61574,1.574,0.581,2224787456.0,0.92,9.358,29.0,30.0,28.0,2.0,2.0,25.794450016021727,25.311799964904782,-14.863467331660829,0.014,15.545,138486005760.0,0.78,1.15,0.75532997,0.02469
ABLBL,ADITYA BIRLA LIFES BRAN L,Consumer Cyclical,Apparel Retail,86.5,151.3300018310547,86.0,59.65517,27.903227,7.476232,2.9827585,0.12724,0.04034,213.719,0.2,0.206,0.111,0.02046,0.050819997,0.57197,0.09656,0.58,105066201088.0,1.065,0.304,5349324800.0,0.884,11.57,141.18182,170.0,91.0,1.81818,11.0,107.484400100708,95.06960006713868,-38.565342240651255,1.4006,16.274,135153623040.0,1.45,3.1,0.57171,0.23191999
INDIAMART,INDIAMART INTERMESH LTD,Communication Services,Internet Content & Information,1749.199951171875,2685.0,1730.0,21.368189,16.813416,4.738954,1.7956461344537815,0.23146,0.072459996,0.974,0.119,0.122,0.114,0.30618998,0.33808997,0.55625,0.32983002,1.73,1052016086345.447,1.996,1.975,9051123712.0,563.522,369.111,2093.7222,2500.0,1650.0,2.61111,18.0,2096.047000732422,1878.9599975585936,-33.32825560059652,0.258,13.288,70619332608.0,81.86,104.03597,0.57910997,0.14942001
UTIAMC,UTI ASSET MNGMT CO LTD,Financial Services,Asset Management,896.5,1418.0,876.0,25.048895,15.677204,2.5577745,1.0437039583333334,0.09776,0.08919,3.129,0.24,0.241,0.067,0.26583,0.63324,0.67279,0.48039,4.48,115235061760.0,12.207,11.748,4813237248.0,317.808,350.5,1068.7059,1200.0,840.0,2.23529,17.0,1010.9409967041016,932.2219958496094,-35.54996405463695,0.408,9.032,75262304256.0,35.79,57.18494,0.34737998,0.5213
SIGNATURE,SIGNATUREGLOBAL INDIA LTD,Real Estate,Real Estate - Development,801.0,1158.0,705.2000122070312,10.799515,14.535039,6.0855165,0.0060342599318321,0.84882003,-0.00331,161.04,17.897,17.863,-0.362,0.45731997,-0.09312,0.25553,-0.05371,0.0,112689512448.0,1.156,0.208,6602078720.0,195.372,131.624,1092.4,1246.0,940.0,1.0,5.0,906.0480029296876,795.4090002441407,-28.096947935368043,0.815,-91.668,112364675072.0,74.17,55.10821,0.76808,0.1358
JKTYRE,JK TYRE & INDUSTRIES LTD,Consumer Cyclical,Auto Parts,373.3999938964844,611.9000244140625,318.04998779296875,16.544085,10.905374,1.7761161,,0.14051,0.06406,80.551,-0.743,-0.734,0.02,0.04003,0.03359,0.35891998,0.111590005,1.07,107647293728.4206,1.344,0.69,-3627300096.0,8.603,210.234,496.66666,600.0,420.0,1.66667,6.0,440.392250366211,398.2209991455078,13.20296710235671,0.502,8.435,154393919488.0,23.05,34.24,0.61147,0.14706
LUMAXTECH,LUMAX AUTO TECH LTD,Consumer Cyclical,Auto Parts,2043.699951171875,2110.0,1024.5999755859375,43.03432,30.557716,11.509847,0.3948102752293577,0.24350001,0.0834,83.409,1.09,1.092,0.329,0.062230002,0.10384,0.34476003,0.12974,0.28,139293897471.9871,1.057,0.726,656459008.0,50.656,177.561,2323.2,2560.0,2035.0,1.4,5.0,1583.5895037841797,1626.912004394531,75.83238968564191,0.5,21.751,146952273920.0,47.49,66.88,0.57196,0.19203
GRAVITA,GRAVITA INDIA LIMITED,Industrials,Metal Fabrication,1792.800048828125,1913.5999755859375,1266.9000244140625,33.329617,23.467253,5.3240047,2.380686928571428,0.16680999,0.09968001,29.934,0.14,0.141,0.418,0.083380006,0.09678,0.19192,0.11387,0.64,130582023652.48996,2.913,1.259,-2311537408.0,80.284,336.739,2061.889,2400.0,1765.0,1.22222,9.0,1671.6680010986329,1736.7519946289062,3.9304376132246466,0.467,24.697,132182507520.0,53.79,76.39582,0.5805,0.1037
METROPOLIS,METROPOLIS HEALTHCARE LTD,Healthcare,Diagnostics & Research,540.7999877929688,609.0499877929688,412.25,55.35312,34.750847,7.409843,4.358513385826772,0.13373,0.08336,15.212,0.127,0.258,0.166,0.117910005,0.17501,0.77739,0.18677999,0.36,112155194908.41348,1.403,1.117,2423693056.0,9.79,72.984,655.5263,760.0,500.0,1.84211,19.0,503.11650146484374,558.9840002441406,-0.5516734217254404,0.206,36.152,115470319616.0,9.77,15.56221,0.47839,0.44601002
FINPIPE,FINOLEX INDUSTRIES LTD,Industrials,Building Products & Equipment,158.61000061035156,222.5,147.5399932861328,15.940704,14.928,1.5762484,0.9719941463414632,0.09731,0.04775,7.171,0.164,0.167,-0.153,0.15564999,0.08952,0.43523997,0.17514999,1.26,98070774137.38889,3.545,2.55,713362496.0,40.274,100.625,199.14285,265.0,180.0,2.21429,14.0,173.84159965515136,168.0831997680664,-21.893930718623047,0.605,11.19,77493116928.0,9.95,10.625,0.59346,0.16809
ELECON,ELECON ENG. CO. LTD,Industrials,Specialty Industrial Machinery,451.7000122070313,634.9000244140625,352.0,42.978115,19.221277,4.3958507,,0.205,0.1054989980455703,11.824,-0.598,-0.599,0.061,0.09852,0.15245,0.41751,0.18566999,0.47,101361453747.25702,2.935675237294245,2.483389402859546,1947000000.0,37.435,102.756,500.5,550.0,451.0,2.0,2.0,467.2027505493164,479.9369982910157,-21.756448682098384,0.53,20.357,90560012288.0,10.51,23.5,0.63161,0.11293
VIYASH,VIYASH SCIENTIFIC LIMITED,Healthcare,Drug Manufacturers - Specialty & Generic,265.8500061035156,298.0,167.9499969482422,55.968422,22.819744,3.9857574,0.3444210584615384,0.11565,0.08438,15.724,1.625,3.603,1.144,0.059120003,0.12474,0.52325,0.19082001,0.0,116949437052.98288,2.383,1.39,-3466194944.0,5.944,66.7,322.25,334.0,310.0,1.0,4.0,227.50539924621583,266.76799835205077,50.163813932057536,0.974,17.999,122789371904.0,4.75,11.65,0.67292,0.042329997
RPOWER,RELIANCE POWER LTD.,Utilities,Utilities - Independent Power Producers,22.149999618530273,50.849998474121094,20.170000076293945,163.25,4.911308,0.57114124,3.4586864406779663,-0.0208,0.02881,92.348,0.472,0.448,0.038,-0.041199997,0.18153,0.53237,0.32871,0.0,91607325142.32858,0.463,0.3,24676438016.0,4.123,38.782,,,,,,28.728899965286256,24.555399932861327,-53.57367419078605,0.843,8.735,220814934016.0,-0.77,4.51,0.3005,0.10827
IEX,INDIAN ENERGY EXC LTD,Financial Services,Capital Markets,123.3499984741211,160.27000427246094,114.5999984741211,21.678383,19.394653,8.0901165,1.8371511016949151,0.39419997,0.16947001,0.818,0.118,0.116,0.101,0.66222,0.83748,1.0,0.87982005,3.25,109695187635.03548,1.995,1.774,7998447616.0,20.359,15.247,144.54546,285.0,108.0,2.81818,11.0,129.0940496444702,124.62699981689452,-13.831642519440967,0.357,13.526,91108720640.0,5.69,6.36,0.13441,0.35164002
PCBL,PCBL CHEMICAL LIMITED,Basic Materials,Specialty Chemicals,319.8500061035156,425.9500122070313,226.5,48.462124,20.529526,3.1504245,0.8227864855687607,0.05125,0.0364,124.132,0.589,0.648,0.17,0.030269999,0.1182,0.3081,0.13158,1.38,125849012577.50508,0.827,0.469,2557087488.0,7.322,101.526,362.9091,480.0,279.0,2.81818,11.0,299.67339988708494,318.4509973144531,-17.913509274046604,0.588,15.615,175638233088.0,6.6,15.58,0.070549995,0.63969004
SHADOWFAX,SHADOWFAX TECHNOLOGIES L,Industrials,Integrated Freight & Logistics,258.0,268.6499938964844,98.5500030517578,89.27335,37.59837,8.689795,0.1409653402810673,0.092889994,0.02885,14.161,6.333,7.155,0.649,0.0357,0.0383,0.90860003,0.06002,0.0,151332798464.0,1.841,1.837,2338857472.0,19.009,29.69,289.2,300.0,280.0,1.2,5.0,174.4015494870468,228.90940063476563,134.5880997681699,1.6109,51.811,147311656960.0,2.89,6.862,0.45997003,0.39341998
PRUDENT,PRUDENT CORP ADV SER LTD,Financial Services,Asset Management,3363.5,3455.0,2121.0,56.960205,40.105324,15.77745,1.2828875000000002,0.28643999,0.20483999,3.866,0.444,0.444,0.209,0.17491,0.27326,0.44224998,0.0,0.1,139271372800.0,3.055,2.595,2084326000.0,135.259,213.184,3338.3333,3485.0,3175.0,1.83333,6.0,2677.992998046875,3088.2139990234373,18.8473864505883,0.383,41.82241410069932,135258333184.0,59.05,83.86667,0.64244,0.29853
TI,TILAKNAGAR INDUSTRIES LTD,Consumer Defensive,Beverages - Wineries & Distilleries,582.4500122070312,593.0,381.5499877929687,456.4433,34.82511,4.8530626,,0.0108,0.061979998,77.177,-0.72,-0.643,1.557,-0.01202,0.12234,0.44906,0.16489,0.17,143964654537.22208,2.496,1.86,-7964696064.0,14.603,120.017,600.75,680.0,540.0,1.0,4.0,453.5285000610352,468.8840008544922,17.476810517842335,0.21,32.579,161038123008.0,-2.3,16.725,0.38992,0.23558001
BLUEDART,BLUE DART EXPRESS LTD,Industrials,Integrated Freight & Logistics,5077.0,7036.0,4628.5,41.92403,27.537516,6.779059,0.2217029613960867,0.14832,0.06651,64.2661368842264,1.891,1.891,0.08,0.04516,0.13491,0.25156,0.16992001,0.49,120466718720.0,1.036,0.928,3872574976.0,100.30371797224318,748.924,5944.0,7360.0,4760.0,2.2,5.0,5297.475493164063,4990.143974609375,-13.065068493150688,0.227,13.654315281614409,129505718720.0,121.1,184.36667,0.76188004,0.16719
ZENSARTECH,ZENSAR TECHNOLOGIES  LTD,Technology,Information Technology Services,484.9500122070313,868.9500122070312,423.0,14.373147,12.746597,2.3295975,15.970163333333334,0.17627001,0.09036,1.68,0.009,0.01,0.089,0.13362001,0.12755999,0.20445,0.15116,3.14,109963700943.97668,3.522,3.435,7713249792.0,113.73,208.169,580.6667,680.0,418.0,1.91667,12.0,582.8647506713867,486.3040026855469,-40.51153030602856,0.223,9.521,83628228608.0,33.74,38.04545,0.50168,0.26934
MARKSANS,MARKSANS PHARMA LIMITED,Healthcare,Drug Manufacturers - General,320.8500061035156,345.5,155.0,28.120071,22.809237,4.8094797,1.12,0.15159,0.0884,11.248,1.69,1.695,0.356,0.16292,0.22379999,0.55245,0.21350999,0.28,145397598925.89215,5.166,3.121,703467520.0,21.866,66.712,324.33334,385.0,210.0,1.0,3.0,208.43395027160645,271.17400329589844,76.78659782485961,1.121,20.97,142004764672.0,11.41,14.06667,0.43874002,0.18336001
HOMEFIRST,HOME FIRST FIN CO IND LTD,Financial Services,Mortgage Finance,1187.4000244140625,1375.0,893.7000122070312,21.468088,15.074071,2.8435202,0.6646466873065016,0.15714,0.03948,243.944,0.323,0.345,0.297,0.51428,0.66038,0.99942,0.0,0.44,124123392504.0938,6.421,6.244,-19493300000.0,98.841,417.581,1424.2273,1674.0,977.0,1.5,22.0,1128.2584979248047,1187.2899951171876,-5.702027441391799,0.578,29.47523699864345,219529150464.0,55.31,78.77103,0.09340999,0.67188
TITAGARH,TITAGARH RAIL SYSTEMS LTD,Industrials,Railroads,849.2999877929688,971.0,568.7000122070312,59.02015,24.37016,4.700628,0.8808977611940298,0.049200002,0.04758,25.363,0.67,0.704,0.126,0.06072,0.10446,0.26588,0.11409,0.12,114378422676.0332,1.813,1.069,-941600000.0,23.587,180.678,986.1111,1087.0,771.0,1.22222,9.0,796.9342489624023,858.7999987792969,1.865066002155169,0.819,30.787,114919669760.0,14.39,34.85,0.40595,0.19197
GODREJAGRO,GODREJ AGROVET LIMITED,Consumer Defensive,Packaged Foods,581.6500244140625,769.7000122070312,506.1000061035156,25.049528,17.335865,5.5051303,,0.18681,0.07036,72.751,-0.163,-0.162,0.096,0.042630002,0.06434,0.24784,0.079239994,1.92,111886185048.2885,0.947,0.349,8563800064.0,16.051,105.656,749.0,865.0,645.0,1.2,5.0,577.2847525024414,565.9689990234375,-23.6278830016283,0.301,14.962,124241330176.0,23.22,33.55183,0.72720003,0.10644
CANFINHOME,CAN FIN HOMES LTD,Financial Services,Mortgage Finance,842.9000244140625,971.5,708.5999755859375,9.93166,8.880044,1.8767228,0.86,0.19655001,0.02558,636.585,0.196,0.196,0.225,0.66733,0.79907995,0.98933,0.0,1.96,112236014770.84473,8.779,8.714,-29868604000.0,0.102,449.134,1055.8667,1160.0,940.0,1.46667,15.0,872.774248046875,856.7909985351563,8.050256479107754,0.417,,489563389952.0,84.87,94.92071,0.38682,0.31861
SANDUMA,SANDUR MANG & IRON ORES L,Basic Materials,Steel,196.9499969482422,273.0,141.36666870117188,13.352542,,2.9424508,0.3904252046783625,0.22318001,0.11156999,30.577,0.342,0.363,0.211,0.13456,0.21271999,0.55734,0.23992,0.25,95738337844.52592,1.16,0.448,7939137536.0,4.68,66.934,,,,,,211.3701000213623,205.21099975585935,26.8462873183539,0.827,8.085,103379189760.0,14.75,,0.75897,0.00677
LLOYDSENT,LLOYDS ENTERPRISES LTD,Basic Materials,Steel,78.55000305175781,84.69999694824219,40.689998626708984,140.26787,,2.833592,,0.097440004,0.01017,14.694,-0.626,-0.745,0.702,0.05647,0.14411001,0.16145,0.084589995,0.32,119910666802.6671,3.023,1.552,-2501687552.0,6.462,27.721,,,,,,64.57554998397828,77.37000076293945,3.287310847704461,1.226,76.481,128639369216.0,0.56,,0.69929004,0.0017200001
CONCORDBIO,CONCORD BIOTECH LIMITED,Healthcare,Biotechnology,1576.699951171875,1801.9000244140625,987.0,54.275387,37.064453,8.1776495,1.7451892926045016,0.13543999,0.089099996,0.115,0.311,0.328,0.262,0.24844,0.24962999,0.64565,0.36317003,0.48,164948372491.78665,7.394,5.336,1373611904.0,41.283,192.806,1550.6,1700.0,1268.0,1.8,5.0,1261.2514947509765,1352.2699951171876,-6.891465191903912,0.355,40.186,161763328000.0,29.05,42.53941,0.72482,0.13262999
TMB,TAMILNAD MERCA BANK LTD,Financial Services,Banks - Regional,869.7000122070312,917.0,411.7999877929687,9.538276,,1.3621776,0.2725221714285714,0.14521,0.019609999,6.9237275252095385,0.35,0.35,0.183,0.41229,0.58677,0.0,0.0,1.49,137718269837.00125,,,-2292286000.0,257.228,638.463,,,,,,660.77775100708,807.6689990234376,102.7745452514356,0.368,,107492655104.0,91.18,,0.29589,0.04103
FIRSTCRY,BRAINBEES SOLUTIONS LTD,Consumer Cyclical,Internet Retail,196.6699981689453,438.7000122070313,194.33999633789065,98.3,58.328243,1.9602116,,-0.0383,-0.01012,29.762,,,0.131,-0.01422,-0.01646,0.26999,0.01158,0.0,95455607943.28062,2.143,0.832,-1606533760.0,28.763,100.331,243.14285,266.0,205.0,2.57143,7.0,248.02624938964843,214.12759887695313,-48.7170800080977,0.426,101.169,103019323392.0,-2.57,3.37178,0.58809,0.23515
HEG,HEG LTD,Industrials,Electrical Equipment & Parts,711.9500122070312,749.0,459.7999877929687,38.092564,23.29171,2.8876145,2.267414523809524,0.07338,0.03303,16.73,0.168,0.167,0.104,0.13612,0.14834,0.59701,0.21847999,0.48,137390360883.68286,2.209,0.967,-1644834304.0,32.983,246.553,710.0,750.0,630.0,1.0,3.0,569.4555014038086,601.6079992675782,41.82271159502615,0.677,23.998,138232954880.0,18.69,30.56667,0.59376997,0.12081
SOUTHBANK,THE SOUTH INDIAN BANK LTD,Financial Services,Banks - Regional,45.15999984741211,49.900001525878906,28.11000061035156,7.8402777,6.4330482,1.0024639,0.4584957719298245,0.13596,0.0111,30.018463358470747,0.171,0.172,0.086,0.29435,0.38448003,0.0,0.0,1.0,118237290096.49648,,,37657874000.0,18.226,45.049,47.0,61.0,25.0,2.0,6.0,41.51845016479492,46.29380020141602,49.93359425338417,0.174,,106288652288.0,5.76,7.02,0.04911,0.29629
MGL,MAHANAGAR GAS LTD.,Utilities,Utilities - Regulated Gas,1137.800048828125,1378.0,900.0,15.71113,12.168629,1.7485785,,0.13627,0.07541,3.461,-0.393,-0.393,0.139,0.08382,0.09854999,0.29021,0.1527,3.19,112389362391.13376,0.938,0.821,-1127162496.0,116.42,650.7,1309.6666,1694.0,1005.0,1.8,30.0,1114.5232498168946,1132.8259985351565,-15.083213068401555,0.751,7.848,102284632064.0,72.42,93.50273,0.42501,0.3157
MEDPLUS,MEDPLUS HEALTH SERV LTD,Healthcare,Pharmaceutical Retailers,656.2999877929688,1022.2000122070312,648.0,37.438675,28.93314,3.9883564,,0.118240006,0.05562,72.133,-0.218,-0.217,0.218,0.02911,0.02943,0.25801,0.054640003,0.0,157691901066.96634,3.001,0.928,2715787520.0,51.022,164.554,1013.1429,1217.0,780.0,1.14286,7.0,820.328500366211,766.47900390625,-20.922949799384483,0.468,21.799,86110953472.0,17.53,22.68333,0.42744,0.38805
BLS,BLS INTL SERVS LTD,Industrials,Specialty Business Services,273.9200134277344,392.8500061035156,218.8999938964844,16.018713,12.740466,4.576317,1.4832141666666667,0.30143,0.13786,15.468,0.108,0.112,0.253,0.22207001,0.24783,0.38274,0.27458,1.11,112724186517.81177,2.914,2.681,4481244672.0,36.766,59.856,330.0,330.0,330.0,1.0,1.0,278.3076498413086,251.8064001464844,-25.88744347828385,-0.209,11.92,104023498752.0,17.1,21.5,0.72652,0.053969998
SKFINDUS,SKF IND (INDUSTRIAL) LTD,Industrials,Tools & Accessories,2753.699951171875,3041.0,1994.0999755859375,65.54868,31.73684,9.218084,0.8252086312577835,0.15615,0.101730004,0.309,0.7943285796719148,,3.640540653057826,0.05787,0.08924,0.32166,0.10925,1.07,136137315986.03694,1.746,1.181,3476062464.0,115.128,298.728,2944.6667,3437.0,2472.0,2.25,3.0,2480.3257073102677,2736.523984375,2.2539900175222893,0.4907,33.862,132800069632.0,42.01,86.76667,0.52575,0.29002002
EDELWEISS,EDELWEISS FIN SERV LTD,Financial Services,Financial Conglomerates,126.62000274658205,133.89999389648438,93.5,16.995974,8.039365,2.592388,0.6225631501831502,0.11472999,0.01594,319.986,0.273,0.83,0.23,0.08392999,0.0535,0.64642996,0.0,1.23,119849839143.7268,3.186,2.953,8270400000.0,151.165,48.843,,,,,,113.75854984283448,120.33559982299803,30.388221553656148,0.692,,176042737664.0,7.45,15.75,0.39078,0.16934
AAVAS,AAVAS FINANCIERS LIMITED,Financial Services,Mortgage Finance,1364.9000244140625,1771.9000244140625,1060.4000244140625,15.832271,11.87392,2.1400394,0.67949660944206,0.13916,0.03288,310.553,0.233,0.23,0.169,0.42543998,0.54527,0.99343,0.0,0.0,108222957455.79164,1603.958,1603.958,-14192192000.0,232.473,637.792,1705.45,2456.0,1440.0,2.05,20.0,1401.072001953125,1442.2420092773436,-18.862200449879406,0.538,42.033864638707854,247273111552.0,86.21,114.9494,0.50769,0.30733
IIFLCAPS,IIFL CAPITAL SERVICES LTD,Financial Services,Capital Markets,333.1499938964844,411.2999877929687,240.3999938964844,19.257225,,3.3789403,4.279383333333333,0.20198,0.06436,59.292,0.045,0.05,0.033,0.24520001,0.36176,0.61664003,0.0,0.9,104877791358.57349,7.111,7.111,-10979250000.0,162.89,98.596,,,,,,326.42489906311033,338.40399963378906,3.0945381986308584,0.773,12.121269454464915,71488012288.0,17.3,,0.60306,0.12855
SANOFICONR,SANOFI CONS HEALTHC IND L,Healthcare,Drug Manufacturers - General,4213.10009765625,5357.0,3975.0,36.423447,31.464527,27.893383,2.738605037593985,0.87948,0.37631,5.979,0.133,0.133,0.067,0.28006,0.36486998,0.74142,0.36471,1.78,97168787660.29384,2.028,1.652,3916624896.0,212.997,151.043,5855.0,5855.0,5855.0,1.0,1.0,4520.874509277343,4586.15802734375,-19.806994289181233,0.5017,26.715,92541018112.0,115.67,133.9,0.72521,0.19896999
UJJIVANSFB,UJJIVAN SMALL FINANC BANK,Financial Services,Banks - Regional,71.93000030517578,73.94000244140625,41.95000076293945,15.70524,9.8511305,2.0502808,0.077787221396731,0.10739,0.01316,36.47490111253225,2.019,2.067,0.496,0.19629,0.3197,0.0,0.0,0.0,140158517842.64734,,,16596170000.0,2.677,35.083,82.0,90.0,60.0,1.10526,19.0,58.57700017929077,64.93120025634765,64.67490797304909,0.408,,171646828544.0,4.58,7.3017,0.00043000001,0.38884
ACE,ACTION CONST EQUIP LTD,Industrials,Farm & Heavy Construction Machinery,1164.4000244140625,1196.0,745.0999755859375,31.692976,24.72187,6.89043,1.4212096860986547,0.22885999,0.09827,0.393,0.223,0.223,0.205,0.12796,0.13842,0.32229,0.15519,0.19,138596076377.9543,1.334,0.757,2728798464.0,53.562,168.988,1339.5,1359.0,1320.0,,2.0,934.490002746582,1032.3050036621094,16.46329652238183,0.388,25.345,134284369920.0,36.74,47.1,0.66807,0.07067
LLOYDSENGG,LLOYDS ENGG WORK LIMITED,Industrials,Specialty Industrial Machinery,92.25,99.75,37.400001525878906,53.94737,,8.171672,0.5883028353326063,0.16820998,0.06215,6.45,0.917,1.12,1.429,0.13881999,0.11225,0.20729999,0.13366,0.27,136420720640.0,2.768,1.056,-3832865024.0,2.272,11.289,,,,,,62.927200126647946,88.22080001831054,34.00639876156435,1.198,62.855,135365935104.0,1.71,,0.55124,0.01203
BBTC,BOMBAY BURMAH TRADING COR,Consumer Defensive,Packaged Foods,1436.0,2135.0,1314.5999755859375,7.7638407,3.8447123,1.422788,0.3941035888324873,0.28709,0.15627,16.57,0.197,0.197,0.078,0.063829996,0.15586,0.42672002,0.18955,2.35,100192452608.0,1.189,0.671,20499537920.0,349.38,1009.286,,,,,,1639.7929962158205,1510.8459912109374,-23.0521896060351,0.611,3.078,117910093824.0,184.96,373.5,0.75236,0.06959
WHIRLPOOL,WHIRLPOOL OF INDIA LTD,Consumer Cyclical,"Furnishings, Fixtures & Appliances",775.75,1437.0,751.0,39.298378,22.29346,2.3660219,,0.072459996,0.024,8.621,-0.294,-0.294,0.121,0.03013,0.031040002,0.32382,0.03966,0.66,98458460160.0,2.034,1.329,-393887488.0,201.233,327.871,945.63635,1294.0,712.0,2.54545,11.0,885.3119995117188,792.3980004882812,-40.23957980202248,0.361,22.292,73638854656.0,19.74,34.7972,0.42369998,0.40889
SBFC,SBFC FINANCE LIMITED,Financial Services,Credit Services,93.98999786376952,123.0,79.5999984741211,21.557339,15.339695,2.7898486,0.7537531118881119,0.13038999,0.04581,195.685,0.286,0.29,0.246,0.44877997,0.58551,0.9975,0.0,0.0,104093660866.1307,4.463,4.39,-19073830000.0,5.906,33.69,121.42857,140.0,105.0,1.14286,7.0,96.10924961090087,92.36059951782228,-15.982841194091955,0.583,23.784557917429215,168941731840.0,4.36,6.12724,0.61514,0.25269
BALRAMCHIN,BALRAMPUR CHINI MILLS LTD,Consumer Defensive,Confectioners,767.0999755859375,780.9500122070312,393.5499877929687,42.102085,20.538153,3.7442892,,0.095410004,0.04539,76.606,-0.154,-0.144,0.061,0.05829,0.042529996,0.2626,0.11337,1.08,162216422357.22852,1.126,0.061,-2093656192.0,0.199,204.872,635.8333,655.0,590.0,1.0,6.0,504.0282502746582,593.2189990234375,31.40898939373662,0.349,23.44,169151037440.0,18.22,37.35,0.45929,0.33451
SWANCORP,SWAN CORP LIMITED,Industrials,Conglomerates,305.54998779296875,506.0,295.6499938964844,43.463722,,1.3582535,,0.029949998,-0.01492,24.561,-0.6370635360908139,,-0.164,0.053590003,-0.03392,0.01437,-0.05975,0.05,95776747789.622,1.907,1.267,-1812550016.0,41.147,224.958,,,,,,370.37750076293946,313.65700073242186,-32.91250859510865,-0.123,-48.667,121309184000.0,7.03,,0.55617,0.18231001
NAZARA,NAZARA TECHNOLOGIES LTD,Communication Services,Electronic Gaming & Multimedia,357.5,365.0,215.6999969482422,15.180468,55.426357,4.514003,0.0002347631795047,0.01974,0.0034400001,6.051,646.629,794.714,-0.14,-0.01286,-0.00287,0.77775,0.17559999,0.0,137528836096.0,2.046,1.834,1578437504.0,19.847,79.198,334.5,410.0,180.0,2.6,10.0,275.78404907226565,316.90899780273435,17.27078656465777,0.149,41.378,127807602688.0,23.55,6.45,0.37296,0.29615998
RKFORGE,RAMKRISHNA FORGINGS LTD,Industrials,Metal Fabrication,745.4000244140625,772.7999877929688,460.1499938964844,127.636986,37.207993,4.1010575,0.4413450414937759,0.02269,0.02819,74.422,2.892,2.978,0.198,0.02408,0.09783,0.44102,0.16129999,0.27,135789539679.51031,1.148,0.453,-2694554368.0,9.163,181.758,634.0,680.0,550.0,,4.0,561.3817526245117,623.1970043945313,29.702454947145164,0.407,22.198,158956470272.0,5.84,20.03333,0.57367,0.19575001
STAR,STRIDES PHARMA SCI LTD,Healthcare,Drug Manufacturers - Specialty & Generic,993.0,1231.0,768.6500244140625,14.921111,10.408805,2.9453115,0.259949668989547,0.20033,0.06964,55.821,0.574,0.575,0.13,0.12259,0.13701001,0.56186,0.16386999,0.52,91527503872.0,1.248,0.519,321668736.0,22.185,337.146,1338.6666,1410.0,1254.0,1.0,3.0,978.3194973754884,1054.3239965820312,13.214003835382249,0.393,12.707,104208105472.0,66.55,95.4,0.30784,0.29749
DIACABS,DIAMOND POWER INFRA LTD,Industrials,Specialty Industrial Machinery,353.8999938964844,379.0,115.56999969482422,93.37731,,-30.865168,0.44828281325012,-0.1599,0.05993,,2.083,2.049,1.272,0.08712,0.09458999,0.19163,0.11617,0.0,211657339325.66403,2.04,1.105,-2581466624.0,0.68,-11.466,,,,,,178.63584999084472,269.88500030517577,133.39707346840527,0.506,80.309,214400335872.0,3.79,,0.75003,0.08631
KIRLPNU,KIRLOSKAR PNEUMATIC COM L,Industrials,Specialty Industrial Machinery,739.7999877929688,1098.550048828125,495.0499877929687,36.587536,28.730097,7.696069,1.1257703384615383,0.21471001,0.11948,0.265,0.325,0.256,0.076,0.14542,0.121079996,0.4967,0.20345,0.81,96119536077.9846,2.651,2.128,1150401280.0,35.144,96.127,900.0,965.0,857.5,1.0,3.0,663.8625003051758,835.7189978027344,16.816674885965057,0.591,24.815,91285413888.0,20.26,25.75,0.45895,0.30324
JUBLINGREA,JUBILANT INGREVIA LIMITED,Basic Materials,Specialty Chemicals,720.4000244140625,795.0,537.2999877929688,37.11489,23.832485,3.6415105,0.9141598522167488,0.09182,0.046550002,25.328,0.406,0.409,0.253,0.06637,0.113900006,0.38496,0.13338,0.71,113619005194.50163,1.286,0.611,1361880064.0,12.025,197.83,967.1667,1200.0,711.0,1.33333,6.0,672.9479989624024,701.6179992675782,2.562642279948024,0.285,19.009,117903704064.0,19.41,30.22765,0.50902003,0.27833
KTKBANK,KARNATAKA BANK LIMITED,Financial Services,Banks - Regional,335.04998779296875,337.8999938964844,169.1199951171875,8.467273,8.142162,0.95772624,0.1955490300230947,0.10358,0.01047,40.29727273139739,0.433,0.433,0.261,0.41452,0.4362,0.0,0.0,1.54,126709722615.52606,,,10111800000.0,204.502,349.839,312.0,364.0,260.0,1.33333,2.0,235.26834945678712,283.7619995117187,94.80782434551736,0.283,,98511167488.0,39.57,41.15,0.056149997,0.19835
WAAREERTL,WAAREE RENEWABLE TECH LTD,Industrials,Engineering & Construction,880.4000244140625,1358.0,779.5,18.269352,,13.9409685,0.5357581231671554,1.5094,0.2016583918669255,15.598,0.341,0.341,0.532,-0.34030998,0.18145001,1.0,0.55296004,0.0,91895466484.32076,1.3467321750246788,1.25886479671504,1644541000.0,36.564,63.152,,,,,,958.9694995117188,961.48900390625,-14.174304688342298,1.3529,1947.088,89548537856.0,48.19,,0.7535,0.0108
AVALON,AVALON TECHNOLOGIES LTD,Technology,Electronic Components,2245.5,2351.0,777.2999877929688,112.33117,61.392532,20.785124,0.7730982105987612,0.16943,0.09149,29.503,1.453,1.453,0.498,0.07445,0.101940006,0.35307,0.1313,0.0,150025797632.0,2.052,1.057,-395066240.0,21.418,108.034,1714.0,2211.0,983.0,2.8,15.0,1237.8332537841798,1802.6160083007812,165.55109565182244,1.4534,63.964,150702014464.0,19.99,36.57611,0.54467,0.26815
RAILTEL,RAILTEL CORP OF IND LTD,Communication Services,Telecom Services,280.75,412.8999938964844,245.0,26.06778,18.905724,3.9840212,1.0344357142857143,0.16254,0.0509,2.817,0.252,0.249,0.276,0.08096,0.10985,0.16123,0.14321,1.13,90103455744.0,1.32,1.23,-856887488.0,23.793,70.469,245.0,270.0,220.0,,2.0,318.8087992095947,300.2689990234375,-21.883693720689767,0.725,13.907,85190557696.0,10.77,14.85,0.72844005,0.02984
PGHL,PROCTER & GAMBLE HEALTH L,Healthcare,Drug Manufacturers - Specialty & Generic,5832.5,6975.0,4707.0,27.1216,23.694902,18.456985,,0.61592996,0.33098,1.771,-0.049,0.453,0.074,0.24905,0.25729,0.74367,0.32554,2.68,96815898624.0,2.182,1.435,2924849920.0,74.713,316.005,7535.0,7535.0,7535.0,,1.0,5665.607001953125,6376.24,-7.207063877177633,0.202,30.357,141609402368.0,215.05,246.15,0.52186,0.16729
CYIENT,CYIENT LIMITED,Industrials,Conglomerates,903.0499877929688,1284.699951171875,750.2999877929688,26.497944,12.771262,1.7558272,93.13,0.077659994,0.0515,7.528,-0.324,-0.323,0.213,0.04955,0.09014,0.29849002,0.11017,3.58,93998881545.3646,2.929,2.234,7117000192.0,150.976,514.316,971.2857,1300.0,740.0,2.52381,21.0,971.0459991455078,863.2320043945313,-26.617096886988733,0.6,10.894,91594743808.0,34.08,70.70953,0.24947001,0.49951
ESABINDIA,ESAB INDIA LTD,Industrials,Tools & Accessories,6154.0,7319.5,4710.0,42.753925,,22.061697,1.1523969002695418,0.52285,0.23466998,0.78,0.371,0.371,0.196,0.14068,0.17703,0.41494,0.18305999,1.93,94728642560.0,2.145,1.465,797012480.0,67.758,278.945,,,,,,5789.763503417968,5774.87,13.731288116799112,0.367,31.944,92233719808.0,143.94,,0.74202,0.13569
INTELLECT,INTELLECT DESIGN ARENA,Technology,Software - Application,685.7000122070312,1244.5999755859375,595.2000122070312,27.615788,16.200827,3.0008621,3.4093565432098765,0.11411,0.05489,4.961,0.081,0.08,0.204,0.11095,0.1285,0.39659,0.12917,0.59,95534687908.73631,2.107,2.014,3092051200.0,61.369,228.501,957.0,1050.0,828.0,1.5,4.0,809.0567504882813,738.1159997558593,-30.57608547813786,0.645,21.289,87488790528.0,24.83,42.325,0.43490002,0.14869
JAYNECOIND,JAYASWAL NECO INDUSTR LTD,Basic Materials,Steel,93.68000030517578,117.0,57.119998931884766,16.123924,,3.2013123,0.1488820313942751,0.2569,0.0775710452351201,74.729,1.083,1.085,0.277,0.07432,0.15132,0.61755,0.18589,0.0,90963116328.32516,1.3905218921146305,0.5750574262518339,12512900000.0,2.763,29.263,,,,,,85.15974994659423,89.08880020141602,47.78356398039922,0.904,7.585,107001610240.0,5.81,,0.69195,0.00329
MANYAVAR,VEDANT FASHIONS LIMITED,Consumer Cyclical,Apparel Manufacturing,547.3499755859375,796.5499877929688,329.20001220703125,34.08157,30.005129,6.7621655,2.2873536912751677,0.20025998,0.10241,23.295,0.149,0.147,0.072,0.2651,0.29462,0.70262,0.46505,1.47,132993583315.9386,3.674,3.141,4049818624.0,22.119,80.943,490.1,635.0,372.0,2.3,10.0,471.0557513427734,436.9090008544922,-29.255529669104575,-0.11,19.344,130950995968.0,16.06,18.24188,0.74939,0.16722
UTLSOLAR,FUJIYAMA POWER SYSTEMS L,Technology,Solar,477.5,494.25,172.0,49.843426,18.72549,11.137026,,0.36418,0.16608,40.802,-0.217,-0.145,1.253,0.0865,0.17076,0.29902,0.18426001,0.0,146545590272.0,1.721,0.389,-6099585024.0,5.232,42.875,548.0,600.0,496.0,1.0,2.0,267.10312115704573,367.8239990234375,129.08270696946866,0.8199,24.3,152360763392.0,9.58,25.5,0.87859,0.03128
SHILPAMED,SHILPA MEDICARE LTD,Healthcare,Drug Manufacturers - Specialty & Generic,820.9500122070312,834.0999755859375,259.5,54.045425,41.08174,6.1978607,0.468331239168111,0.09822,0.05612,25.465,1.154,1.152,0.449,0.17665,0.21697001,0.69347,0.28246,0.07,160562907475.47354,1.309,0.675,-1420312064.0,2.311,132.457,775.0,870.0,635.0,1.0,3.0,437.86824920654294,644.927998046875,91.54223063840908,0.288,34.508,164065050624.0,15.19,19.98333,0.57023996,0.10526
MMTC,MMTC LIMITED,Industrials,Conglomerates,66.2699966430664,78.3499984741211,50.099998474121094,22.31313,,4.6886935,0.1716394615384615,0.20266001,-0.03721,0.114,1.3,1.355,-0.5,163.86812,-30.72059,1.0,0.0,0.0,99404991572.5998,3.397,2.805,-159812496.0,11.84,14.134,,,,,,63.335050086975095,65.91620025634765,1.1910197049012083,0.646,-42.651,76029034496.0,2.97,,0.89944,0.0172
RITES,RITES LIMITED,Industrials,Engineering & Construction,218.44000244140625,280.8999938964844,175.0,25.165897,19.828133,3.9217236,2.995940119047619,0.16396,0.05065,0.236,0.084,0.089,0.087,0.16983,0.18431,0.31462,0.22629,2.58,104983094421.3491,1.673,0.692,1503737472.0,18.616,55.7,278.0,289.0,267.0,1.33333,2.0,219.59375038146973,218.58119995117187,-15.119488144273962,0.26,17.397,96750927872.0,8.68,11.01667,0.72203004,0.10361
OLECTRA,OLECTRA GREENTECH LIMITED,Industrials,Farm & Heavy Construction Machinery,1291.199951171875,1714.199951171875,866.5999755859375,59.58468,29.81986,8.638812,,0.1755999999999999,0.0691416498484657,30.841,-0.003,-0.003,0.657,0.020079998,0.09316,0.20547001,0.05606,0.03,105982636120.1518,1.5752802078786594,1.3509691057102589,-553418000.0,20.939,149.465,,,,,,1222.389750061035,1389.58599609375,-15.541607147277247,0.299,1148.648,109353271296.0,21.67,43.3,0.50267,0.05223
TARIL,TRANS & RECTI. LTD,Industrials,Electrical Equipment & Parts,285.1499938964844,552.0,224.0500030517578,33.041714,22.219486,5.528305,,0.19334999,0.09104,29.595,-0.085,-0.087,0.081,0.10132,0.15117,0.31877002,0.15301,0.06,85592283351.9332,1.815,1.143,-2651347456.0,9.74,51.58,344.33334,447.0,291.0,2.66667,3.0,299.0348491668701,318.6289996337891,-42.57954281276323,-0.251,22.878,89328410624.0,8.63,12.83333,0.64405,0.07854
VOLTAMP,VOLTAMP TRANSFORMERS LTD,Industrials,Electrical Equipment & Parts,10313.5,12863.0,6666.0,32.950478,26.113903,6.344087,2.2415291156462582,0.18073,0.11343,0.03,0.147,0.147,0.284,0.13922,0.14112,0.25351,0.16091,1.0,104342913024.0,4.157,1.987,-184265376.0,100.224,1625.687,10857.625,11900.0,9501.0,2.0,8.0,8910.505,9837.38,25.437849671612756,0.0,27.333,100162650112.0,313.0,394.94287,0.31103,0.51308995
NCC,NCC LIMITED,Industrials,Engineering & Construction,140.07000732421875,222.6000061035156,130.0,12.562333,10.163389,1.1175917,0.9891600787401575,0.093219995,0.04257,57.389,0.127,0.126,0.122,0.03261,0.081870005,0.16212,0.08906,1.58,87942484470.48619,1.362,0.311,-19331563520.0,11.228,125.332,195.90909,268.0,156.0,2.0,11.0,153.88539978027345,145.70539978027344,-36.573985850865455,0.552,6.712,128259645440.0,11.15,13.78182,0.35727,0.24314
WABAG,VA TECH WABAG LTD,Industrials,Engineering & Construction,2057.89990234375,2253.5,1033.0,35.88943,22.63363,4.9922853,0.97525625,0.15674,0.05171,8.874,0.368,0.369,0.208,0.09636,0.087840006,0.16118999,0.108789995,0.25,128573802538.61703,1.706,1.202,1409374976.0,169.348,412.216,2323.6667,2530.0,1870.0,1.0,9.0,1495.4745007324218,1999.2719921875,29.639654195126862,0.794,25.8,114988761088.0,57.34,90.92222,0.28260002,0.18069
HCG,HEALTHCARE GLOB. ENT. LTD,Healthcare,Medical Care Facilities,730.4500122070312,804.6500244140625,513.2999877929688,465.25476,46.923973,7.9334655,2.727167409144197,0.01898,0.03711,123.057,1.706,1.899,0.134,0.008669999,0.07458,0.3651,0.18842,0.0,109057804062.5368,1.116,0.945,-1225007488.0,36.14,92.072,806.8,920.0,724.0,1.1,10.0,637.5324447631835,662.0729992675781,7.049173934503328,-0.038,25.103,124271280128.0,1.57,15.56667,0.70637,0.19033001
VESUVIUS,VESUVIUS INDIA LTD,Industrials,Specialty Industrial Machinery,429.2999877929687,607.9000244140625,428.6000061035156,34.017433,22.015385,5.236579,,0.1675,0.1228484769542807,0.821,-0.074,-0.071,0.023,0.12003,0.12873,0.42492,0.16783,0.35,87131067986.4512,3.523,2.599,721200000.0,28.361,81.981,,,,,,476.7944989013672,457.2959979248047,-18.150621965115587,0.446,23.032,82481913856.0,12.62,19.5,0.56067,0.25039
SEDEMAC,SEDEMAC MECHATRONICS LTD,Consumer Cyclical,Auto Parts,3261.39990234375,3349.699951171875,1413.0999755859375,120.48023,57.36577,31.819157,1.3298038631346578,0.27527002,0.147,16.126,0.906,0.951,0.425,0.104119994,0.13817,0.38714,0.20347999,0.0,144047877926.76764,1.381,0.658,-255340000.0,14.575,102.498,3308.3333,3700.0,3075.0,1.0,3.0,2287.272550599765,2820.455986328125,124.7536322248806,,60.834,142452031488.0,27.07,56.85272,0.40473998,0.43989
PVRINOX,PVR INOX LIMITED,Communication Services,Entertainment,1219.5,1249.699951171875,907.4000244140624,42.849613,20.812193,1.6248798,,0.024400001,0.03235,91.874,,,0.104,0.0652,0.13192001,0.66964996,0.35536,0.0,119754850304.0,0.473,0.365,11210250240.0,60.207,750.517,1409.5625,2135.0,1130.0,1.47059,16.0,1029.1522525024411,1054.2540014648437,12.19467820806457,0.317,7.423,179876478976.0,28.46,58.59546,0.28972,0.44026002
BANCOINDIA,BANCO PRODUCTS (I) LTD,Consumer Cyclical,Auto Parts,625.4500122070312,879.7999877929688,502.0,18.912912,,5.3100085,1.6164882051282048,0.3225,0.11573,36.44,0.117,0.117,0.22,0.12031999,0.15043001,0.46886003,0.17622,2.57,89462679250.06075,2.248,0.793,-171535504.0,11.144,117.787,,,,,,647.2727488708496,654.8619970703126,5.873891190356528,0.69,12.92,93577379840.0,33.07,,0.69953,0.01255
PCJEWELLER,PC JEWELLER LTD,Consumer Cyclical,Luxury Goods,9.609999656677246,15.380000114440918,7.46999979019165,11.3058815,0.46878046,0.8987188,0.2581251484018265,0.09946,0.04558,14.271,0.438,0.372,0.21,0.22103001,0.2692,0.24975,0.22528,0.0,93611815663.66415,7.048,0.661,-7016974848.0,0.141,10.693,,,,,,9.666199975013733,9.463400001525878,-26.36015696382841,0.306,13.147,103812702208.0,0.85,20.5,0.56691,0.00875
BLACKBUCK,BLACKBUCK LIMITED,Technology,Software - Application,631.0499877929688,748.0,496.0,68.22162,40.296936,8.1036825,2.654537743190662,0.12059,0.04502,4.164,0.257,0.251,0.421,0.23692,0.1331,0.76754,0.23625,0.0,114945783632.48872,3.333,2.585,748711232.0,35.48,77.872,693.8571,880.0,579.0,1.42857,7.0,592.1999981689453,562.8829968261718,7.72447950545061,1.1015,63.341,106624851968.0,9.25,15.66,0.30961,0.49915
TEJASNET,TEJAS NETWORKS LIMITED,Technology,Communication Equipment,509.2000122070313,647.0,294.0,,,3.0880258,,-0.26822,-0.06824,142.52,-3.0354511454997426,-2.275668497615742,0.991,-0.70371,-0.48416,0.29337,-0.67337996,0.42,90506471545.70796,1.199,0.674,-9684637696.0,26.396,164.895,,,,,,468.6679995727539,554.1779968261719,-12.297617358121638,-0.088,-14.543,127647465472.0,-51.72,,0.01947,0.6113
TSFINV,TSF INVESTMENTS LIMITED,Financial Services,Asset Management,424.7000122070313,701.5,331.70001220703125,19.392694,,1.5635182,,0.090629995,0.018860001,3.85,-0.223,-0.222,0.709,0.44553003,0.21997,0.37518,0.20728001,3.06,93727828613.99222,9.856,8.913,-704056896.0,67.383,271.631,,,,,,432.17499938964846,437.19800048828125,-14.966462743625842,0.498,34.759,80094822400.0,21.9,,0.0,0.06041
LEMONTREE,LEMON TREE HOTELS LTD,Consumer Cyclical,Lodging,107.95999908447266,180.67999267578125,99.61000061035156,36.350166,21.803009,6.1417685,1.7476041346153846,0.14905,0.08375,96.367,0.208,0.201,0.092,0.15843001,0.33394,0.71756,0.48269,0.0,85487869227.04185,1.214,0.793,1718196608.0,2.073,17.578,150.90909,192.0,120.0,1.22727,22.0,126.18620021820068,113.1438003540039,-30.60359066547031,-0.173,15.496,110850596864.0,2.97,4.95161,0.22326,0.43982
ASKAUTOLTD,ASK AUTOMOTIVE LIMITED,Consumer Cyclical,Auto Parts,643.8499755859375,687.7000122070312,375.2999877929687,40.16531,28.699867,9.681227,1.3850106896551726,0.25258,0.11683,51.789,0.29,0.288,0.524,0.06814,0.09380999,0.32514,0.12153,0.29,126930251058.9485,1.042,0.526,-3097799936.0,0.654,66.505,677.8333,750.0,500.0,1.33333,6.0,466.5899993896484,519.7530017089844,27.117468032761604,-0.268,23.762,134084222976.0,16.03,22.4339,0.7495,0.20387
ZEEL,ZEE ENTERTAINMENT ENT LTD,Communication Services,Broadcasting,108.02999877929688,124.13999938964844,68.0,52.955883,13.556247,0.8732237,,0.02332,0.00577,2.26,-0.473,-0.469,0.045,0.025139999,0.01856,0.2756,0.029679999,2.38,103764908907.49097,5.594,2.067,5826874880.0,28.202,123.714,102.66667,125.0,80.0,2.76923,12.0,93.33934993743895,105.01260009765625,-8.137754948126275,0.447,30.528,74121404416.0,2.04,7.96902,0.05035,0.27378
BSOFT,BIRLASOFT LIMITED,Technology,Information Technology Services,309.0,474.0,270.20001220703125,15.124816,12.749718,2.0998268,0.2977325984251968,0.13656999,0.10095,3.422,0.508,0.513,0.074,0.10601,0.14749,0.39511,0.16444,2.12,86390087680.0,4.294,4.094,4631088640.0,87.395,147.155,329.5,419.0,247.0,2.5,14.0,364.3809994506836,301.9539971923828,-19.457837894981513,0.377,7.03,62480945152.0,20.43,24.23583,0.40957,0.28339002
RATEGAIN,RATEGAIN TRAVEL TECHN LTD,Technology,Software - Application,943.75,1050.0,437.0,46.104057,25.705019,5.5564713,0.4542271625615764,0.105399996,0.05874,47.296,1.015,1.022,1.876,0.103769995,0.17071,0.61583,0.19145,0.0,111735644160.0,1.412,1.008,-119737504.0,17.751,169.847,1097.1,1350.0,650.0,1.7,10.0,695.6622511291504,913.5090051269532,89.66036744856308,0.814,26.23,117292425216.0,20.47,36.71462,0.53821,0.23981
STARCEMENT,STAR CEMENT LIMITED,Basic Materials,Building Materials,194.3699951171875,308.95001220703125,191.5,21.289156,18.99857,2.4645915,,0.12871,0.08149,18.924,-0.242,-0.241,0.034,0.0971,0.10931,0.71378,0.23571,1.03,78560540746.46294,1.307,0.398,1378753664.0,3.087,78.865,259.69232,325.0,179.0,1.53846,13.0,216.1369494628906,205.79759918212892,-32.6857159767316,-0.007,9.258,83082543104.0,9.13,10.23077,0.90503997,0.04512
GRINFRA,G R INFRAPROJECTS LIMITED,Industrials,Engineering & Construction,884.0,1345.0,785.0,8.417444,9.088367,0.91192305,0.1814104310344827,0.100880004,0.058530003,51.877,0.464,0.464,0.401,0.11047,0.15149,0.32562,0.18591999,0.57,85536309248.0,3.54,2.218,-7820583936.0,134.806,969.38,1316.4166,1690.0,900.0,1.25,12.0,944.8355007934572,897.4989990234375,-30.36080171748522,0.608,7.091,121255690240.0,105.02,97.2672,0.75848,0.21216999
JLHL,JUPITER LIFE LINE HOSP L,Healthcare,Medical Care Facilities,317.70001220703125,340.0,235.6000061035156,55.34844,38.82283,6.7452235,,0.1339,0.07437,37.837,-0.133,-0.145,0.182,0.12043,0.12854,0.61548,0.20959,0.06,104151633825.83257,3.023,2.776,-2636244992.0,16.486,47.1,345.66666,410.0,310.0,1.83333,6.0,274.43529960632327,300.7532006835938,13.189404481000013,0.092,32.32,105523658752.0,5.74,8.18333,0.66866994,0.23583001
GENUSPOWER,GENUS POWER INFRASTRU LTD,Industrials,Electrical Equipment & Parts,334.25,364.5,206.36048889160156,14.265899,12.905406,4.1687975,0.3287073502304147,0.28997,0.10033,103.821,0.434,0.432,0.448,0.12595999,0.17596,0.38377997,0.18778,0.79,92453134336.0,1.748,1.064,-11306499072.0,28.115,80.179,395.0,450.0,340.0,1.5,2.0,296.5833824157715,316.86199951171875,-3.9235395619310776,0.339,10.375,100790452224.0,23.43,25.9,0.61671,0.065409996
VARROC,VARROC ENGINEERING LTD.,Consumer Cyclical,Auto Parts,824.25,874.8499755859375,462.0,63.994564,22.708387,7.068494,,0.13456,0.06608,50.855,-0.265,-0.265,0.299,0.020769998,0.052550003,0.33997002,0.085489996,0.18,125944848384.0,0.882,0.372,2969224960.0,15.87,116.609,750.4,897.0,540.0,2.6,5.0,599.4827513122559,684.2730053710937,48.996742916110094,0.278,16.522,134150348800.0,12.88,36.29716,0.75,0.12358
AMAGI,AMAGI MEDIA LABS LIMITED,Technology,Software - Application,576.4500122070312,727.4000244140625,310.20001220703125,122.12924,41.870106,7.3003473,0.1893476589147286,0.06325,0.00952,1.763,6.45,7.603,0.324,0.06303,0.054840002,0.99992996,0.05169,0.0,124708588112.85626,3.982,3.397,-5554066432.0,63.62,78.962,638.0,710.0,480.0,1.8,5.0,449.47739755290826,577.1510009765625,65.52764169620424,0.898,134.685,112259907584.0,4.72,13.76758,0.25295,0.67546
TIMETECHNO,TIME TECHNOPLAST LTD.,Consumer Cyclical,Packaging & Containers,191.6300048828125,249.1499938964844,154.0,16.958406,13.687858,2.314484,1.3900332786885248,0.13372,0.089420006,17.605,0.122,0.222,0.251,0.075890005,0.10299,0.28088,0.14434,0.79,94595352938.32909,3.632,1.88,-4875181056.0,11.718,82.796,280.0,280.0,280.0,1.0,1.0,186.11584968566893,192.18639953613285,-20.73215930390383,0.233,10.382,96723656704.0,11.3,14.0,0.48605,0.20313999
BATAINDIA,BATA INDIA LTD,Consumer Cyclical,Footwear & Accessories,711.2000122070312,1282.5,605.0,62.385967,33.76074,5.728785,2.712433347826087,0.08465999,0.04711,86.9,0.23,0.23,0.039,0.041149996,0.10557,0.55102,0.13053,4.71,91408786976.93968,1.721,0.745,4295289856.0,40.957,124.145,739.375,904.0,598.0,3.6875,16.0,793.5477496337891,705.0189978027344,-37.11759396931642,0.379,21.848,101308555264.0,11.4,21.06589,0.50471,0.30431
RELAXO,RELAXO FOOT LTD.,Consumer Cyclical,Footwear & Accessories,374.1000061035156,526.0,236.5,50.147453,37.826088,4.218301,3.917769765625,0.0833,0.04744,10.545,0.128,0.124,0.077,0.06732,0.09648,0.60465,0.144,0.94,93127927279.40056,2.328,1.029,1650674944.0,8.552,88.685,396.0,460.0,290.0,2.9,10.0,362.2889002990723,395.0490026855469,-21.52297115087054,0.613,23.456,92976906240.0,7.46,9.89,0.71269,0.1162
GMRP&UI,GMR POW AND URBAN INFRA L,Energy,Thermal Coal,98.55999755859376,136.9499969482422,89.0,12.635897,8.352542,4.043321,,0.41511002,0.034560002,549.816,-0.5764886810155694,-3.555352241537054,0.154,0.081879996,0.14103,0.3705,0.2208,0.0,76977084557.21893,1.466,0.669,-9029900288.0,22.531,24.376,142.0,142.0,142.0,1.0,1.0,107.02729972839356,99.13879974365234,-17.557511465789478,0.824,10.884,176200171520.0,7.8,11.8,0.70983005,0.03791
EUREKAFORB,EUREKA FORBES LIMITED,Consumer Cyclical,"Furnishings, Fixtures & Appliances",416.2000122070313,668.2999877929688,403.2000122070313,44.656654,27.222525,1.7509983,0.9461155508474578,0.0361,0.02332,0.629,0.472,0.473,0.152,0.06458,0.07242,0.58661,0.10628,0.0,80537545018.1439,1.071,0.655,2374242816.0,24.608,237.693,638.46155,790.0,547.0,1.07692,13.0,509.169001159668,454.38,-24.182529747341476,-0.034,25.784,76777242624.0,9.32,15.28881,0.65335,0.12258001
MANORAMA,MANORAMA INDUSTRIES LTD,Consumer Defensive,Packaged Foods,1958.699951171875,2043.0,1060.5999755859375,47.518192,35.873627,17.145033,0.7008582890855456,0.39395002,0.19223,52.154,0.678,0.676,0.395,0.17326,0.24764,0.45266,0.26448,0.04,123637822453.85204,1.973,0.311,1190531840.0,14.076,114.243,2065.0,2080.0,2050.0,1.0,2.0,1424.5109979248048,1620.6360009765624,39.21108394967128,0.261,30.186,118253125632.0,41.22,54.6,0.68601996,0.046630003
CLEAN,CLEAN SCIENCE & TECH LTD,Basic Materials,Specialty Chemicals,834.7000122070312,1256.800048828125,652.0,38.149,25.876017,5.604233,8.116808510638299,0.15309,0.102290004,0.135,0.047,0.047,0.105,0.23719,0.28083,0.61482,0.35799,0.73,88714020113.39403,5.011,3.521,420808736.0,35.311,148.941,958.5714,1359.0,755.0,1.71429,14.0,805.2839984130859,776.347998046875,-29.31063874570278,0.252,23.711,83362865152.0,21.88,32.25767,0.55212003,0.24248
TIPSMUSIC,TIPS MUSIC LIMITED,Communication Services,Entertainment,651.0499877929688,741.0,481.1499938964844,38.729923,28.3476,32.014652,,0.92331004,0.48703,1.962,-0.047,-0.047,0.209,0.54473996,0.49368,0.78099,0.69271004,2.46,83224754663.5558,3.118,1.983,1744805248.0,12.357,20.336,733.5,744.0,723.0,1.0,2.0,588.6612484741211,667.3069982910156,10.319403687116925,0.246,29.954,81743896576.0,16.81,22.96667,0.65626,0.0808
ALKYLAMINE,ALKYL AMINES CHEM. LTD,Basic Materials,Specialty Chemicals,1923.800048828125,2201.89990234375,1212.0,43.712795,41.70087,6.416645,,0.1372,0.0949658759522091,0.0775090969658694,-0.035,-0.034,-0.046,0.11769,0.13975,0.45428002,0.19311,0.76,98395015617.37189,3.116775007447415,2.5509535239593655,1101464000.0,18.408687710911416,299.814,1727.3334,2164.0,1068.0,3.0,3.0,1643.4710034179689,1846.93400390625,-10.128003313907165,0.273,30.860442901823852,97465364120.0,44.01,46.13333,0.72256,0.05204
ORKLAINDIA,ORKLA INDIA LIMITED,Consumer Defensive,Packaged Foods,550.3499755859375,760.0,533.25,25.350069,20.293404,2.7213256,2.28379,0.10967,0.06937,2.284,0.111,0.111,0.104,0.11452,0.15189,0.44304,0.16055,0.0,75392021231.53629,2.669,1.589,1544837504.0,41.406,202.236,741.6667,800.0,680.0,1.16667,6.0,605.8680886120053,585.3539953613281,-22.88237136433946,0.5503,17.068,70458417152.0,21.71,27.11965,0.83325,0.096590005
RHIM,RHI MAGNESITA INDIA LTD,Industrials,Metal Fabrication,374.75,515.5499877929688,323.04998779296875,35.24,20.403807,2.1734843,0.2898026315789474,-0.10132,0.0305,12.595,1.216,0.832,0.056,-0.0868,0.08676,0.39983,0.11753,0.67,77386407936.0,2.754,1.499,2501734656.0,22.921,172.419,544.6667,589.0,488.0,1.0,3.0,415.8654997253418,392.4760009765625,-24.65064936140734,0.369,13.469,64486064128.0,-17.13,18.36667,0.70151,0.16420001
EMBDL,EMBASSY DEVELOPMENTS LTD,Real Estate,Real Estate - Diversified,63.08000183105469,105.6999969482422,39.459999084472656,,,0.8883006,,-0.090459995,-0.01551,53.414,-5.371881325023547,,-0.682,-0.74237996,-0.66268,0.03763,-0.46525002,0.0,87683312113.22725,2.486,0.193,-22464075776.0,8.195,71.012,,,,,,62.5762498664856,62.75440002441406,-37.48265522585162,0.998,-21.902,129176395776.0,-6.83,,0.64879,0.08271
V2RETAIL,V2 RETAIL LIMITED,Consumer Cyclical,Apparel Retail,220.0500030517578,259.25,158.55999755859375,43.834663,2.5005682,8.892346,0.2440682795100222,0.25959,0.09028,110.224,1.796,1.813,0.599,0.05284,0.07458,0.29974002,0.1103,0.0,80238494808.78548,1.444,0.018,-4535374848.0,0.163,24.746,,,,,,216.80439987182615,223.90059997558595,23.52644201510239,0.263,26.246,88793907200.0,5.02,88.0,0.56766,0.10618
SUDEEPPHRM,SUDEEP PHARMA LIMITED,Healthcare,Drug Manufacturers - Specialty & Generic,1107.800048828125,1180.0,524.0499877929688,68.42496,57.25065,14.164973,2.426417021276596,0.25056,0.13682,16.749,0.282,0.316,0.267,0.27033,0.32167,0.63706,0.3428,0.13,125124498827.06989,3.09,1.913,-739669248.0,10.15,78.207,777.5,855.0,700.0,4.0,2.0,713.3229520203637,896.2660046386719,43.09888443995013,1.0957,56.615,131119095808.0,16.19,19.35,0.85144997,0.065409996
TTML,TATA TELESERV(MAHARASTRA),Communication Services,Telecom Services,37.45000076293945,60.88999938964844,31.219999313354492,197.10527,,-0.3665639,1.37,0.0113,0.22707,,,,0.061,0.03187,0.43648,0.55535,0.50198,0.0,73212044755.49149,0.01,0.008,-5223000064.0,0.197,-102.165,,,,,,43.919700050354,41.04319999694824,-36.40685829329057,0.445,47.698,281945833472.0,0.19,,0.74358004,0.01986
MAHSEAMLES,MAHARASHTRA SEAMLESS LTD,Basic Materials,Steel,610.5999755859375,690.0,500.7000122070313,11.0998,,1.1904668,0.7115256410256411,0.106079996,0.04832,0.194,0.156,0.157,-0.047,0.15958999,0.13951999,0.37436,0.14982,1.63,81819931448.53423,14.169,10.967,7085425152.0,274.557,512.908,,,,,,582.5169982910156,600.877998046875,-10.403525225834551,0.038,6.588,45606871040.0,55.01,,0.72130996,0.07326
CARTRADE,CARTRADE TECH LIMITED,Consumer Cyclical,Auto & Truck Dealerships,2895.199951171875,3290.5,1600.0,62.289158,36.483837,5.57928,2.780765982142857,0.09849,0.04775,5.363,0.224,0.195,0.163,0.28656,0.25952,0.60944,0.34814,0.0,140452034239.2484,4.795,4.277,79135504.0,197.033,518.92,3276.0,4000.0,2600.0,1.22222,10.0,2378.2469934082033,2731.6699853515624,18.89938197831109,0.004,45.087,126734852096.0,46.48,79.35569,0.06397,0.6334
INDIASHLTR,INDIA SHELTER FIN CORP L,Financial Services,Mortgage Finance,675.2999877929688,968.75,640.0,14.255858,9.716547,2.2964857,0.6392761434977579,0.17036,0.05796,195.303,0.223,0.197,0.218,0.47973,0.62151,0.99805,0.0,1.53,73585220301.83994,6.094,6.045,-11963349000.0,17.322,294.058,960.375,1127.0,796.0,1.0,8.0,782.6677487182617,750.4670007324219,-26.40183131413871,0.0,20.14849107116023,131840475136.0,47.37,69.5,0.28538,0.56108004
KPIGREEN,KPI GREEN ENERGY LIMITED,Utilities,Utilities - Renewable,307.04998779296875,542.25,301.20001220703125,13.292207,,1.9977617,,0.17253,0.070310004,158.765,-0.177,-0.231,0.151,0.16427,0.28053,0.48114,0.35961,0.28,60695172755.012215,1.639,0.734,-25251522560.0,38.43,153.697,,,,,,414.25550079345703,384.38200012207034,-41.12740964824767,0.683,10.738,107609899008.0,23.1,,0.5485,0.053390004
NESCO,NESCO LTD.,Industrials,Conglomerates,1032.5999755859375,1638.9000244140625,996.0,17.50763,19.373358,2.427408,4.3769075,0.14673,0.10083,9.068,0.04,0.039,0.153,0.39094,0.52584,0.86678004,0.55974996,0.68,72756951367.78618,0.829,0.222,684643520.0,3.54,425.392,1193.0,1193.0,1193.0,2.0,1.0,1159.007999572754,1079.4759997558594,-29.32238360123631,0.535,12.614,75236425728.0,58.98,53.3,0.70231,0.047220003
TRIVENI,TRIVENI ENGG. & INDS. LTD,Consumer Defensive,Confectioners,300.04998779296875,490.1000061035156,220.0500030517578,23.681925,17.572474,1.9776561,,0.082650006,0.03952,64.646,-0.15,-0.172,-0.011,0.042740002,0.01381,0.27040002,0.09012,1.82,66119914878.02201,1.495,0.24,-2411174912.0,3.276,151.72,318.0,363.0,272.0,1.66667,4.0,369.6658992004394,355.41059814453126,-11.982988217922909,0.284,14.567,83006078976.0,12.67,17.075,0.67423,0.095649995
WEWORK,WEWORK INDIA MANAGEMENT L,Real Estate,Real Estate Services,688.1500244140625,794.5,420.0,112.99672,38.652363,31.021503,,0.2498011538113025,0.0104951100933989,1854.959,,,0.277,0.03254,0.22694999,0.99149,0.70053,0.0,95370890551.55128,0.3311555054151119,0.3306912650661375,11368520000.0,22.927,22.183,896.1429,995.0,791.0,1.0,7.0,594.6034996032715,699.3109985351563,9.464725632589822,0.9326,8.183,148403159040.0,6.09,17.80357,0.63537,0.24575001
SHARDACROP,SHARDA CROPCHEM LTD.,Basic Materials,Agricultural Inputs,763.4500122070312,1297.0,755.5499877929688,11.007065,9.2831955,2.1960495,,0.24157,0.08902001,0.104,-0.383,-0.383,0.049,0.11851,0.03965,0.35229,0.19296,2.34,68878836813.32437,1.86,1.388,-45393624.0,77.772,347.647,1204.1666,1350.0,1061.0,1.8,6.0,937.6632482910156,864.7590014648438,-19.78881886967481,0.601,6.136,62554411008.0,69.36,82.24,0.7591,0.10182
SAREGAMA,SAREGAMA INDIA LIMITED,Communication Services,Entertainment,520.2000122070312,574.5,307.04998779296875,45.07799,33.239616,6.002354,1.083605528846154,0.12567,0.07222,4.281,0.416,0.406,0.275,0.21314,0.26434,0.51856,0.36012,1.77,99857328423.25546,1.749,0.772,4034317056.0,11.326,86.666,632.5,655.0,570.0,1.25,4.0,396.9304988098145,497.8720007324219,7.114180736077835,0.635,25.609,96045850624.0,11.54,15.65,0.64698,0.11675
CELLO,CELLO WORLD LIMITED,Consumer Cyclical,"Furnishings, Fixtures & Appliances",363.6000061035156,673.7999877929688,336.6000061035156,25.267548,18.701069,2.9735522,,0.12976,0.099350005,1.411,-0.018,0.005,-0.003,0.13963,0.17486,0.48991,0.19898,0.42,80313804100.17532,8.102,5.508,204751248.0,32.842,122.278,454.375,550.0,400.0,1.875,8.0,450.6029998779297,366.9910009765625,-33.8066604435177,0.246,15.664,72380489728.0,14.39,19.44274,0.75,0.18892
SKFINDIA,SKF INDIA LTD,Industrials,Tools & Accessories,1601.699951171875,5074.0,1404.0,37.80269,27.520617,5.95629,5.64,0.13543001,0.086840004,0.219,-0.477,-0.476,-0.542,0.068330005,0.12156,0.4096,0.1276,2.45,79184778898.03708,2.061,1.448,5890912256.0,59.133,268.909,1809.0,2040.0,1500.0,3.0,6.0,1703.2575024414064,1570.7880102539064,-64.56494509928255,0.368,19.842,77674749952.0,42.37,58.2,0.53151,0.2884
SKYGOLD,SKY GOLD AND DIAMONDS LTD,Consumer Cyclical,Luxury Goods,778.5499877929688,848.0,259.0,35.746094,21.826466,10.063856,0.2878107407407407,0.29828,0.14834,72.072,1.242,1.369,0.779,0.046680003,0.075619996,0.08755,0.07248,0.0,120577063069.44965,1.891,0.864,1377584896.0,51.541,77.361,773.6667,955.0,617.0,1.66667,3.0,439.91749908447264,630.262998046875,148.34130392120218,0.098,23.302,121211322368.0,21.78,35.67,0.58437,0.13393
THYROCARE,THYROCARE TECH LTD,Healthcare,Diagnostics & Research,566.7000122070312,662.0,342.54998779296875,51.47139,35.632545,15.405318,1.6185971698113206,0.28745002,0.17688999,8.65,0.318,0.341,0.243,0.20125,0.26989,0.54964,0.29833,2.8,90196936598.89182,3.387,2.465,1719262464.0,11.926,36.786,663.0,710.0,615.0,1.0,5.0,468.98183471679687,562.5539996337891,26.81635304198402,0.463,34.945,91327692800.0,11.01,15.904,0.51183,0.22495002
AKUMS,AKUMS DRUGS AND PHARMA L,Healthcare,Drug Manufacturers - Specialty & Generic,752.9000244140625,775.0,409.2999877929687,39.501575,22.059217,3.4789803,0.6893817626527051,0.08019,0.04838,5.756,0.573,0.576,0.139,0.064770006,0.11453,0.41092,0.12269,0.13,115270553241.84354,3.252,2.263,932990016.0,109.77,216.414,863.3333,880.0,850.0,1.0,3.0,525.0924992370606,668.0569970703125,56.70725471636151,0.552,18.208,100620910592.0,19.06,34.13086,0.7737,0.12415
KRBL,KRBL LIMITED,Consumer Defensive,Packaged Foods,397.25,495.0,274.6499938964844,11.990643,10.593333,1.5655789,1.12,0.11731,0.07904,2.924,0.731,0.732,-0.056,0.12617,0.18992001,0.29879,0.1701,1.13,90926505984.0,8.058,2.231,10724724736.0,42.903,253.74,,,,,,362.1847492980957,371.22099853515624,-15.43374135178286,0.15,8.155,83361972224.0,33.61,37.5,0.72690004,0.04735
EQUITASBNK,EQUITAS SMALL FIN BNK LTD,Financial Services,Banks - Regional,76.98999786376953,83.9000015258789,50.0,17.262331,8.512544,1.437346,0.0428664787683138,0.016900001,0.00182,94.248,4.027,4.051,0.192,0.10925999,0.31504,1.0,0.0,0.0,88068576884.3738,1.04,0.122,-35089966000.0,49.686,53.564,86.52632,98.0,64.0,1.36842,19.0,67.60169996261597,76.98019943237304,40.1601992281714,0.444,,86240288768.0,4.46,9.0443,0.12185001,0.53525
AXISCADES,AXISCADES TECH LTD,Industrials,Engineering & Construction,1600.5999755859375,2211.0,1063.300048828125,108.22177,,9.372017,,0.10366999,0.064169995,52.834,-0.986,-0.986,-0.248,0.02912,-0.00035,0.30899,0.14591,0.0,68079098865.58479,1.532,0.85,-1520655616.0,11.696,170.785,,,,,,1568.954005737305,1642.266008300781,35.85130214900536,0.396,39.127,71243628544.0,14.79,,0.073249996,0.01672
RELIGARE,RELIGARE ENTER. LTD.,Financial Services,Insurance - Life,231.6499938964844,280.0,196.5099945068359,154.43333,,2.6510644,,0.02001,0.00598,12.72,-0.169,-0.17,0.26,0.0055199997,-0.02617,0.82969004,0.011460001,0.0,79857563591.91235,0.364,0.342,16746492928.0,50.726,87.38,,,,,,238.68980026245117,254.6138003540039,-9.210268689849189,-0.244,72.92,75035312128.0,1.5,,0.47645,0.068169996
POWERMECH,POWER MECH PROJECTS LTD.,Industrials,Engineering & Construction,2455.60009765625,3260.0,1717.699951171875,19.833616,13.604433,3.0826206,0.3821505973025048,0.17255,0.07719,25.632,0.519,0.519,0.255,0.06121,0.088879995,0.25159,0.1095,0.05,77636971535.5286,1.713,1.113,5281012736.0,156.048,796.595,3237.0,3950.0,2811.0,1.66667,3.0,2359.4595080566405,2633.4580126953124,-23.228911940083652,0.659,11.313,79175008256.0,123.81,180.5,0.58421004,0.24463
MIDHANI,MISHRA DHATU NIGAM LTD,Basic Materials,Steel,420.5,456.6000061035156,266.6499938964844,58.484005,34.002686,5.139896,2.1266910909090906,0.08922,0.03486,26.557,0.275,0.27,0.405,0.10564,0.08356,0.55174,0.19083999,0.37,78776467456.0,2.515,0.888,-10382750.0,10.272,81.811,495.0,510.0,475.0,1.0,3.0,371.58699981689455,419.1960009765625,6.039594740710252,0.648,33.741,82266832896.0,7.19,12.36667,0.74,0.07637
ABFRL,ADITYA BIRLA FASHION & RT,Consumer Cyclical,Apparel Manufacturing,54.75,94.9499969482422,53.5099983215332,,-9.5911455,1.1411005,,-0.12693,-0.023729999,98.822,,,0.106,-0.09308,-0.114930004,0.54804003,-0.0378,0.0,66618552320.0,1.252,0.414,-2212512512.0,9.301,47.98,66.66667,114.0,50.0,3.1875,15.0,66.09899997711182,59.161600036621095,-28.206138911201595,0.026,-38.271,121099247616.0,-6.35,-5.70839,0.59073,0.10228
E2E,E2E NETWORKS LIMITED,Technology,Software - Infrastructure,623.8499755859375,698.0,183.36000061035156,230.20294,,7.4225445,,-0.0095,-0.0109399995,9.441,-0.596,-0.527,3.341,0.085080005,0.36526,0.68533,0.56173,0.0,128174894183.93845,1.204,0.758,-16019970048.0,17.845,84.048,,,,,,316.76245056152345,479.3380029296875,170.56857170009258,0.915,61.925,127393996800.0,2.71,,0.61452997,0.03563
IMFA,INDIAN METALS & FERRO,Basic Materials,Other Industrial Metals & Mining,1421.9000244140625,1679.9000244140625,815.0,14.622584,9.4041,2.8230617,0.1347703594470046,0.1671,0.08762,35.121,1.085,1.084,0.497,0.16670999,0.26848,0.45403,0.23324,0.86,76717344037.2389,1.442,0.702,-10381625344.0,76.997,503.673,1860.0,1860.0,1860.0,1.0,1.0,1361.1734985351563,1397.477998046875,70.7065254308018,0.44,11.474,84169293824.0,97.24,151.2,0.74543,0.008
SUPRIYA,SUPRIYA LIFESCIENCE LTD,Healthcare,Biotechnology,811.7000122070312,1085.0,545.5,32.915653,20.920103,5.4560366,,0.19059,0.13446,0.454,-0.308,-0.309,0.326,0.22736,0.21396999,0.68065,0.33178002,0.13,65327891414.45608,4.398,2.465,-155762496.0,9.808,148.771,940.0,1030.0,850.0,1.5,2.0,756.620998840332,884.8060034179688,19.122392592370986,0.667,21.629,62613757952.0,24.66,38.8,0.71282,0.04818
BLUEJET,BLUE JET HEALTHCARE LTD,Healthcare,Biotechnology,595.2999877929688,789.0,325.0,43.901176,30.536674,7.5934024,,0.19881001,0.11038,3.102,-0.143,-0.142,-0.174,0.26523,0.31172,0.54899,0.30552998,0.2,103263958970.50227,4.208,3.142,795492480.0,18.645,78.397,568.0,720.0,370.0,2.4,5.0,488.4867500305176,568.8670013427734,-23.36015606141374,0.636,36.929,99931201536.0,13.56,19.49459,0.76015997,0.05889
CAMPUS,CAMPUS ACTIVEWEAR LIMITED,Consumer Cyclical,Footwear & Accessories,223.11000061035156,297.0,215.1999969482422,44.35586,32.597023,7.5235205,2.286384536082474,0.18053,0.09179,26.059,0.194,0.177,0.122,0.08482,0.083229996,0.52289003,0.13897,0.67,68200202426.57209,2.367,0.76,-111987504.0,4.211,29.655,293.85715,330.0,237.0,1.28571,7.0,247.23254974365236,227.42219970703124,-16.46948876373876,0.116,27.371,69081309184.0,5.03,6.84449,0.72113997,0.18100001
REDTAPE,REDTAPE LIMITED,Consumer Cyclical,Footwear & Accessories,123.9800033569336,163.5,107.52999877929688,27.860676,,6.710327,1.9482990209790212,0.26577,0.0716,70.489,0.143,0.152,0.069,0.09806,0.15096,0.44408,0.16628,1.59,68537091903.7385,1.565,0.227,-1004687488.0,0.164,18.476,,,,,,127.40520027160645,132.32600051879882,1.002039394650578,0.141,18.374,76784967680.0,4.45,,0.72177005,0.13266
PRECWIRE,PRECISION WIRES INDIA LTD,Industrials,Electrical Equipment & Parts,435.7000122070313,474.8999938964844,170.14999389648438,45.480167,28.29221,10.312671,0.677796825633383,0.23027,0.08412,39.377,0.671,0.715,0.604,0.0287,0.03819,0.08472,0.047659997,0.41,79649433783.54256,1.347,0.948,-1371838336.0,15.956,42.249,492.0,492.0,492.0,1.0,1.0,328.62114952087404,401.2350012207031,147.12155762025546,0.866,27.134,78676951040.0,9.58,15.4,0.64969003,0.0064700004
BIRLACORPN,BIRLA CORPORATION LTD,Basic Materials,Building Materials,891.5,1346.0999755859375,769.5999755859375,12.392271,11.441344,0.93215305,0.2544614168377823,0.07755,0.04006,46.04,0.487,-0.032,0.078,0.05623,0.07556,0.82085,0.1436,1.41,68650262528.0,1.259,0.724,670200000.0,156.402,956.388,1173.9231,1385.0,1030.0,1.71429,13.0,999.936252746582,954.8349987792968,-29.885961462839163,0.468,6.365,90005635072.0,71.94,77.91917,0.64341,0.20618999
YATHARTH,YATHARTH HOSP & TRA C S L,Healthcare,Medical Care Facilities,847.8499755859375,919.5,538.25,45.412426,27.131199,4.589771,3.816170252100841,0.09889,0.07168,14.614,0.119,0.12,0.523,0.13203,0.16158001,0.62232,0.24781999,0.12,81694037711.59875,3.872,3.47,-886840000.0,27.309,184.726,1022.0,1100.0,971.0,1.0,4.0,749.8554986572266,845.3869995117187,16.088177439279484,0.973,24.356,82470969344.0,18.67,31.25,0.56938,0.12493
JSLL,JEENA SIKHO LIFECARE LTD,Healthcare,Medical Care Facilities,506.2000122070313,849.5,492.0,26.698315,14.139666,13.474234,0.9400815140845072,0.59921,0.37620997,27.261,0.284,0.286,0.288,0.27776,0.34168997,0.88389,0.43116,0.22,62921033197.34294,3.247,2.609,2139618688.0,16.391,37.568,1000.0,1000.0,1000.0,1.0,1.0,647.8077503967285,568.5170001220703,-30.121480515344313,1.065,16.655,61146251264.0,18.96,35.8,0.72446996,0.0029699998
PGIL,PEARL GLOBAL IND LIMITED,Consumer Cyclical,Apparel Manufacturing,2377.60009765625,2539.60009765625,1178.0999755859375,35.3074,23.184788,7.515798,0.7279876288659795,0.20896,0.08067001,65.567,0.485,0.482,0.245,0.058280002,0.0904,0.48514,0.0896,0.87,109822644638.79544,1.596,0.857,-307104256.0,161.829,316.347,2583.5715,3125.0,2079.0,1.5,7.0,1696.697498779297,2069.8239990234374,76.52387367730353,0.045,23.718,113155727360.0,67.34,102.55,0.6145,0.2368
GPPL,GUJARAT PIPAVAV PORT LTD,Industrials,Marine Shipping,164.80999755859375,200.08999633789065,141.5500030517578,14.25692,14.248698,3.3835635,0.3418925659472422,0.21802999,0.122150004,1.544,0.417,0.418,0.325,0.45058998,0.5503,0.75924003,0.63149,6.06,79706372963.27286,2.538,1.728,-526827488.0,13.985,48.709,178.5,210.0,131.0,2.25,8.0,164.3411501312256,153.07440002441408,5.688081940694056,0.447,9.376,73422331904.0,11.56,11.56667,0.44037998,0.26943
DYNAMATECH,DYNAMATIC TECHNOLOGIES,Consumer Cyclical,Auto Parts,11765.0,12875.0,6320.0,189.1479,62.71322,10.065888,2.03166380236305,0.0429,0.03788,80.387,0.931,0.93,0.145,0.02533,0.0834,0.50049,0.10727,0.09,79901327360.0,1.38,0.576,-56187500.0,99.637,1168.799,8440.0,8440.0,8440.0,5.0,1.0,9996.605,10654.64,78.1361193125899,0.424,47.51,85379284992.0,62.2,187.6,0.46872002,0.1587
SHREEJISPG,SHREEJI SHIPPING GLOBAL L,Industrials,Marine Shipping,613.3499755859375,681.5499877929688,222.0,60.13235,,12.970796,,0.2987,0.14607,36.166,-0.262,-0.181,0.205,0.21525,0.27366,0.35592,0.3426,0.31,99925905526.50362,2.029,1.768,-991694976.0,25.865,47.287,,,,,,421.4602488708496,574.6599975585938,140.435108157955,1.139,43.226,105051734016.0,10.2,,0.89096,0.0182
JYOTHYLAB,JYOTHY LABS LIMITED,Consumer Defensive,Household & Personal Products,208.4600067138672,352.70001220703125,188.1000061035156,26.967659,21.55238,4.818659,,0.22428,0.11626001,3.247,-0.508,-0.508,0.03,0.09575,0.062750004,0.44224998,0.12516,1.68,76549540257.42947,2.683,1.952,2657100032.0,22.189,43.261,234.36365,310.0,181.0,2.18182,11.0,239.30490051269533,201.08080078125,-40.01150885931879,0.456,18.504,68704251904.0,7.73,9.67225,0.69107,0.15239
SIGMAADV,SIGMA ADVANCED SYSTEM LTD,Industrials,Aerospace & Defense,664.4500122070312,721.5,115.9800033569336,70.16367,,24.994358,,0.87583,0.03365,70.808,-0.891,-0.74,773.436,0.19245,0.1487,0.61909,0.14647001,0.0,117102479463.36368,1.418,0.852,-4190786560.0,1.386,26.584,,,,,,312.92460006713867,587.7169964599609,441.30347226642056,1.703,98.215,124872564736.0,9.47,,0.66111,0.01096
SGMART,SG MART LIMITED,Industrials,Industrial Distribution,805.2000122070312,824.0,313.1000061035156,81.49798,40.0597,6.357177,2.3554329479768787,0.0792,0.03441,16.781,0.346,0.411,0.144,0.01919,0.041789997,0.04046,0.02463,0.0,101483546114.51564,2.804,2.034,9736112128.0,78.16,126.66,777.0,777.0,777.0,1.0,1.0,499.31975082397463,662.9040026855469,124.85339248340388,-0.775,58.866,93970096128.0,9.88,20.1,0.66734004,0.00039
KINGFA,KINGFA SCI & TEC IND LTD.,Basic Materials,Specialty Chemicals,5857.5,6200.0,3649.89990234375,34.352825,,5.6726017,1.3111765267175572,0.17412001,0.10606,1.101,0.262,0.412,0.232,0.09284,0.14753,0.23942,0.13793999,0.0,79377211392.0,4.061,2.817,-1016311744.0,310.574,1032.595,,,,,,4654.243507080078,5249.15,28.167251973071995,0.688,27.425,75491942400.0,170.51,,0.75291,0.06662
PNGJL,P N GADGIL JEWELLERS LTD,Consumer Cyclical,Luxury Goods,609.4500122070312,736.4000244140625,503.0,18.563812,15.646983,4.2143807,0.3576842389210019,0.23306999,0.08614001,88.504,0.519,0.519,0.407,0.03898,0.06822,0.12205,0.060560003,0.0,89712625412.90671,1.53,0.199,-4000698624.0,37.163,144.612,796.5,800.0,793.0,1.0,2.0,596.54875,598.8299987792968,5.3591493380252375,0.9285,13.605,94239334400.0,32.83,38.95,0.76624,0.04719
GNFC,GUJ NAR VAL FER & CHEM L,Basic Materials,Chemicals,592.7999877929688,619.0,365.0,8.404934,9.456054,0.95598096,0.0304968577648766,0.091350004,0.03197,0.066,2.756,2.759,0.398,0.12331,0.14164,0.30416,0.14764,3.49,87106435326.2905,5.909,2.349,-10309199872.0,122.695,620.096,,,,,,488.6245004272461,533.8690002441406,12.12407302930738,0.192,5.684,70576832512.0,70.53,62.69,0.43472,0.16767
TTKPRESTIG,TTK PRESTIGE LTD,Consumer Cyclical,"Furnishings, Fixtures & Appliances",592.6500244140625,771.2000122070312,423.0,42.031914,28.665056,4.0994267,0.94,0.081470005,0.0468,8.801,1.232,1.228,0.336,0.06079,0.07403,0.42349997,0.0917,1.28,81173130511.90585,3.505,2.235,808287488.0,62.974,144.569,682.1111,866.0,525.0,2.55556,9.0,574.9449992370605,615.1509985351563,-9.456873353190698,0.236,25.089,73159319552.0,14.1,20.675,0.70922995,0.1983
IXIGO,LE TRAVENUES TECHNOLOGY L,Consumer Cyclical,Travel Services,170.4499969482422,339.1499938964844,151.27000427246094,86.96428,41.689392,3.6973166,1.7392856,0.053260002,0.02103,2.15,0.5,0.703,0.134,0.06742,0.05511,0.82158,0.0577,0.0,75175991998.03975,2.916,2.456,2715298816.0,21.818,46.101,223.11111,320.0,183.0,2.33333,9.0,201.926099319458,193.19619873046875,-38.744343072578005,-0.515,90.003,65885691904.0,1.96,4.08857,0.27583998,0.53827
SUDARSCHEM,SUDARSHAN CHEMICAL INDS L,Basic Materials,Specialty Chemicals,1186.5,1603.0,726.4000244140625,130.67181,18.548721,2.7034295,1.2444934285714284,0.0103400005,0.01799,64.172,1.05,1.061,0.054,0.0073,0.06166,0.47987,0.055960003,0.44,94454390784.0,2.058,1.062,2027965056.0,171.378,438.887,1325.5714,1470.0,911.0,1.42857,7.0,939.8564987182616,1001.8010009765624,-17.114914425427873,0.467,18.995,105473638400.0,9.08,63.96667,0.37710997,0.2926
SAFARI,SAFARI IND (INDIA) LTD,Consumer Cyclical,Footwear & Accessories,1490.199951171875,2507.10009765625,1363.0999755859375,44.272133,29.590944,6.549984,,0.16223,0.09206,10.456,-0.055,-0.054,0.115,0.07829,0.095790006,0.46362,0.1137,0.27,73013163687.63924,3.789,2.365,1167187456.0,57.74,227.512,2149.9,2720.0,1941.0,1.0,10.0,1792.9825006103515,1580.1459936523438,-26.044667435638956,-0.387,29.623,70994591744.0,33.66,50.36,0.54457,0.32571998
SUVEN,SUVEN LIFE SCIENCES LTD,Healthcare,Drug Manufacturers - Specialty & Generic,373.6000061035156,377.4500122070313,124.11000061035156,,19.307493,14.258998,,-0.78799003,-0.47754002,2.823,,,0.91,0.0,-37.763702,0.92832,0.0,0.0,105565423292.62578,17.695,16.938,-1978181760.0,19.646,26.201,,,,,,212.88950065612792,310.8560006713867,59.148032418963005,0.803,-22.525,82686148608.0,-14.6,19.35,0.66574997,0.02878
SONATSOFTW,SONATA SOFTWARE LTD,Technology,Information Technology Services,306.0,421.5,207.1499938964844,18.31239,14.606205,4.447028,,0.25724,0.06888,37.962,-0.008,-0.011,0.106,0.04205,0.04341,0.12104,0.056020003,2.57,84699103232.0,1.053,1.008,700287488.0,20.928,68.81,325.14285,404.0,260.0,2.85714,7.0,300.3148498535156,301.0630001831055,-17.819257423368995,0.394,14.039,86634840064.0,16.71,20.95,0.41900003,0.29724002
JKLAKSHMI,JK LAKSHMI CEMENT LTD,Basic Materials,Building Materials,557.9000244140625,989.7999877929688,542.9500122070312,18.715197,11.069445,1.782468,,0.11098,0.05054,66.59,-0.281,-0.281,0.094,0.053400002,0.09232,0.55794996,0.13475001,1.16,69260176342.86969,1.294,0.835,-3116624896.0,98.825,312.993,705.2778,940.0,534.0,2.05882,18.0,672.6049984741211,575.4930004882813,-40.62050644856199,0.489,8.879,82867822592.0,29.81,50.4,0.48064998,0.32632
BLUESTONE,BLUESTONE JEWEL LFSTL LTD,Consumer Cyclical,Luxury Goods,821.5,926.0,399.7999877929687,209.56633,94.78843,6.9449725,,0.00971,0.02643,110.033,,,0.496,0.02101,0.06431,0.42588,0.17576,0.0,125483638784.0,1.674,0.406,-2682731264.0,56.22,118.287,802.1429,945.0,650.0,1.0,7.0,542.9180014038086,674.4910046386718,43.60633118260113,0.4133,28.8,135688044544.0,3.92,8.66667,0.46942002,0.34019002
MAXESTATES,MAX ESTATES LIMITED,Real Estate,Real Estate - Development,499.8500061035156,510.0,305.45001220703125,675.47296,15.459281,3.3760874,,0.0053899996,0.00565,76.199,-0.6933423180592992,-1.2579878214572515,0.325,0.04217,0.41213,0.95921,0.40347,0.0,81757930470.32109,1.784,0.232,-22224592896.0,66.108,148.056,618.8,750.0,545.0,1.0,5.0,420.1537498474121,428.7810009765625,8.1575273623125,1.145,77.275,92538077184.0,0.74,32.33333,0.70115995,0.097799994
BAJAJCON,BAJAJ CONSUMER CARE LTD,Consumer Defensive,Household & Personal Products,486.9500122070313,692.0,220.1000061035156,28.950655,21.508394,8.635397,0.3025146812957158,0.3078,0.2012220328185505,2.092,0.957,0.865,0.281,0.18059,0.23294,0.61472,0.21452999,0.0,63604594234.46195,3.491801507209857,3.1117704571463713,1634359000.0,31.111,56.39,695.625,870.0,510.0,1.875,8.0,421.2680012512207,566.6520031738281,110.89217197005968,0.939,23.233,61451583488.0,16.82,22.64,0.43986,0.23651
VIKRAMSOLR,VIKRAM SOLAR LIMITED,Technology,Solar,171.99000549316406,407.9500122070313,155.3800048828125,16.442638,8.881024,1.9672413,,0.21336001,0.1157,20.366,-0.871,-0.852,0.379,0.06821,0.03966,0.26702,0.14699,0.0,62321330118.47201,1.885,0.656,-12951587840.0,0.987,87.427,203.0,267.0,130.0,2.83333,6.0,213.8109999847412,184.9676007080078,-51.74242187469898,1.2427,8.842,67994066944.0,10.08,19.36601,0.68737,0.05125
KIRLFER,KIRLOSKAR FERROUS IND LTD,Industrials,Metal Fabrication,444.0499877929687,513.0,408.0,20.89647,10.5726185,1.8958671,0.4749197727272727,0.139,0.05761,12.218,0.44,0.443,0.299,0.0505,0.04536,0.4354,0.12325,1.39,73264863265.93289,1.112,0.557,1158812544.0,0.392,234.22,558.0,566.0,550.0,1.0,2.0,450.4288058073624,460.83799926757814,-1.802305217614908,0.463,8.264,70906871808.0,21.25,42.0,0.60396,0.12919
CERA,CERA SANITARYWARE LTD,Industrials,Building Products & Equipment,5858.5,6740.0,4461.10009765625,37.293907,25.027159,5.13199,,0.14467,0.07648,3.172,-0.027,-0.027,0.151,0.095249996,0.081879996,0.47784,0.120220006,1.32,75545214976.0,4.259,3.069,1722791936.0,655.846,1141.565,7021.7646,8012.0,5650.0,1.52941,17.0,5508.546499023438,6193.91,-9.869230769230777,-0.107,25.537,65414537216.0,157.09,234.08571,0.5698,0.2533
SANOFI,SANOFI INDIA LIMITED,Healthcare,Drug Manufacturers - General,3321.0,5291.0,3054.0,23.608446,18.511705,10.20885,1.174549552238806,0.40271,0.21086,1.78,0.201,0.201,0.077,0.17937,0.24309,0.49008,0.26451,7.34,76484698112.0,1.693,1.054,3136000000.0,160.109,325.306,4339.6665,5550.0,3520.0,2.0,3.0,3710.664494628906,3352.7839892578127,-35.72050711313268,0.2,15.035,71791919104.0,140.67,179.4,0.60601,0.24542
GAEL,GUJARAT AMBUJA EXPORTS LT,Consumer Defensive,Packaged Foods,183.36000061035156,184.6699981689453,101.1999969482422,20.238409,15.408404,2.5526583,0.1182840970192869,0.09664,0.053039998,13.384,1.711,1.719,0.235,0.06898,0.12458,0.27726,0.10086001,0.17,84101849367.95033,3.188,1.874,-1744937472.0,18.827,71.831,198.0,198.0,198.0,1.0,1.0,143.3953999710083,161.75899993896485,73.80094844583087,-0.005,12.424,75578302464.0,9.06,11.9,0.71266,0.01208
MAHLIFE,MAHINDRA LIFESPACE DEVLTD,Real Estate,Real Estate - Development,377.2000122070313,427.0499877929687,286.79998779296875,24.025478,21.397085,2.2187974,0.6582322739726028,0.12038,-0.01227,18.26,0.365,0.669,29.095,0.1576,0.09295999,0.1341,0.008880001,0.94,80564021807.2309,1.426,0.18,-3409059328.0,27.397,170.002,491.125,612.0,420.0,1.0,8.0,364.64850036621095,372.3469995117187,6.418394474962508,0.14,429.621,80504348672.0,15.7,17.62857,0.52708,0.29584998
RCF,RASHTRIYA CHEMICALS & FER,Basic Materials,Agricultural Inputs,118.41999816894533,164.49000549316406,106.0,14.637824,16.002703,1.277399,0.05,0.08665,0.02901,80.607,0.343,0.351,0.064,0.02389,0.03832,0.1317,0.053319998,1.95,65330904077.828896,1.165,0.526,-22276438016.0,2.763,92.704,,,,,,131.400050239563,128.6301998901367,-24.71710370534416,0.404,10.589,105559982080.0,8.09,7.4,0.75001,0.01421
ASHAPURMIN,ASHAPURA MINECHEM LTD,Basic Materials,Other Industrial Metals & Mining,599.9500122070312,924.9000244140624,455.1000061035156,14.093259,,3.474889,2.8186518,0.29049,0.07836,87.774,0.05,0.05,0.192,0.07401,0.09417,0.75022006,0.12434,0.17,57310885006.09009,1.36,0.86,-761849984.0,34.475,172.653,,,,,,663.9382496643067,675.3159985351563,17.280818399674992,0.654,9.864,67426463744.0,42.57,,0.49778998,0.17489
TCI,TRANSPORT CORPN OF INDIA,Industrials,Integrated Freight & Logistics,906.5499877929688,1242.0,868.0499877929688,15.292679,13.1574745,2.7113154,,0.19176,0.079730004,11.991,-0.009,-0.008,0.096,0.09036,0.079380006,0.13883,0.105,1.1,69651274838.1198,2.68,2.197,-962206272.0,38.405,334.358,1176.6666,1318.0,1108.0,1.0,6.0,991.9320016479492,928.4319995117188,-22.151138875657473,-0.077,13.271,70237904896.0,59.28,68.9,0.73907,0.1286
BORORENEW,BOROSIL RENEWABLES LTD,Technology,Solar,543.0,721.0,374.3999938964844,19.255318,,5.0364046,,0.4372999999999999,0.0707339232863771,10.74,,,0.171,0.23685,0.26033002,0.54924,0.31217,0.0,79920758784.0,4.763156149243801,4.140981727469735,2245575000.0,46.676,107.815,,,,,,532.634001159668,588.4030041503906,-4.038168520247143,0.116,14.318,72182087680.0,28.2,,0.57849,0.04642
WELENT,WELSPUN ENTERPRISES LTD.,Industrials,Engineering & Construction,584.6500244140625,634.9000244140625,412.0,23.785599,15.887229,2.5730684,0.48,0.13603,0.06511,60.918,-0.5,-0.487,-0.084,0.08623999,0.18084,0.32362998,0.2007,0.52,79286619374.88412,1.957,1.607,6354525184.0,116.175,227.219,,,,,,521.1912498474121,590.3309985351563,27.75047136705615,0.395,11.937,84907589632.0,24.58,36.8,0.6675,0.10505
WESTLIFE,WESTLIFE FOODWORLD LTD,Consumer Cyclical,Restaurants,594.5,775.0,398.3999938964844,295.77115,116.35804,14.85433,,0.05289,0.0252,291.521,-0.5,-0.522,0.114,0.011849999,0.044910002,0.53281,0.13578,0.14,92275769344.0,0.421,0.135,318160256.0,1.154,40.022,538.4286,690.0,450.0,2.57143,21.0,502.8352500915527,510.06099975585937,-17.05615626089989,-0.04,28.125,102150373376.0,2.01,5.10923,0.61662,0.31785
POWERICA,POWERICA LIMITED,Industrials,Specialty Industrial Machinery,533.9000244140625,676.9500122070312,365.1000061035156,40.569912,,2.9839652,3.558764210526316,0.17886999,0.051020004,28.506,0.114,0.281,0.267,0.088520005,0.08659001,0.34028998,0.121309996,0.0,67566054417.64562,1.801,1.248,-2223787520.0,94.725,178.923,,,,,,525.9181789822048,562.6029968261719,36.89744215745192,,15.9,61254197248.0,13.16,,0.77182,0.2471
TANLA,TANLA PLATFORMS LIMITED,Technology,Software - Application,572.7999877929688,766.0,365.8999938964844,14.245213,12.8,3.053191,0.6416762612612613,0.21409,0.107980005,2.118,0.222,0.201,0.178,0.11576,0.1372,0.20104,0.15303999,2.1,75638651316.05273,2.298,1.917,3662344704.0,58.434,187.607,581.5,740.0,423.0,3.0,2.0,521.1599995422363,564.1259973144531,-9.453049336206464,0.75,9.727,68528771072.0,40.21,44.75,0.55571,0.05697
INOXGREEN,INOX GREEN ENERGY SER LTD,Utilities,Utilities - Renewable,175.0800018310547,279.0,132.5800018310547,55.23028,,4.014215,0.7453479082321188,0.05658,0.0058099995,5.147,0.741,0.849,-0.23,0.44536,-0.03142,0.19846001,0.2026,0.0,70293226207.15387,2.867,2.18,4960284672.0,12.509,43.615,,,,,,186.04389938354493,190.59679992675785,12.259550073158245,1.378,121.362,66865102848.0,3.17,,0.64651,0.050430004
AVL,ADITYA VISION LIMITED,Consumer Cyclical,Specialty Retail,611.0,705.0,436.5499877929687,56.679035,37.38636,11.412028,1.424096356783919,0.18383,0.08696,83.205,0.398,0.4,0.269,0.04753,0.09397,0.15841,0.0915,0.21,78903345152.0,1.897,0.227,847264512.0,9.963,53.54,727.5714,780.0,680.0,1.28571,7.0,536.9469999694825,627.2950048828125,23.17307026222664,0.136,30.884,82629976064.0,10.78,16.34286,0.56147,0.33827
DBL,DILIP BUILDCON LIMITED,Industrials,Engineering & Construction,415.0,585.0,381.5499877929687,5.395917,16.815235,0.7957295,,0.22893,0.047509998,115.513,-0.538,-0.507,-0.093,0.13572,0.14927,0.25822002,0.19082001,0.24,67414605824.0,1.563,0.36,-37550620672.0,26.452,521.534,530.0,596.0,478.0,2.2,5.0,445.0155004882813,430.8240014648438,-14.291617195879624,0.63,8.249,137605120000.0,76.91,24.68,0.76242995,0.06293
SPARC,SUN PHARMA ADV.RES.CO.LTD,Healthcare,Drug Manufacturers - Specialty & Generic,199.58999633789065,289.0,108.0,4.0882835,3.6027074,4.837959,,2.7689402,0.79225,41.776,,,3.141,0.82971,-0.90681,0.98299,0.85113,0.0,64771263323.56642,2.47,0.02,-8949500928.0,0.036,41.255,,,,,,164.97845024108886,226.7902001953125,35.904940425161854,0.656,4.2,68249960448.0,48.82,55.4,0.75121003,0.018339999
PRICOLLTD,PRICOL LIMITED,Consumer Cyclical,Auto Parts,803.6500244140625,823.0,440.8500061035156,36.57943,24.497791,7.8054585,1.0602733333333334,0.22087999,0.10814,30.215,0.345,0.343,0.235,0.06303,0.083739996,0.29563,0.12043,0.5,97950067615.62248,1.207,0.674,-916412480.0,10.307,102.96,835.0,870.0,800.0,,2.0,606.7297486877442,655.8579968261719,79.26612676715028,-0.151,19.652,100601249792.0,21.97,32.805,0.3966,0.24069001
EPL,EPL LIMITED,Consumer Cyclical,Packaging & Containers,270.1000061035156,273.0,176.39999389648438,22.340778,15.405359,3.0204082,,0.15077,0.08759,33.579,-0.016,-0.014,0.253,0.07684,0.11196999,0.59628,0.20694,1.99,86512404386.94186,1.562,0.8,599124992.0,6.672,89.425,291.66666,310.0,270.0,1.42857,6.0,216.89494972229005,234.8402005004883,14.279669612201465,0.341,8.419,87864573952.0,12.09,17.53286,0.56317,0.21611
ISGEC,ISGEC HEAVY ENG LTD,Industrials,Specialty Industrial Machinery,761.75,1113.9000244140625,683.9500122070312,50.58101,,2.0466037,,0.05371,0.021429999,32.93,-0.828,-0.829,0.477,0.01497,0.0297,0.34173,0.08157,0.79,56011104256.0,1.388,0.734,15611372544.0,60.231,372.202,1700.0,1700.0,1700.0,,1.0,891.6625,869.2080041503906,-26.59954093660319,0.341,10.271,62106071040.0,15.06,,0.63154,0.119049996
KALPATARU,KALPATARU LIMITED,Real Estate,Real Estate - Development,288.3500061035156,429.2999877929687,258.0,49.039116,43.689396,1.4423847,0.0486113362410785,0.02447,0.00294,224.816,10.088,14.471,0.065,0.03366,-0.11885,0.19806999,0.0313,0.0,59377640680.84879,1.54,0.152,-1309849984.0,32.273,199.912,420.0,420.0,420.0,,1.0,323.29124984741213,293.96099853515625,-26.016675791272448,1.2514,130.012,140985368576.0,5.88,6.6,0.83682996,0.10845
GOKULAGRO,GOKUL AGRO RESOURCES LTD,Consumer Defensive,Packaged Foods,243.69000244140625,257.989990234375,151.0,17.113062,,5.0656886,0.2393435244755244,0.30102,0.08602,41.405,0.715,0.715,0.073,0.017239999,0.03587,0.053039998,0.030539999,0.0,71909688016.4266,1.232,0.407,4200474112.0,23.016,48.106,,,,,,200.17989959716795,220.4297998046875,46.31642027990601,-0.102,9.505,70922502144.0,14.24,,0.79143995,0.026199998
AJAXENGG,AJAX ENGINEERING LIMITED,Industrials,Farm & Heavy Construction Machinery,566.4000244140625,728.5,394.7999877929687,28.634985,19.3002,4.654718,5.506727884615384,0.17663,0.09873,0.132,0.052,0.052,0.017,0.10795999,0.11866,0.25361001,0.12507,0.0,64800017129.134895,4.19,3.579,3349061376.0,91.856,121.683,707.5,770.0,660.0,1.0,4.0,549.6294982910156,565.3280017089844,-17.930883956001274,1.1315,20.596,54366908416.0,19.78,29.34685,0.79998,0.09867
LOTUSDEV,SRI LOTUS DEVLPRS N RTY L,Industrials,Engineering & Construction,166.16000366210938,207.5,102.1999969482422,32.968254,15.675471,4.239857,0.5723655208333335,0.17059,0.09766,6.839,0.576,0.776,1.158,0.30589,0.36098,0.44722,0.35664,0.0,81206339325.75981,6.08,3.078,-3396075008.0,17.359,39.19,230.0,230.0,230.0,1.0,1.0,149.685050239563,160.57440063476562,-11.158635113832704,1.4316,24.396,73081618432.0,5.04,10.6,0.8187,0.00856
SJS,SJS ENTERPRISES LIMITED,Consumer Cyclical,Auto Parts,2497.89990234375,2590.0,1285.9000244140625,38.452892,30.138025,9.209221,0.3451785637342908,0.21881,0.13646,2.639,1.114,1.146,0.245,0.20897,0.24106,0.5582,0.28364,0.14,79999374280.39713,2.947,2.314,1244917504.0,77.804,271.239,2809.0,3080.0,2650.0,1.2,5.0,1891.736997680664,2288.5379931640623,84.29244926593451,0.421,27.367,78122663936.0,64.96,82.882,0.23923999,0.42406
SUNFLAG,SUNFLAG IRON AND STEEL CO,Basic Materials,Steel,358.1499938964844,428.0,192.1499938964844,31.361645,,0.72807884,5.702117272727272,0.022939999,0.02022,5.905,0.055,0.055,0.065,0.05138,0.08288,0.38214,0.12165,0.28,64545594292.02779,1.473,0.443,1964137472.0,10.079,491.911,,,,,,294.5757002258301,354.77099853515625,15.849911359340709,1.117,13.799,67240316928.0,11.42,,0.78413004,0.00389
JKPAPER,JK PAPER LIMITED,Basic Materials,Paper & Paper Products,389.6000061035156,444.7999877929687,304.8500061035156,22.301088,6.3349595,1.2803365,0.3,0.047810003,0.03405,44.544,0.496,0.602,0.127,0.043390002,0.10118,0.31412,0.13484,1.06,70641796178.68198,1.391,0.518,1423624960.0,31.995,304.295,511.0,568.0,454.0,1.0,2.0,359.5277507019043,370.57599853515626,9.9788302338788,0.321,9.275,91320311808.0,17.47,61.5,0.57611,0.10943
LATENTVIEW,LATENT VIEW ANALYTICS LTD,Industrials,Consulting Services,281.75,517.5,248.0,29.878048,21.807276,3.3216228,,0.12173,0.06394,1.863,-0.053,-0.053,0.215,0.17536,0.15856,0.33273,0.21263,0.0,58301112320.0,4.054,3.986,1996225024.0,34.786,84.823,314.0,350.0,285.0,2.2,5.0,356.96150009155275,296.3919982910156,-34.070435012056,0.457,21.37,50635988992.0,9.43,12.92,0.71402,0.03704
SFL,SHEELA FOAM LIMITED,Consumer Cyclical,"Furnishings, Fixtures & Appliances",666.2000122070312,832.4500122070312,456.7999877929687,33.97246,23.540638,2.2370644,0.0467618169304886,0.05119,0.02829,27.85,7.265,7.269,0.256,0.05321,0.0727,0.39040002,0.100530006,0.15,72751252789.04832,0.763,0.421,1871575040.0,15.591,297.801,760.0,820.0,700.0,3.0,2.0,613.2109979248047,736.1980004882812,-5.059141995500783,0.279,20.123,81549090816.0,19.61,28.3,0.65392,0.20516
PARAS,PARAS DEF AND SPCE TECH L,Industrials,Aerospace & Defense,1502.0,1577.0,580.5,128.70609,90.481926,16.670366,3.028378588235294,0.13137999,0.07122,3.731,0.425,0.427,0.373,0.18473,0.21437,0.50807,0.25541002,0.07,121042165760.0,3.225,2.256,551851520.0,14.805,90.1,703.0,703.0,703.0,,1.0,855.6845031738281,1273.0480078125,120.52562822482228,0.525,91.746,119809753088.0,11.67,16.6,0.56054,0.06915
FDC,FDC LIMITED,Healthcare,Drug Manufacturers - Specialty & Generic,350.1499938964844,527.7999877929688,312.95001220703125,19.46359,15.027897,2.2942452,2.092859139784946,0.118090004,0.06366,0.622,0.093,0.092,0.03,0.13358,0.19150999,0.67337996,0.16084999,2.9,57007946782.28616,3.111,1.879,-17399876.0,32.115,152.621,,,,,,388.1087483215332,399.8449987792969,-26.68551310265427,0.221,14.486,51032211456.0,17.99,23.3,0.9485,0.07303
GALAXYSURF,GALAXY SURFACTANTS LTD,Basic Materials,Specialty Chemicals,2318.199951171875,2648.0,1510.0,23.263422,21.522606,2.994402,0.2152027937095282,0.1047,0.06002,8.579,1.081,1.087,0.394,0.06151,0.11966,0.25838,0.101,0.93,82191202620.81097,2.403,1.482,957025024.0,210.635,774.178,2600.9167,3160.0,2185.0,2.09091,12.0,1928.7035015869144,2007.6839916992187,6.09124742881979,0.474,13.53,78606008320.0,99.65,107.71,0.72641,0.1626
GARFIBRES,GARWARE TECH FIBRES LTD,Consumer Cyclical,Textile Manufacturing,760.25,870.4500122070312,579.75,35.77647,25.771187,5.569842,1.15,0.15306,0.08567,3.161,0.226,0.217,0.314,0.12782,0.16744,0.70295995,0.1859,1.18,74237157376.0,2.738,1.601,684771008.0,42.688,136.494,831.6667,896.0,719.0,1.33333,3.0,681.6095004272461,748.997998046875,-7.111003890156853,0.027,23.25,71054417920.0,21.25,29.5,0.59212,0.13362001
INDIAGLYCO,INDIA GLYCOLS LTD,Basic Materials,Chemicals,1101.9000244140625,1222.0,792.5,30.839632,,2.5183234,1.3954584615384615,0.112849995,0.04861,57.645,0.221,0.322,0.086,0.07354,0.11241999,0.357,0.14987999,1.13,73856796260.39568,0.744,0.199,-3153396480.0,4.754,437.553,,,,,,1001.2132525634764,1073.787001953125,27.343122611681192,0.253,14.075,90739105792.0,35.73,,0.63842,0.0339
DODLA,DODLA DAIRY LIMITED,Consumer Defensive,Food Distribution,1138.0,1500.0,964.0999755859376,28.06412,20.794884,4.100945,,0.17337,0.07409,3.405,-0.353,-0.354,0.19,0.05671,0.03512,0.24656999,0.06547,0.45,68653043712.0,2.444,1.877,1111683712.0,94.531,277.497,1293.25,1400.0,1118.0,1.25,4.0,1130.466997680664,1088.0960034179689,-15.503418566832227,0.352,21.709,61348364288.0,40.55,54.725,0.63912,0.27736
GSFC,GUJ STATE FERT & CHEM LTD,Basic Materials,Agricultural Inputs,160.61000061035156,220.58999633789065,138.8300018310547,9.241082,9.177714,0.5247441,0.6417418055555556,0.0551,0.02557,0.217,0.144,0.144,0.64,0.05612,0.04986,0.21955,0.067,3.09,63999475955.211365,4.832,1.851,-19582877696.0,5.024,306.073,185.0,185.0,185.0,2.0,1.0,169.53459938049318,161.16659790039063,-25.2733419794838,0.254,7.604,62895521792.0,17.38,17.5,0.42861,0.11765
ACI,ARCHEAN CHEMICAL IND LTD,Basic Materials,Chemicals,499.9500122070313,726.0,483.0,63.36502,16.263826,3.190817,,0.05552,0.036170002,24.128,-0.237,-0.237,0.119,0.08724,0.13467,0.92349,0.19688,0.49,61723026915.0605,1.212,0.404,-2703700992.0,3.975,156.684,586.6667,670.0,533.0,2.33333,6.0,555.3832518005371,532.3260028076172,-27.888356986914463,0.191,30.328,66628538368.0,7.89,30.74,0.53433996,0.25273
PRAJIND,PRAJ INDUSTRIES LTD,Industrials,Engineering & Construction,358.45001220703125,433.0,273.0,219.90799,33.086266,5.0329967,1.8763480375426624,0.017719999,0.00929,13.217,1.172,1.174,0.118,0.00928,0.0067000003,0.35959998,0.02668,1.06,65887807683.81225,1.462,0.722,2187933696.0,33.299,71.22,369.16666,398.0,348.0,2.5,6.0,335.03175003051757,337.86699829101565,-12.838902806800911,0.12,67.262,58199207936.0,1.63,10.8338,0.34366,0.2584
SHAKTIPUMP,SHAKTI PUMPS (I) LTD,Industrials,Specialty Industrial Machinery,506.2000122070313,915.0,456.3500061035156,29.881935,15.769471,3.6623836,,0.17969999,0.09947,29.625,-0.481,-0.467,0.379,0.07222,0.08767,0.28682,0.12393,0.2,62464054754.32289,2.117,1.693,-1340050048.0,55.421,138.216,640.0,640.0,640.0,1.0,1.0,586.5262521362305,544.0080029296874,-41.59792186823983,-0.132,16.185,58975059968.0,16.94,32.1,0.5399,0.06368
TRANSRAILL,TRANSRAIL LIGHTING LTD,Industrials,Engineering & Construction,459.8500061035156,823.0,450.0499877929687,15.272335,12.069554,2.7054138,7.6361675,0.19392,0.069299996,29.726,0.02,0.019,0.04,0.05935,0.10736,0.30442,0.12019,0.83,61737636659.43378,1.312,1.025,3540887552.0,56.957,169.974,,,,,,536.1752505493164,494.4940008544922,-41.77271211098251,1.4929,7.358,60539256832.0,30.11,38.1,0.75988,0.00565
ETHOSLTD,ETHOS LIMITED,Consumer Cyclical,Luxury Goods,2867.60009765625,3245.89990234375,1919.4000244140625,73.793106,42.088066,5.1568956,2.0904562606232293,0.07265,0.040999997,19.366,0.353,0.479,0.333,0.06013,0.07675,0.29143998,0.13543001,0.0,76730362421.05594,5.617,2.563,146082880.0,247.207,556.071,3475.0,3750.0,3200.0,1.0,2.0,2589.742495117187,2604.4820068359377,13.415607040566323,0.062,32.478,75986878464.0,38.86,68.13333,0.52865005,0.33745
KENNAMET,KENNAMETAL INDIA LIMITED,Industrials,Tools & Accessories,3719.60009765625,3775.0,2405.199951171875,41.64353,51.093407,10.190768,0.2262005975013579,0.1776,0.1064446053584359,0.223,1.841,1.837,0.477,0.1021,0.24518,0.44090998,0.16290002,1.11,81750263906.31252,3.066851083448594,0.8655913978494624,-353000000.0,21.476,364.997,,,,,,2921.4511002250338,3032.504013671875,50.22010221545703,0.437,35.761,79022514176.0,89.32,72.8,0.75151,0.13668999
KWIL,KWALITY WALL'S (INDIA) L,Consumer Defensive,Packaged Foods,43.470001220703125,44.29999923706055,22.239999771118164,,,15.199302,,-1.0305,-0.18175,81.508,0.375,0.348,0.162,-0.17572,0.07343,0.44867,-0.05672,0.0,102136736564.15344,0.775,0.174,-1492649984.0,0.061,2.86,,,,,,29.854883726253068,34.38260002136231,47.75663191017594,1.6079,-85.095,92243410944.0,,,0.62271,0.12365
ALOKINDS,ALOK INDUSTRIES LIMITED,Consumer Cyclical,Textile Manufacturing,11.539999961853027,19.34000015258789,11.109999656677246,,,-0.26616234,,0.0398,-0.1149284506259122,,,,0.065,-0.18827,-0.0095,0.48192,0.019550001,0.0,57298874178.59111,0.6126950614235972,0.2353464495202744,1768000000.0,0.059,-43.357,,,,,,14.09155002117157,12.355999965667724,-38.156484157455814,0.241,429.846,317269049344.0,-1.43,,0.74998003,0.01228
RAIN,RAIN INDUSTRIES LIMITED,Basic Materials,Specialty Chemicals,204.9199981689453,252.0,99.9000015258789,12.831559,-134.8158,0.9252637,0.0329521289162814,0.08547,0.051149998,130.481,3.894,3.88,0.174,0.029089998,0.13454,0.41772997,0.13729,0.49,68923948440.13274,1.783,0.778,-3674508800.0,48.076,221.472,,,,,,154.69395015716552,206.97400146484375,33.94338898700256,1.132,6.456,163671261184.0,15.97,-1.52,0.47882998,0.07417
HNDFDS,HINDUSTAN FOODS LIMITED,Industrials,Conglomerates,653.25,677.75,442.0,49.042793,30.313227,6.792023,1.5718843910256413,0.14496,0.060310002,93.406,0.312,0.348,0.207,0.03599,0.061739996,0.16348,0.086289994,0.0,79149539328.0,1.413,0.27,-3794712576.0,4.269,96.179,832.5,1000.0,665.0,1.0,2.0,524.165499420166,570.1220007324218,22.572471158183728,0.313,23.076,88284397568.0,13.32,21.55,0.69075996,0.14318
SUPRAJIT,SUPRAJIT ENGINEERING LTD,Consumer Cyclical,Auto Parts,511.3500061035156,559.25,389.9500122070313,37.544052,19.935673,4.885401,4.365587441860465,0.13446,0.052020002,69.079,0.086,0.086,0.239,0.04634,0.083579995,0.438,0.11270001,0.58,70146663237.27632,1.451,0.789,-1409688704.0,24.825,104.669,623.6667,653.0,606.0,1.42857,6.0,453.52250045776367,492.5469995117187,10.94597805925812,0.298,17.093,77662339072.0,13.61,25.65,0.50564,0.215
NEWGEN,NEWGEN SOFTWARE TECH LTD,Technology,Software - Infrastructure,527.3499755859375,1041.949951171875,401.0499877929687,23.754503,18.035225,4.1882753,0.854478525179856,0.245,0.123062221721819,2.214,0.278,0.263,0.112,0.19478,0.13094,0.53375,0.25242,1.15,74541830789.03006,3.6626628734462754,3.6626628734462754,2221078000.0,78.951,125.911,615.0,670.0,560.0,1.66667,6.0,595.9472523498536,515.948002319336,-39.95787510926808,0.543,15.411,62644809728.0,22.2,29.24,0.63402003,0.088570006
SKIPPER,SKIPPER LIMITED,Industrials,Engineering & Construction,555.4500122070312,593.0,327.04998779296875,27.926094,18.15196,4.177384,1.099452519685039,0.15878999,0.07768,63.557,0.254,0.255,0.045,0.04006,0.09004,0.23751,0.10487001,0.02,62712546658.22306,1.296,0.696,-3094364928.0,2.829,132.966,565.0,570.0,560.0,,2.0,456.1684999084473,541.1510021972656,2.756456340864677,0.66,12.13,71349362688.0,19.89,30.6,0.66651,0.05144
ICIL,INDO COUNT INDUSTRIES LTD,Consumer Cyclical,Textile Manufacturing,435.1000061035156,463.7999877929687,216.8999938964844,57.024902,18.32,3.6587007,0.8511179402985074,0.05469,0.03325,56.992,0.67,0.673,0.259,0.03437,0.08121,0.54425,0.08518,0.34,86173443256.82774,1.712,0.627,2015559296.0,15.331,118.922,484.0,550.0,385.0,1.33333,6.0,311.89590034484866,407.29,72.86452577629015,0.336,26.287,98283479040.0,7.63,23.75,0.61562,0.1358
ARVINDFASN,ARVIND FASHIONS LIMITED,Consumer Cyclical,Apparel Retail,428.2999877929687,579.0,366.2000122070313,47.273727,23.756737,6.0564494,,0.15903,0.064619996,115.111,-0.234,-0.239,0.155,0.02199,0.06313,0.54629004,0.14373,0.37,57262418335.9567,1.26,0.37,1410850048.0,4.808,70.718,660.8571,790.0,530.0,1.14286,7.0,464.38049880981447,462.2469982910157,-17.26070364281943,0.093,9.206,71949524992.0,9.06,18.02857,0.37928,0.30837
OMNI,OMNITECH ENGINEERING LTD,Industrials,Specialty Industrial Machinery,574.0,764.8499755859375,176.25,68.41478,,9.338496,0.1755125192406362,0.17963,0.09798,63.958,3.898,4.708,0.615,0.18075001,0.26611,0.76542,0.39583,0.0,70984294400.0,1.924,0.841,-3008808704.0,13.367,61.466,,,,,,441.9296576345069,552.6869989013671,180.09565242512969,,33.125,75360034816.0,8.38,,0.74193,0.12099
PRSMJOHNSN,PRISM JOHNSON LIMITED,Basic Materials,Building Materials,109.87999725341795,176.0,97.0999984741211,27.747475,44.848976,3.5563323,1.067210576923077,0.1081,0.0099417134659076,93.47,0.26,0.27,-0.008,0.02535,0.0035299999,0.43293,0.06582,0.0,55308819097.48988,1.012325240646654,0.8264435401222738,1448800000.0,7.386,30.897,136.5,163.0,110.0,3.0,2.0,125.04854995727538,112.61419967651368,-25.911941836552867,0.445,15.68,79709208576.0,3.96,2.45,0.76835996,0.08266
MOIL,MOIL LIMITED,Basic Materials,Other Industrial Metals & Mining,252.75,404.8999938964844,242.3500061035156,16.929,9.419256,1.8989054,0.24046875,0.10005,0.04768,0.0,0.704,0.701,0.066,0.20298,0.24636999,0.96833,0.31368,5.58,51430887424.0,3.028,2.078,112728128.0,35.715,133.103,343.0,363.0,325.0,1.66667,3.0,309.15725021362306,277.6899996948242,-24.574755178630735,0.364,9.426,44224454656.0,14.93,26.83333,0.64685,0.07785
FEDFINA,FEDBANK FINANCIAL SER L,Financial Services,Credit Services,154.02999877929688,178.47999572753906,119.06999969482422,15.190334,9.565595,1.9698191,0.2996121104536489,0.1594,0.0203617469383304,467.341,0.507,0.525,0.324,0.28992,0.42223,1.00015,0.0,0.0,57755201078.284256,,1753.4593406593406,-16941700000.0,42.917,78.195,191.25,200.0,175.0,1.5,4.0,147.34249988555908,153.46159973144532,14.656843068450096,0.642,28.192015336284637,176745070592.0,10.14,16.1025,0.61781,0.15784
CEIGALL,CEIGALL INDIA LIMITED,Industrials,Engineering & Construction,312.79998779296875,405.7000122070313,222.61000061035156,16.963123,13.142857,2.4995604,0.7038640248962656,0.15484,0.067,61.085,0.241,0.153,0.157,0.07704,0.13442999,0.18924999,0.14985,0.16,54491277233.47586,1.415,0.962,1079291264.0,22.611,125.142,376.33334,430.0,349.0,1.66667,3.0,302.8101000213623,351.9439990234375,21.849557167589182,0.788,9.95,61935960064.0,18.44,23.8,0.84533995,0.045149997
NEPHROPLUS,NEPHROCARE HEALTH SERV L,Healthcare,Medical Care Facilities,674.1500244140625,769.75,446.0,79.31177,32.24441,6.0586863,0.2677642471303173,0.09037,0.07034,7.139,2.962,3.495,0.222,0.08076999,0.16183001,0.38821998,0.2181,0.0,67791866263.05423,2.803,2.48,913501248.0,42.412,111.27,771.25,1000.0,660.0,1.5,4.0,589.055622349124,681.2420068359374,43.05570809847481,0.8962,28.184,60328013824.0,8.36,20.9075,0.49303,0.37089002
CSBBANK,CSB BANK LIMITED,Financial Services,Banks - Regional,320.8999938964844,574.4000244140625,312.95001220703125,8.374217,5.7031984,1.1374229,0.3160081886792453,0.13483,0.012,146.17951878829493,0.265,0.265,0.169,0.241,0.30642,0.0,0.0,0.0,54385355765.59092,,,-5050188000.0,236.186,282.129,393.5,439.0,355.0,1.75,4.0,388.2932502746582,343.10200134277346,-20.49058745202801,0.271,,85145862144.0,38.32,56.26667,0.55496,0.16745001
HCC,HINDUSTAN CONSTRUCTION CO,Industrials,Engineering & Construction,21.219999313354492,30.0,13.649999618530272,30.753622,31.205881,2.6129785,,0.10915,0.04054,47.912,-0.304,0.007,-0.09,0.04284,0.09932999,0.35546002,0.124350004,0.0,55585106169.35415,1.151,1.065,4287387392.0,2.287,8.121,,,,,,20.752564449310302,23.1434001159668,-22.013965353406977,0.678,11.661,56144150528.0,0.69,0.68,0.20871,0.062989995
FIEMIND,FIEM INDUSTRIES LIMITED,Consumer Cyclical,Auto Parts,2190.60009765625,2674.800048828125,1868.5,21.91696,16.424368,4.7452974,1.7122624999999998,0.22686,0.12929,5.395,0.128,0.128,0.185,0.090270005,0.109910004,0.38682997,0.13704,1.78,57655851530.27938,2.608,1.818,-259509872.0,106.16,461.636,2835.0,3050.0,2700.0,1.33333,3.0,2242.672994384766,2319.4660107421873,5.180782110436155,0.487,14.241,56843763712.0,99.95,133.375,0.54521,0.12267999
GANESHHOU,GANESH HOUSING LIMITED,Real Estate,Real Estate - Development,826.7999877929688,920.1500244140624,500.0,26.0,,2.956997,,0.14415,0.1007,13.079,-0.549,-0.549,0.856,0.41397,0.38744,0.72361,0.63137,0.18,68944444422.0912,5.5,1.041,-3933924864.0,7.049,279.608,,,,,,738.3450003051757,795.7050012207031,-8.250572558041803,-0.037,17.644,71351746560.0,31.8,,0.82202005,0.00452
KOVAI,KOVAI MEDICAL CENTER & HO,Healthcare,Medical Care Facilities,6066.5,6340.0,2576.64990234375,25.927431,,5.031684,1.2525328985507247,0.20326,0.106529996,30.528,0.207,0.207,0.153,0.15601,0.2138,0.48253,0.27535,0.25,66381234176.0,1.288,1.196,667248640.0,315.18,1205.66,,,,,,5622.5793403957205,5940.12,135.44137659065916,0.41,14.639,66226786304.0,233.98,,0.58603,0.03192
GREENLAM,GREENLAM INDUSTRIES LTD.,Consumer Cyclical,"Furnishings, Fixtures & Appliances",256.20001220703125,278.6300048828125,197.58999633789065,70.38461,26.757181,5.5431747,0.0276952113008577,0.04862,0.04074,98.417,25.414,17.971,0.182,0.02932,0.05579,0.52257997,0.109560005,0.16,65368845354.59602,1.218,0.442,684025024.0,4.519,46.219,265.0,316.0,225.0,2.5,12.0,242.77525032043457,254.9816000366211,14.564238524828642,0.423,21.727,75435319296.0,3.64,9.575,0.80784,0.08464
SAPPHIRE,SAPPHIRE FOODS INDIA LTD,Consumer Cyclical,Restaurants,241.3500061035156,347.8999938964844,139.91000366210938,375.7,102.7848,5.5778966,,-0.022950001,0.01617,102.058,-2.660156858671376,6.839754327191513,0.147,-0.0049799997,0.047620002,0.52721,0.09488,0.0,77656295339.85498,0.629,0.352,1384824960.0,4.394,43.269,248.05,311.0,180.0,1.7619,20.0,202.9528500366211,194.20560028076173,-25.909437880731968,0.298,28.581,87848960000.0,-0.49,2.34811,0.26121,0.67516
GVPIL,GE POWER INDIA LIMITED,Industrials,Engineering & Construction,666.7000122070312,1084.0,270.8999938964844,13.08281,,7.6939945,0.238737408759124,0.71698,0.07974,3.02,0.548,0.548,0.076,0.21035999,0.13428001,0.41955003,0.24153,1.02,44820558644.64789,1.281,0.805,-734419968.0,63.154,86.652,,,,,,554.6849996948242,843.6710021972656,78.85982889524648,1.52,13.461,41981018112.0,50.96,,0.71112,0.00113
BALUFORGE,BALU FORGE INDUSTRIES LTD,Industrials,Metal Fabrication,546.75,697.0,341.04998779296875,22.453798,,3.5497024,0.2551567954545454,0.19556,0.11665,9.524,0.88,0.159,0.29,0.22806999,0.27087998,0.35571998,0.26582,0.03,62871822336.0,3.543,2.294,-3145631232.0,7.393,154.027,,,,,,498.4499995422363,459.2250006103516,-10.500903887766455,0.567,20.919,65332547584.0,24.35,,0.64167,0.02484
BALAMINES,BALAJI AMINES LIMITED,Basic Materials,Specialty Chemicals,2078.89990234375,2443.60009765625,968.0999755859376,33.00365,22.659544,3.4080439,0.3395437242798353,0.08113,0.05296,6.194,0.972,0.972,0.272,0.13407,0.22392,0.44541,0.21732001,0.53,67358434211.83991,2.34,1.687,-2204351744.0,83.265,609.998,2085.6667,3327.0,1334.0,2.66667,3.0,1488.2699996948245,2161.46798828125,33.151850209965936,0.848,20.609,68193116160.0,62.99,91.745,0.67557,0.02513
AARTIPHARM,AARTI PHARMALABS LIMITED,Healthcare,Drug Manufacturers - Specialty & Generic,829.25,946.0999755859376,585.0,36.822823,32.519608,3.5396438,0.6857136499068901,0.08492,0.058330003,37.359,0.537,0.538,0.387,0.10402001,0.19152,0.5419,0.22323999,0.48,75196235776.0,1.49,0.643,-1659496192.0,1.061,234.275,740.0,740.0,740.0,,1.0,715.5760006713867,717.4590014648437,-1.3678263455248252,0.232,18.985,83453468672.0,22.52,25.5,0.44116002,0.12623
PICCADIL,PICCADILY AGRO INDUSTRI L,Consumer Defensive,Beverages - Wineries & Distilleries,709.4000244140625,809.7000122070312,515.0,49.263893,,7.6171455,3.9728945967741938,0.17366,0.09431,58.89,0.124,0.163,0.174,0.13071,0.13425,0.44108,0.21886,0.14,69925144934.47984,1.628,0.708,-2233059072.0,15.107,93.132,,,,,,607.3187496948242,675.0940002441406,17.547642819231555,-0.652,31.252,73539215360.0,14.4,,0.73233,0.00153
SIS,SIS LIMITED,Industrials,Security & Protection Services,413.2000122070313,480.9500122070313,257.04998779296875,39.807323,11.512594,2.293415,3.4615063478260866,0.05565,0.04659,70.299,0.115,0.094,0.297,0.0086,0.03141,0.1443,0.041199997,3.38,58363274940.20691,1.447,1.345,3239987456.0,69.029,180.168,455.0,540.0,400.0,1.25,4.0,359.44799957275393,430.0839990234375,14.714047252596242,0.366,9.503,66698407936.0,10.38,35.89113,0.72996,0.17322999
SENCO,SENCO GOLD LIMITED,Consumer Cyclical,Luxury Goods,336.29998779296875,430.0,276.0,9.798951,12.509611,2.1915362,,0.25617,0.0939,107.377,-0.033,-0.034,0.673,0.05909,0.0627,0.18457001,0.09917,0.53,55119890479.25587,1.541,0.176,-2247412480.0,2.789,153.454,490.5,661.0,355.0,1.66667,6.0,332.1325001525879,360.41599853515623,-10.284118362772864,0.392,8.44,80852500480.0,34.32,26.88333,0.64529,0.16535
DCBBANK,DCB BANK LIMITED,Financial Services,Banks - Regional,188.61000061035156,205.8999938964844,119.51000213623048,7.7172666,5.498252,0.92905843,0.2381872407407407,0.11968,0.00887,85.48517550861364,0.324,0.356,0.174,0.25283,0.3486,0.0,0.0,0.8,60747026628.580475,,,65494672000.0,35.451,203.012,233.5294,298.0,195.0,1.17647,17.0,182.20484992980957,187.41859924316407,53.917087645828744,0.455,,107977547776.0,24.44,34.30363,0.19975,0.36844003
SAATVIKGL,SAATVIK GREEN ENERGY LTD,Technology,Solar,401.0,567.0,328.0,20.702116,6.7908554,3.5289977,,0.42051,0.13602,69.034,-0.38,-0.335,0.749,0.07856,0.05802,0.22052,0.12585,0.0,50969108480.0,1.429,0.538,-9759995904.0,6.825,113.63,509.0,510.0,508.0,1.0,2.0,423.7592497253418,446.0679998779297,-9.008398254452754,1.0448,10.741,61481615360.0,19.37,59.05,0.84769,0.104849994
MASFIN,MAS FINANCIAL SERV LTD,Financial Services,Credit Services,300.25,358.8500061035156,277.3500061035156,13.823666,9.353583,1.8295432,0.5735960995850623,0.13217,0.028970001,339.79,0.241,0.268,0.276,0.40508997,0.55989,0.85183996,0.0,0.67,54481375232.0,210.048,203.617,-18784300000.0,55.357,164.112,413.33334,450.0,385.0,1.0,6.0,314.82299865722655,313.08799926757814,-4.3942010282981165,0.272,30.27144934595458,148249886720.0,21.72,32.1,0.70842004,0.17139
TIIL,TECHNOCRAFT IND LTD,Industrials,Tools & Accessories,3200.199951171875,3359.89990234375,1868.5,21.347475,16.105686,3.5875232,0.3120975877192982,0.15108,0.06893,40.163,0.684,0.684,0.272,0.11586001,0.18478,0.583,0.18365,1.28,72557484972.92982,2.048,0.968,-57877000.0,104.597,892.036,3860.0,3860.0,3860.0,1.0,1.0,2401.0875,2633.227978515625,13.86180317294199,0.215,14.355,77274062848.0,149.91,198.7,0.77648,0.05683
HAPPSTMNDS,HAPPIEST MINDS TECHNO LTD,Technology,Information Technology Services,414.2999877929687,635.0,330.20001220703125,28.67128,19.155218,3.5131307,1.575345054945055,0.13317999,0.05641,98.705,0.182,0.183,0.143,0.0932,0.1511,0.32882,0.16268,1.78,62253517013.747894,1.661,1.629,8459537408.0,130.659,117.929,449.2857,600.0,396.0,1.85714,7.0,405.0574995422363,374.4869989013672,-29.98732779164026,0.048,15.316,59642007552.0,14.45,21.62857,0.46016,0.08167
NIRLON,NIRLON LTD,Real Estate,Real Estate Services,624.5999755859375,657.0,543.0,15.772727,,12.01616,0.8389748404255318,0.8382,0.12956001,244.748,0.188,0.188,0.033,0.52923,0.68466,0.90726,0.7743,4.83,56287725415.85255,1.773,1.579,2466905344.0,33.049,51.98,,,,,,611.9127053653492,623.0069982910156,14.525646337207988,0.12,12.35,64498872320.0,39.6,,0.91313004,0.0
PTC,PTC INDIA LIMITED,Utilities,Utilities - Independent Power Producers,157.0500030517578,229.5099945068359,149.58999633789062,9.141443,11.897728,0.77700603,,0.103769995,0.044650003,25.059,-0.498,-0.498,0.191,0.029000001,0.03103,0.06121,0.04487,18.33,46488109959.34575,2.239,1.998,15166162944.0,157.775,202.122,,,,,,173.84825057983397,176.07760070800782,-17.315993980675305,0.688,3.533,27792576512.0,17.18,13.2,0.21694,0.25737
SMLMAH,SML MAHINDRA LIMITED,Consumer Cyclical,Auto Manufacturers,5159.5,5987.89990234375,2719.0,47.671623,,14.3771925,,0.35421002,0.10503,55.669,-0.05,-0.05,0.132,0.05301,0.090679996,0.22753,0.09159,0.45,74666459136.0,1.252,0.353,339913632.0,4.589,358.867,,,,,,4011.868505859375,4460.644018554687,22.748798319029028,0.082,29.043,78489690112.0,108.23,,0.75982004,0.02032
KSHINTL,KSH INTERNATIONAL LIMITED,Industrials,Electrical Equipment & Parts,1011.2999877929688,1059.9000244140625,330.3999938964844,52.919933,28.648726,8.472333,0.946689320214669,0.19903,0.10288999,39.74,0.559,0.861,1.084,0.034930002,0.05668,0.10014,0.060289998,0.0,68521331908.90414,1.865,0.875,-2890312448.0,12.466,119.365,1060.0,1060.0,1060.0,2.0,1.0,613.0861439532545,886.8670007324218,184.87323599801937,1.3926,31.517,70545473536.0,19.11,35.3,0.74581003,0.12198
AEROFLEX,AEROFLEX INDUSTRIES LTD,Industrials,Metal Fabrication,475.2999877929687,521.9000244140625,158.0,91.934235,48.0101,14.06213,0.581126643489254,0.14062999,0.092889994,1.988,1.582,1.622,0.724,0.13351,0.17643,0.43493998,0.23086001,0.08,62896810416.63425,2.915,1.802,-142637376.0,5.263,33.8,545.0,545.0,545.0,,1.0,297.3219002532959,448.2209997558594,155.16721795836634,0.818,53.513,62137073664.0,5.17,9.9,0.69804,0.03086
AHLUCONT,AHLUWALIA CONT IND LTD,Industrials,Engineering & Construction,693.5,1077.949951171875,645.1500244140625,20.639881,13.935877,2.2571197,,0.13785,0.052810002,3.552,-0.797,-0.797,0.12,0.04802,0.01432,0.20456,0.08416,0.1,46455873536.0,1.893,0.924,-359246112.0,121.97,307.25,902.6667,1170.0,600.0,1.27273,12.0,850.7074993896484,827.8719995117187,-25.45415359563208,0.559,9.984,39374512128.0,33.6,49.76364,0.55358005,0.33619
VMART,VMART RETAIL LTD,Consumer Cyclical,Department Stores,806.7000122070312,888.0,457.8999938964844,46.71106,31.319473,6.7394614,1.1562143564356435,0.14081,0.05213,100.682,0.404,0.405,0.23,0.03446,0.07043,0.33141997,0.08821999,0.12,64193471435.37932,1.037,0.053,2388912384.0,6.824,119.698,894.4667,1245.0,672.0,1.13333,15.0,686.0207518005371,775.1040014648438,6.151720409113448,0.688,20.768,73152569344.0,17.27,25.75714,0.51902,0.35580003
RTNPOWER,RATTANINDIA POWER LIMITED,Utilities,Utilities - Independent Power Producers,7.769999980926514,12.899999618530272,7.519999980926514,37.0,,0.897125,,0.0113699995,0.010249999,80.012,-0.647,-0.66,-0.028,0.03753,0.080019996,0.23446,0.14706999,0.0,41725722521.57336,2.244,1.945,-6095824896.0,0.148,8.661,,,,,,9.110649993419647,8.826800079345704,-37.84000015258789,0.454,17.443,76141207552.0,0.21,,0.50163,0.03907
BECTORFOOD,MRS BECTORS FOOD SPE LTD,Consumer Defensive,Packaged Foods,258.0199890136719,299.0,165.0,53.199997,36.52791,6.250181,2.1111109920634923,0.11563,0.06455,15.011,0.252,0.255,0.16,0.07019,0.08411,0.45619,0.12753999,0.46,79209706195.30075,2.282,1.57,-439550016.0,7.598,41.282,262.9091,288.0,240.0,1.27273,11.0,211.64544982910155,201.55420013427735,-6.160897209721449,0.158,29.809,80576798720.0,4.85,7.06364,0.50294,0.33431998
PNCINFRA,PNC INFRATECH LTD.,Industrials,Engineering & Construction,209.33999633789065,325.0,158.1699981689453,7.329832,10.31958,0.7889708,,0.1299,0.03973,75.883,-0.23,-0.231,0.187,0.12999,0.2867,0.38362,0.225,0.28,53703908436.5255,3.719,2.683,-5208393728.0,117.918,265.333,280.42856,354.0,228.0,1.21429,14.0,225.69259971618652,231.78359924316408,-32.742169851280124,0.571,5.982,75832393728.0,28.56,20.28571,0.5607,0.28311002
LUMAXIND,LUMAX INDUSTRIES LTD,Consumer Cyclical,Auto Parts,5808.0,6934.5,3706.699951171875,28.983482,16.941175,5.9173164,0.7034825728155341,0.20389,0.05032,106.063,0.412,0.412,0.326,0.04177,0.05527,0.32507,0.09588,0.98,54291628032.0,0.761,0.317,-171174368.0,27.188,981.526,7242.6665,8050.0,6578.0,1.0,3.0,5383.352502441407,5412.3,49.213856379525666,0.856,14.439,62095527936.0,200.39,342.83334,0.7612,0.059510004
JSFB,JANA SMALL FIN BANK LTD,Financial Services,Banks - Regional,562.8499755859375,593.0,330.0,15.643413,8.277205,1.3256567,0.2996822413793103,0.0984,0.0068797436953718,122.9643655659712,0.522,0.523,0.251,0.12906,0.1867,0.0,0.0,0.0,59522811370.15102,,,4714894000.0,242.073,424.582,598.3333,605.0,590.0,1.0,3.0,442.2907498168945,511.07099853515626,21.225498682742217,0.542,,89623724032.0,35.98,68.0,0.50144,0.15998
ENTERO,ENTERO HEALTHCARE SOLU L,Healthcare,Medical Distribution,1408.4000244140625,1467.800048828125,944.0,48.818024,25.22658,3.6290646,1.3087942091152815,0.0828,0.044159997,38.638,0.373,0.373,0.382,0.01759,0.04364,0.10618,0.03943,0.0,61297898534.57504,1.58,0.947,696771264.0,68.044,388.089,1614.0,1800.0,1500.0,1.0,4.0,1155.4780026245116,1232.2339990234375,13.736571822549216,-0.609,23.054,64791207936.0,28.85,55.83,0.65920997,0.12455
PURVA,PURAVANKARA LIMITED,Real Estate,Real Estate - Development,216.3999938964844,305.0,160.69000244140625,32.011833,15.568345,2.8739145,,0.03232,0.02577,315.044,,,1.692,0.01704,0.19357,0.43759,0.1849,0.0,51319188056.553246,0.99,0.15,3539000064.0,62.536,75.298,400.0,400.0,400.0,,1.0,222.5772002410889,217.6315997314453,-24.66492814743799,0.338,13.418,92784943104.0,6.76,13.9,0.79380995,0.09726
ICRA,ICRA LIMITED,Financial Services,Financial Data & Stock Exchanges,4867.2001953125,6982.0,4692.0,24.026064,18.752981,3.9671848,0.7438409907120742,0.16277,0.08397,1.5584442862011467,0.323,0.322,0.041,0.30583,0.34390998,0.48674,0.35919997,1.43,46847313751.90336,3.801,3.479,1157041920.0,673.579,1226.865,6508.5,6617.0,6400.0,1.5,2.0,5586.835498046875,5137.1619921875,-23.023877980191365,0.304,17.72,40633507840.0,202.58,259.54276,0.59610003,0.24716999
RESPONIND,RESPONSIVE INDUSTRIES LTD,Basic Materials,Specialty Chemicals,156.3699951171875,240.8999938964844,117.25,28.073606,,2.6742713,,0.10221,0.05941,12.509,-0.576,-0.579,0.13,0.10647,0.0671,0.28795,0.1712,0.06,41689574122.20055,6.164,4.654,-554249728.0,0.724,58.472,,,,,,179.73075023651123,183.20660064697265,-24.44434188032424,0.737,18.223,43491893248.0,5.57,,0.87574995,0.06473
TVSSCS,TVS SUPPLY CHAIN SOL L,Industrials,Integrated Freight & Logistics,123.33000183105467,146.5,90.31999969482422,84.4726,24.182354,2.6609564,,0.06004,0.02469,133.606,-0.704,-0.704,0.287,0.00551,0.02318,0.15244001,0.03452,0.0,54410736423.82481,1.024,0.806,3934000128.0,16.409,46.348,,,,,,116.96555004119872,133.86519927978514,-7.859547099553421,0.883,18.227,73914392576.0,1.46,5.1,0.67100996,0.13517
SENORES,SENORES PHARMACEUTICALS L,Healthcare,Drug Manufacturers - General,1513.300048828125,1577.5,662.4500122070312,53.322765,30.402813,6.43689,1.2258106896551724,0.13793,0.06053,35.46,0.435,0.557,0.383,0.18722999,0.24316,0.62365,0.28424,0.0,69692901576.7105,1.916,1.143,-2859150080.0,34.343,235.098,1620.0,1795.0,1500.0,1.0,4.0,981.4997506713868,1376.7680029296876,112.58693555232595,0.9277,38.38,74211737600.0,28.38,49.775,0.54515,0.109799996
CENTUM,CENTUM ELECTRONICS LTD,Technology,Electronic Components,3446.0,3968.800048828125,2044.199951171875,54.12282,31.129179,14.800753,0.0314923891539625,0.28000998,0.05989,37.984,17.186,22.57,-0.253,0.05554,0.092159994,0.33078998,0.14220999,0.15,50869907456.0,1.157,0.432,1314663808.0,25.719,232.826,3875.0,3875.0,3875.0,2.0,1.0,2884.31400390625,3628.470009765625,21.00568652697494,0.144,36.179,50335391744.0,63.67,110.7,0.49905998,0.19094
SURYAROSNI,SURYA ROSHNI LTD,Basic Materials,Steel,218.52999877929688,314.5,187.3500061035156,15.2498255,10.024312,1.8086189,0.1985654361979166,0.112110004,0.065910004,3.031,0.768,0.772,0.275,0.03906,0.0381,0.22538,0.0665,2.29,47559974646.33117,3.206,1.733,1493737472.0,20.824,120.827,221.0,221.0,221.0,3.0,1.0,246.62889991760255,247.2129998779297,-22.272806856344207,0.557,8.259,43842015232.0,14.33,21.8,0.68797994,0.01398
DHANUKA,DHANUKA AGRITECH LTD,Basic Materials,Agricultural Inputs,996.2999877929688,1654.4000244140625,889.5999755859375,16.758621,13.694845,2.6702008,,0.18624,0.10868,1.822,-0.345,-0.346,-0.126,0.13721,0.08773,0.40208,0.19503,0.2,44413382111.831024,4.094,1.989,1121505152.0,65.846,373.118,1257.8889,1376.0,1179.0,1.55556,9.0,1094.9767459106445,1037.1779907226562,-38.15258720631307,0.327,11.055,42117455872.0,59.45,72.75,0.70184,0.19528
JAMNAAUTO,JAMNA AUTO IND LTD,Consumer Cyclical,Auto Parts,121.43000030517578,152.60000610351562,89.73999786376953,20.792809,15.77013,4.2182236,3.408657213114754,0.21584,0.13211,13.054,0.061,0.061,0.067,0.08821999,0.10945,0.39106,0.15256,1.74,48553300090.023315,1.314,0.404,2170224640.0,2.654,28.787,193.0,193.0,193.0,1.0,1.0,125.14569980621336,132.0833999633789,13.975970773131774,0.319,12.06,48749793280.0,5.84,7.7,0.53082,0.0757
NEOGEN,NEOGEN CHEMICALS LIMITED,Basic Materials,Specialty Chemicals,2259.10009765625,2483.89990234375,966.7000122070312,170.24115,39.084778,7.297141,2.75917585089141,0.03581,0.029509999,170.915,0.617,0.668,0.34,0.03846,0.15993,0.46141997,0.1656,0.04,61857946225.99177,1.172,0.324,-5691375104.0,1.82,309.587,2197.6,2501.0,1455.0,1.9,10.0,1549.2125003051758,2066.002009277344,57.428578233885005,0.648,50.402,77249200128.0,13.27,57.8,0.55111,0.20209
IFBIND,IFB INDUSTRIES LTD,Consumer Cyclical,"Furnishings, Fixtures & Appliances",1402.9000244140625,2019.800048828125,883.2000122070312,35.45363,21.920313,5.7137623,0.550522204968944,0.15630999,0.05086,15.671,0.644,0.646,0.184,0.02735,0.03529,0.37654,0.05051,0.0,56843822045.228455,1.335,0.68,1472625024.0,94.642,245.53,1589.3334,1670.0,1500.0,2.33333,3.0,1308.0677484130858,1329.9600024414062,-4.797770924484645,0.334,18.355,54385684480.0,39.57,64.0,0.77917,0.051090002
GOKEX,GOKALDAS EXPORTS LTD.,Consumer Cyclical,Apparel Manufacturing,799.9000244140625,954.9000244140624,531.0,60.09767,19.067938,2.71182,17.675785294117645,0.047220003,0.026719999,58.934,0.034,0.068,0.207,0.024600001,0.053200003,0.50887,0.08741,0.0,58614781693.00475,1.499,0.68,-2134267136.0,58.043,294.968,982.375,1110.0,800.0,1.125,8.0,744.561750793457,814.1800024414063,3.701309357848581,-0.027,18.274,66853269504.0,13.31,41.95,0.12638,0.54188997
MASTEK,MASTEK LTD,Technology,Information Technology Services,1693.5,2625.0,1334.199951171875,12.646553,10.975372,1.6981138,0.8431035333333334,0.14814,0.07847,14.648,0.15,0.15,0.077,0.11085,0.13501,0.46536,0.16055,1.4,52502577152.0,2.157,1.99,4081112576.0,302.935,997.283,1944.6,2223.0,1600.0,2.0,5.0,1817.7764971923827,1712.257998046875,-33.50739860480658,0.221,7.967,48212398080.0,133.91,154.3,0.49166,0.24585
RUSTOMJEE,KEYSTONE REALTORS LIMITED,Real Estate,Real Estate - Development,370.9500122070313,668.0,358.79998779296875,40.102703,12.631667,1.6364189,0.1503663404574428,0.03344,0.00975,51.271,2.667,2.662,0.722,0.041490003,0.16339001,0.22137,0.06813,0.38,46831502853.10688,1.773,0.386,-4149087488.0,70.197,226.684,614.6667,710.0,560.0,1.0,3.0,444.6252508544922,400.3709991455078,-41.93472233182681,0.147,27.459,52974379008.0,9.25,29.36667,0.75781995,0.17994
CMSINFO,CMS INFO SYSTEMS LIMITED,Industrials,Specialty Business Services,249.5500030517578,450.8500061035156,240.5,14.051239,9.824803,1.6863424,,0.12913,0.07637,9.102,-0.088,-0.106,0.012,0.11766,0.15138,0.93161005,0.21476,2.24,39943823848.474754,2.56,2.186,-1216065024.0,27.165,147.983,338.25,370.0,315.0,1.25,4.0,308.35750053405764,275.59900054931643,-44.327941315837634,0.329,7.116,38121713664.0,17.76,25.4,0.07709,0.49098
EPIGRAL,EPIGRAL LIMITED,Basic Materials,Chemicals,1120.5,1911.5999755859375,807.0,17.850883,10.990682,2.1760705,,0.16092,0.07507,25.751,-0.379,-0.379,0.163,0.10321,0.19323,0.37241,0.2217,0.46,48339865600.0,1.164,0.601,-276024992.0,1.164,514.919,1728.0,2000.0,1456.0,,2.0,1156.6467514038086,1095.9019934082032,-39.83892617449665,0.195,8.993,52357754880.0,62.77,101.95,0.68862,0.061869998
EBGNG,GNG ELECTRONICS LIMITED,Technology,Computer Hardware,624.75,689.5,239.0,50.10024,26.987041,9.391488,1.996025498007968,0.26766002,0.1177,58.541,0.251,0.562,0.321,0.07153,0.11174,0.20886,0.10697,0.0,71228694528.0,2.507,0.701,-3458871296.0,10.381,66.523,712.5,725.0,700.0,1.0,2.0,406.4930002593994,562.2850006103515,82.64874208331794,1.0801,33.001,70295666688.0,12.47,23.15,0.79247004,0.06904
GUJALKALI,GUJARAT ALKALIES & CHEM,Basic Materials,Chemicals,676.8499755859375,815.0,409.1499938964844,74.87279,7.8158197,1.300914,0.144235773454055,0.0032,-0.0003199434987746,6.128,5.191,5.194,3.957,0.1839,0.29207,0.5222,0.27751,2.66,49705781503.1063,1.1879360860241035,0.7347187402462722,1479400000.0,22.428,520.288,,,,,,582.9467500305176,642.975,19.76465475475888,0.3653,8.193,49488859136.0,9.04,86.6,0.79289,0.03838
BANSALWIRE,BANSAL WIRE INDUSTRIES L,Basic Materials,Steel,322.75,380.2000122070313,222.5,35.584347,19.481888,3.5310657,,0.11923,0.067490004,38.769,-0.478,-0.479,0.244,0.03238,0.03524,0.22545,0.06807,0.0,50528432128.0,1.637,0.676,45278752.0,0.445,91.403,371.33334,380.0,364.0,1.0,3.0,300.1965998840332,322.69700012207034,-14.344477055202631,0.843,18.713,55903281152.0,9.07,16.56667,0.78438,0.15416999
PILANIINVS,PILANI INV & IND COR LTD,Financial Services,Asset Management,4309.5,5980.0,4092.199951171875,156.75098,,0.30063862,,0.00195,0.00873,15.067,-0.6846606717112024,,-0.231,0.109680004,1.03891,0.99206,0.96054,0.2,47715860480.0,0.266,0.003,13373874176.0,6.142,14334.485,,,,,,4677.600510253907,4376.154013671875,-15.969581749049432,0.244,27.28,74191298560.0,-11.16,,0.82176,0.00027000002
SMARTWORKS,SMARTWORKS COWORKING SP L,Real Estate,Real Estate Services,511.2999877929687,619.0,361.5,205.93,44.167328,11.046298,,0.03269,0.03672,900.425,,,0.44,0.014199999,0.18351999,0.66571,0.68877,0.0,58483038859.74673,0.348,0.196,5405273600.0,20.604,46.287,637.7143,725.0,534.0,1.28571,7.0,460.6217495727539,478.82299743652345,7.40468457176604,1.0247,7.608,102861783040.0,-10.4,11.57643,0.79806,0.03588
CRAMC,CANARA ROBECO AMC LIMITED,Financial Services,Asset Management,264.29998779296875,353.3999938964844,214.1999969482422,24.114962,19.147552,7.0668445,1.0089942259414226,0.30286,0.23162001,2.358,0.239,0.24,0.202,0.45586,0.68551004,0.76599,0.62166,1.6,52706018941.70544,14.451,14.343,1662836096.0,36.979,37.4,308.75,325.0,285.0,1.5,4.0,264.68880073547365,256.6276000976562,-12.031959708875828,1.6113,14.37,42805645312.0,10.96,13.80333,0.75001997,0.08952
INNOVACAP,INNOVA CAPTAB LIMITED,Healthcare,Drug Manufacturers - Specialty & Generic,1084.199951171875,1120.0,622.0,40.25993,23.907387,5.6879044,0.9517713947990544,0.13746999,0.068330005,31.508,0.423,0.423,0.339,0.08805,0.13042,0.34311,0.14656,0.38,62043260181.81424,1.866,1.142,-267843744.0,11.927,190.615,1078.5,1132.0,1025.0,1.0,2.0,797.6864990234375,976.3849963378906,20.433207572549293,-0.028,24.281,62254018560.0,26.93,45.35,0.72189003,0.18969
RENUKA,SHREE RENUKA SUGARS LTD,Consumer Defensive,Confectioners,26.1299991607666,33.5,21.049999237060547,,-6.0767436,-2.0929115,1.01,2.7269,-0.00437,,,,0.055,-0.08415,-0.05609,0.20343,0.02878,0.0,55617431813.70044,0.484,0.052,-9119909888.0,0.284,-12.485,,,,,,24.936999950408936,22.63979995727539,-12.579459035332096,-0.309,45.995,122721894400.0,-3.66,-4.3,0.62624,0.089499995
CARERATING,CARE RATINGS LIMITED,Financial Services,Financial Data & Stock Exchanges,1698.9000244140625,1838.0,1392.699951171875,29.105705,21.80873,5.4745126,1.1642282,0.19754,0.11093,2.776,0.25,0.251,0.189,0.36194,0.27556,0.54753,0.40023997,1.29,51115053790.54947,5.755,5.604,1323173888.0,206.112,310.329,2130.0,2130.0,2130.0,,1.0,1619.0669946289063,1683.5599926757814,7.6547779416366035,0.356,23.139,45456822272.0,58.37,77.9,0.15869,0.35861
SHARDAMOTR,SHARDA MOTOR INDS LTD,Consumer Cyclical,Auto Parts,922.4000244140624,1189.9000244140625,700.0,15.955717,,4.032879,,0.29089,0.11181,3.744,-0.134,-0.134,0.337,0.09092,0.087460004,0.22378999,0.116210006,2.08,52952896889.55606,1.978,1.623,2416247040.0,172.57,228.72,,,,,,886.6269973754883,866.4469995117188,-13.511483880537977,0.588,10.54,44728266752.0,57.81,,0.64838,0.12712
CCAVENUE,AVENUESAI LIMITED,Technology,Software - Infrastructure,14.949999809265137,20.5,12.920000076293944,15.572917,14.103774,0.89296377,0.3292371458773784,0.06686,0.02747,8.63,0.473,0.616,1.145,0.03438,0.028369999,0.05836,0.043759998,0.0,52041244008.04819,2.008,0.754,-5929495040.0,4.196,16.742,26.0,26.0,26.0,1.0,1.0,16.05000000476837,16.295599994659423,-10.048140467153498,0.033,10.396,36923551744.0,0.96,1.06,0.53284,0.03828
RTNINDIA,RATTANINDIA ENT LIMITED,Consumer Cyclical,Internet Retail,30.030000686645508,64.0,24.399999618530273,,,5.3865476,,-0.1161,-0.0596989124064198,143.033,-0.97,-0.97,0.019,0.0,-0.05661,0.0,0.0,0.0,41468056500.18029,0.6546289719334097,0.1234242437243862,-636440000.0,7.718,5.575,,,,,,35.471050062179565,32.626600074768064,-44.39918233681398,1.8705,-2769.127,41747357696.0,-4.73,,0.79904,0.00368
LGBBROSLTD,LG BALAKRISHNAN & BROS,Consumer Cyclical,Auto Parts,1599.5999755859375,2048.0,1226.5999755859375,15.991202,14.143236,2.368718,,0.15689,0.082779996,10.719,0.0,0.001,0.216,0.09909,0.091400005,0.53266996,0.15145001,1.37,51022236917.26775,1.777,0.932,-1025868096.0,81.679,675.302,2035.0,2035.0,2035.0,1.0,1.0,1719.9335009765623,1566.69400390625,25.174109478507887,0.072,10.437,50855235584.0,100.03,113.1,0.37662998,0.17206
NETWORK18,NETWORK18 MEDIA & INV LTD,Communication Services,Entertainment,30.59000015258789,58.5,27.3799991607666,,,0.9491452,,-0.2415,0.0169203063685983,65.925,,,0.103,-0.01592,-0.045619998,0.40615,0.02637,0.0,47245877483.67011,0.2623838677912403,0.2618085584621312,-794500000.0,1.062,32.229,,,,,,35.68195001602173,30.828999977111817,-46.92000765984312,0.251,131.763,75384791040.0,-0.23,,0.61521,0.04775
GULFOILLUB,GULF OIL LUB. IND. LTD.,Basic Materials,Specialty Chemicals,1151.300048828125,1329.0,865.0,14.917077,11.015118,3.7016199,0.53275275,0.22142,0.0963,35.781,0.28,0.284,0.306,0.08585,0.11022,0.42169,0.12755,5.2,57053284723.70364,1.854,1.268,2322214912.0,233.786,311.026,1625.2,1900.0,1515.0,1.0,5.0,1063.695750427246,1074.317998046875,-7.2130880462592195,0.603,9.278,51677057024.0,78.57,104.52,0.6866,0.11137
STYLAMIND,STYLAM INDUSTRIES LIMITED,Consumer Cyclical,"Furnishings, Fixtures & Appliances",3617.300048828125,4150.0,1594.0999755859375,36.158535,25.380999,7.670743,0.5078445926966292,0.20469,0.14220999,3.605,0.712,0.703,0.154,0.14475,0.19733,0.47188,0.2017,0.0,61344838460.0633,3.476,1.962,-391368864.0,40.4,471.571,3640.6,4075.0,2782.0,1.8,5.0,2561.716505126953,3374.031982421875,120.03041659538472,0.247,26.13,61810335744.0,100.04,142.52,0.57983,0.106029995
SYMPHONY,SYMPHONY LIMITED,Consumer Cyclical,"Furnishings, Fixtures & Appliances",616.1500244140625,974.7000122070312,599.9500122070312,40.63,20.668081,7.760565,,-0.21604,0.05506,31.64,-0.051,-0.048,0.506,-0.12349,0.10582,0.47977,0.10488,1.49,42311886476.54792,1.522,0.699,-561299968.0,23.746,79.395,873.7143,1215.0,710.0,1.71429,7.0,788.2354998779297,677.1440002441407,-35.804330876177545,0.298,34.107,41438015488.0,-20.83,29.81167,0.75847,0.09295999
UNIMECH,UNIMECH AEROSPACE N MFG L,Industrials,Aerospace & Defense,1508.300048828125,1555.0,695.0,107.12358,49.130295,10.407453,2.354364395604396,0.09,0.03528,17.186,0.455,0.457,0.709,0.2526,0.29081,0.68587995,0.33979,0.0,76775483829.44905,4.815,4.543,94221504.0,116.388,144.925,1535.0,1635.0,1435.0,1.0,2.0,1009.9587539672852,1254.4490112304688,40.47686666856152,1.2328,73.84,71538294784.0,14.08,30.7,0.79745,0.07779
REFEX,REFEX INDUSTRIES LIMITED,Energy,Thermal Coal,293.6000061035156,415.0,188.0,13.921289,,2.6780257,0.067220130371801,0.17817,0.09142999,14.918,2.071,2.013,1.391,0.08658,0.110360004,0.18211001,0.16565001,0.67,40287634245.52111,2.04,1.629,-1407914624.0,29.035,109.633,,,,,,279.5506002807617,321.7930004882812,-23.12123309876324,1.739,8.301,39066169344.0,21.09,,0.56843,0.00468
ELECTCAST,ELECTROSTEEL CASTINGS LTD,Industrials,Building Products & Equipment,71.88999938964844,108.70999908447266,60.150001525878906,36.866665,16.718603,0.75027657,,0.027590001,0.012159999,26.35,-0.458,-0.457,-0.085,0.02086,0.0397,0.44697,0.042930003,1.25,44441288326.69008,2.003,0.824,7778534400.0,13.864,95.818,76.0,76.0,76.0,3.0,1.0,75.9328999900818,75.0879997253418,-31.663496696660644,0.048,20.7,51411582976.0,1.95,4.3,0.5611,0.06362
WEBELSOLAR,WEBSOL ENERGY SYSTEM LTD,Technology,Solar,82.8499984741211,141.5,50.400001525878906,11.538998,,5.9471684,0.8013193055555556,0.66685,0.31733,20.729,0.144,0.158,0.703,0.26063,0.27848,0.55834,0.36955002,0.0,35970440553.519165,2.943,1.621,-576071488.0,3.508,13.931,,,,,,92.39424997329712,98.1847998046875,-38.584134749704944,0.29,8.035,35731542016.0,7.18,,0.32553002,0.03075
RALLIS,RALLIS INDIA LTD,Basic Materials,Agricultural Inputs,212.8500061035156,385.7000122070313,207.52999877929688,19.332426,14.621751,2.0261009,0.6137278095238096,0.09317,0.04862,2.991,0.315,0.316,0.068,0.07222,0.15166001,0.3994,0.12629,1.42,41392706722.943985,1.886,0.998,1355812480.0,27.978,105.054,270.4,300.0,216.0,2.8,15.0,249.15190071105957,223.4164007568359,-43.30803058114019,0.504,9.717,36343054336.0,11.01,14.55708,0.56659,0.15981
INDIGOPNTS,INDIGO PAINTS LIMITED,Basic Materials,Specialty Chemicals,1130.699951171875,1345.9000244140625,708.0499877929688,33.5918,26.158943,4.6697474,0.5515894909688013,0.13514,0.080019996,1.831,0.609,0.61,0.197,0.10977,0.12557,0.46155,0.18697001,0.44,53971285733.30503,2.209,1.681,758073984.0,69.655,242.133,1280.0,1515.0,975.0,1.75,8.0,1033.0007534790038,1070.415008544922,-2.626593289917001,0.526,18.843,51642679296.0,33.66,43.22422,0.53814,0.28838
AVANTEL,AVANTEL LIMITED,Technology,Communication Equipment,162.9600067138672,215.0,117.0500030517578,378.97675,,12.802263,5.681810344827586,0.1241,0.0365842351416346,10.164,0.667,0.672,0.357,0.071100004,0.14673,0.58692,0.22356,0.12,43300243191.94741,3.720516709287904,2.128416451854493,-826557000.0,0.274,12.729,,,,,,156.4015498352051,169.6927990722656,16.65831760739045,0.143,81.185,43810312192.0,0.43,,0.45248002,0.00455
SUBROS,SUBROS LIMITED,Consumer Cyclical,Auto Parts,735.5499877929688,1213.699951171875,622.0999755859375,28.83379,20.042234,3.857854,18.02111875,0.1486,0.06241,6.009,0.016,0.017,0.175,0.04255,0.0504,0.26688,0.08420999,0.41,47984155875.66515,1.614,0.939,-898083008.0,21.456,190.663,895.5,941.0,850.0,1.5,2.0,795.199499206543,796.7240002441406,-14.713899080286652,0.579,14.421,47473541120.0,25.51,36.7,0.74593,0.11408
PAISALO,PAISALO DIGITAL LIMITED,Financial Services,Credit Services,69.94999694824219,77.38999938964844,29.86000061035156,25.252707,18.407894,3.5223324,0.8768301041666667,0.14255,0.04106,243.153,0.288,0.3,0.207,0.45758,0.63738,1.0,0.0,0.14,63944725786.23839,130.541,129.951,-7979804000.0,1.639,19.859,100.0,100.0,100.0,1.0,1.0,46.31644978523254,67.77659980773926,127.85014726346424,0.369,28.35360585348901,105579528192.0,2.77,3.8,0.57667,0.15890001
KMEW,KNOWLEDGE MARINE & EN W L,Industrials,Marine Shipping,2691.800048828125,2999.89990234375,851.6500244140625,54.106533,26.918001,11.541743,0.477551041482789,0.19958,0.08008,38.764,1.133,1.504,0.424,0.30749,0.16118,0.50425,0.37750998,0.0,66218284209.17193,1.215,1.119,-804984512.0,31.334,233.223,2500.0,2500.0,2500.0,1.0,1.0,1883.0244934082032,2395.988000488281,189.64331194295195,-0.1,70.528,68234067968.0,49.75,100.0,0.65677,0.0149
ITDC,INDIA TOUR. DEV. CO. LTD.,Consumer Cyclical,Lodging,687.5499877929688,822.0,368.0,71.396675,,13.949643,,0.21701999,0.06989,0.155,-0.044,-0.037,0.027,0.15381,0.07473,0.4797,0.16995001,0.42,58970749929.010254,1.93,1.125,694363648.0,31.565,49.288,,,,,,579.2120001220703,677.7890026855468,22.07918552747237,0.731,61.286,55761186816.0,9.63,,0.94896007,0.01783
SWARAJENG,SWARAJ ENGINES LTD,Consumer Cyclical,Auto Parts,3602.60009765625,4545.0,3301.300048828125,21.681513,19.984838,8.9525385,1.9532894594594592,0.43234003,0.21524,0.419,0.111,0.111,0.215,0.09561,0.120699994,0.20881,0.13337,3.07,43771106466.5103,2.057,1.181,-253870496.0,93.679,402.411,4571.6665,4715.0,4500.0,1.0,3.0,3710.8319958496095,3738.518002929688,-11.466623884659455,0.379,15.087,42485739520.0,166.16,180.26666,0.57386,0.08686
FCL,FINEOTEX CHEMICAL LIMITED,Basic Materials,Specialty Chemicals,43.54999923706055,47.18000030517578,19.100000381469727,161.29628,20.738096,4.1050053,1.8308317820658344,0.14895001,0.07683,0.872,0.881,0.548,1.748,0.12091,0.14538,0.33832002,0.16609,0.29,50714012807.55634,2.801,1.771,-756813120.0,0.782,10.609,39.5,51.0,28.0,,2.0,29.254699993133546,40.47319999694824,71.25441885345471,0.635,25.021,42047705088.0,0.27,2.1,0.67249,0.01825
MANINFRA,MAN INFRA LTD,Industrials,Engineering & Construction,110.29000091552734,169.60000610351562,77.12000274658203,20.576492,,1.964343,0.9705892452830188,0.10152,0.02938,2.766,0.212,0.289,0.194,0.33541,0.3133,0.51655,0.21278,1.47,44520378737.56772,5.548,1.852,-1272690816.0,16.934,56.146,,,,,,112.7795998764038,104.69199981689454,-32.62675444618471,0.434,28.136,38669012992.0,5.36,,0.65952003,0.0165
MBAPL,MADHYA BHARAT AGRO P. LTD,Basic Materials,Agricultural Inputs,163.41000366210938,172.85000610351562,74.62999725341797,47.7807,,13.024869,2.8958000000000004,0.2732081304043153,0.0892650426846273,156.708,0.165,0.169,0.016,0.082399994,0.14197999,0.28066,0.13149999,0.06,71595591236.49716,1.4378660332799582,0.869243684105326,-5259345000.0,0.001,12.546,,,,,,104.14865001678469,138.30780029296875,84.7693341826541,-0.121,32.48,80305782784.0,3.42,,0.0,0.00097000005
GOLDIAM,GOLDIAM INTERNATIONAL LTD,Consumer Cyclical,Luxury Goods,363.1499938964844,398.2000122070313,198.75,26.144707,,4.9433722,0.2423049768303985,0.1838,0.10512,6.931,1.079,1.201,0.419,0.19657,0.18802999,0.33071,0.21260001,0.77,54674816105.07229,5.937,3.11,-585388864.0,31.801,73.462,,,,,,293.4596872711182,355.8377490234375,39.39829255029652,1.051,22.266,50799661056.0,13.89,,0.61204,0.00361
SHILCTECH,SHILCHAR TECHNOLOGIES LTD,Industrials,Electrical Equipment & Parts,3867.199951171875,5399.0,2852.5,32.189114,,9.012372,,0.37762,0.22092,0.0,-0.497,-0.497,-0.152,0.21778,0.15599,0.34915,0.26077,0.32,44241538513.396515,5.304,4.247,1303707392.0,214.941,429.099,,,,,,4102.202127548462,4374.500004882812,-7.529713281153949,-0.271,25.692,42309967872.0,120.14,,0.73393995,0.0019200001
KISSHT,ONEMI TECHNOLOGY SOL LTD,Financial Services,Credit Services,302.6499938964844,351.5,190.0,31.691097,8.671919,2.6770866,1.0742744745762711,0.23966,0.08415,180.902,0.295,0.592,0.463,0.15147,0.21474001,0.99695,0.0,0.0,50991385595.66125,1.895,1.78,-6691720000.0,12.909,113.052,400.0,400.0,400.0,1.0,1.0,285.26653442382815,305.53399963378905,45.06542051153328,,21.68812501421432,72703295488.0,9.55,34.9,0.41783002,0.3475
NORTHARC,NORTHERN ARC CAPITAL LTD,Financial Services,Credit Services,292.6000061035156,334.0,206.0,10.913838,6.616018,1.2135842,0.2714885074626865,0.109960005,0.02657,314.96,0.402,0.411,0.439,0.36551997,0.38465,0.70136,0.0,0.0,47295869914.572365,46.262,46.262,-15556978000.0,39.027,241.104,382.8,395.0,370.0,1.0,5.0,267.5159004974365,295.8350006103516,15.246763089103954,1.1759,30.05753228419447,162557689856.0,26.81,44.226,0.55179,0.07721
TIMEX,TIMEX GROUP INDIA LTD.,Consumer Cyclical,Luxury Goods,591.0499877929688,618.0,323.0,70.44695,,79.14435,0.8436760479041916,0.77263,0.2346,31.919,0.835,0.706,0.296,0.1011,0.15678,0.43265998,0.14546,0.0,59666496303.7002,1.815,0.533,734862528.0,3.363,7.468,,,,,,474.6664715935202,537.5300006103515,71.54259432106424,0.774,46.35,57209450496.0,8.39,,0.54377997,0.01691
DATAMATICS,DATAMATICS GLOBAL SER LTD,Technology,Information Technology Services,820.9000244140625,1054.0,632.0,22.422836,16.517103,3.1425498,0.5131083752860411,0.1348,0.08148,14.384,0.437,0.435,0.099,0.10629,0.15258001,0.38893002,0.20021,0.61,48520435107.02705,1.988,1.603,4095899904.0,95.388,261.221,920.0,920.0,920.0,2.0,1.0,784.7567483520507,834.2619995117187,-11.43596905901556,0.225,10.997,44771827712.0,36.61,49.7,0.80337,0.00607
AGIIL,AGI INFRA LIMITED,Real Estate,Real Estate - Development,293.70001220703125,434.3999938964844,224.6999969482422,35.258106,,7.9183636,1.0279331195335275,0.24336,0.04995,38.289,0.343,0.375,0.053,0.28643999,0.39055002,0.54298997,0.40245,0.03,36711736821.84712,1.313,0.122,-852037120.0,7.87,37.091,,,,,,311.85550033569336,332.4610009765625,26.3334556110542,0.139,26.338,37879382016.0,8.33,,0.83102,0.00215
BANARISUG,BANNARI AMMAN SUGARS LTD,Consumer Defensive,Confectioners,4240.7001953125,4338.0,3105.199951171875,35.95947,,2.7796023,1.9757950549450551,0.08012,0.051209997,0.484,0.182,0.182,-0.428,0.07717,0.05415,0.3127,0.12556,0.36,53177108881.16019,7.829,2.713,3957943552.0,217.746,1525.65,,,,,,3586.051005859375,3510.054013671875,12.958826127222236,0.166,16.883,40629870592.0,117.93,,0.78657997,0.04121
BLISSGVS,BLISS GVS PHARMA LTD,Healthcare,Drug Manufacturers - Specialty & Generic,580.1500244140625,602.4500122070312,118.0,45.970684,,5.144907,3.0444161589403973,0.115959994,0.05866,1.766,0.151,0.164,0.376,0.13548,0.23273,0.53208,0.19118999,0.35,61655575074.610016,4.018,3.035,949587648.0,17.831,112.762,,,,,,291.0070495223999,493.0339990234375,248.85749474911404,1.191,30.919,59421462528.0,12.62,,0.57479,0.09822
MAPMYINDIA,C.E. INFO SYSTEMS LIMITED,Technology,Software - Infrastructure,1007.2000122070312,1998.0,795.0,40.143482,24.462439,6.09486,5.0814534177215185,0.15796,0.0917,0.778,0.079,0.079,0.149,0.28,0.33617002,0.66616,0.33146998,0.35,55155335836.46992,4.916,4.586,420587488.0,60.718,165.254,1226.8334,1500.0,940.0,2.5,6.0,1187.4312530517575,1008.775,-43.01233459918373,0.021,31.826,51925438464.0,25.09,41.17333,0.69431,0.13713999
JUSTDIAL,JUSTDIAL LTD.,Communication Services,Internet Content & Information,680.6500244140625,878.5999755859375,480.5,11.489703,9.642132,1.1335721,2.8023665853658533,0.1166,0.0822313071935435,1.655,0.041,0.041,0.099,0.40499002,0.23486,0.39949,0.29598,0.0,57888626716.39241,8.869726916905359,8.869726916905359,2644800000.0,687.963,600.447,926.6667,1200.0,505.0,1.57143,6.0,628.5790000915528,643.4700012207031,-19.100250292389852,0.094,-0.406,-1495310208.0,59.24,70.59124,0.74143,0.12833999
IONEXCHANG,ION EXCHANGE (INDIA) LTD,Industrials,Pollution & Treatment Controls,373.1000061035156,486.0,312.70001220703125,45.06039,20.727777,3.303641,,0.11233,0.028970001,35.976,-0.916,-0.916,0.201,0.03235,0.01426,0.35461,0.058369998,0.34,45865349870.30789,1.461,0.864,-1819064448.0,26.955,112.936,448.0,448.0,448.0,,1.0,377.76524978637696,403.823002319336,-16.476383275629825,0.431,25.886,45815717888.0,8.28,18.0,0.44326,0.20384
RPEL,RAGHAV PRODUCTIVITY ENH L,Basic Materials,Chemicals,1614.699951171875,1665.0,561.2999877929688,118.8153,,30.318449,1.7550265878877398,0.2089,0.1930296851428464,2.213,0.677,0.676,0.487,0.21957001,0.27523002,0.70489,0.29817,0.06,74150172477.71722,5.63768429388532,3.7259956278552866,232231000.0,10.624,53.258,,,,,,945.53375,1283.8999975585937,168.222583251142,0.732,87.787,74742595584.0,13.59,,0.82165,0.00039
KSCL,KAVERI SEED CO. LTD.,Basic Materials,Agricultural Inputs,773.4000244140625,1225.0,705.0999755859375,16.119217,12.434084,1.8662091,,0.18160999,0.063930005,0.0,-0.14,-0.142,-0.135,0.19520001,0.37763,0.49713,0.23287001,0.65,39475008734.114944,2.138,0.575,-2409904640.0,86.053,414.423,985.5,1100.0,871.0,1.5,2.0,891.9494998168946,843.3490002441406,-28.777971541958557,0.11,11.738,34951999488.0,47.98,62.2,0.71718,0.05696
GUJTHEM,GUJARAT THEMIS BIOSYN LTD,Healthcare,Drug Manufacturers - Specialty & Generic,369.25,479.0,225.0500030517578,82.60627,,13.981976,3.607260698689956,0.17413999,0.09725001,56.23,0.229,0.221,0.221,0.28023002,0.38412,0.66936994,0.47577,0.18,40308305920.0,1.122,0.847,-1384183168.0,0.559,26.409,,,,,,362.9117498779297,371.8339990234375,-4.19044996166299,0.487,50.961,42124914688.0,4.47,,0.71984,0.01186
MHRIL,MAHINDRA HOLIDAYS LTD,Consumer Cyclical,Resorts & Casinos,221.0500030517578,368.8999938964844,207.8999938964844,84.69349,20.658878,5.73099,,0.08972,0.015039999,488.662,-0.432,-0.431,0.045,0.01752,0.00465,0.64357,0.12458,0.0,44580655719.46873,1.521,0.817,-9281022976.0,38.106,38.571,295.0,295.0,295.0,1.0,1.0,265.66510047912595,228.89399993896484,-39.18844482757694,-0.077,19.897,74933223424.0,2.61,10.7,0.67913,0.13086
AURIONPRO,AURIONPRO SOLN LTD,Technology,Software - Application,691.4000244140625,1409.4000244140625,680.1500244140625,18.501472,13.5303335,2.141293,,0.13245,0.075619996,3.478,-0.083,-0.106,0.063,0.14232999,0.14099,0.26889,0.20986,0.88,38174635331.98655,2.409,1.114,-1639605120.0,38.082,322.889,1000.0,1100.0,900.0,1.0,2.0,907.8569995117188,810.2100036621093,-49.793040689011626,-0.164,11.801,35472162816.0,37.37,51.1,0.55627996,0.14587
JUNIPER,JUNIPER HOTELS LIMITED,Consumer Cyclical,Lodging,205.2100067138672,312.5,188.5,27.508043,14.35035,1.5917994,0.1009469467889908,0.050619997,0.04467,41.603,2.725,2.695,0.13,0.15408,0.24099001,0.70538,0.3959,0.0,45659719125.85156,0.659,0.498,1124733440.0,4.142,128.917,337.5,430.0,240.0,1.25,4.0,217.89104988098143,196.87139923095705,-28.410950258742005,0.319,12.91,55020978176.0,7.46,14.3,0.77528,0.14877
EMIL,ELECTRONICS MART IND LTD,Consumer Cyclical,Specialty Retail,191.05999755859375,196.7400054931641,84.9000015258789,35.71215,29.56441,4.532536,0.077517147818537,0.06787,0.04704,122.806,4.607,4.581,0.391,0.02622,0.081590004,0.15275,0.075289994,0.0,73510100052.67194,1.822,0.115,1923859968.0,1.295,42.153,193.25,232.0,139.0,1.25,8.0,115.27380012512208,139.62940048217774,51.79152569279015,0.478,15.7,92945694720.0,5.35,6.4625,0.65172994,0.27768
SWSOLAR,STRLNG & WIL REN ENE LTD,Technology,Solar,196.47999572753903,286.5,148.0,18.56,10.915555,7.0617833,0.2678210678210678,-0.8893000000000001,-0.0581917546479307,182.951,0.693,0.696,-0.097,-0.03893,0.04741,0.09736,0.03916,0.0,45886209050.20359,1.160679857446104,1.1601662155056571,-2685700000.0,13.582,27.823,289.0,293.0,285.0,1.0,2.0,206.3561498260498,220.77399993896483,-29.29830872874133,0.731,18.876,54527082496.0,-12.31,18.0,0.46730998,0.07696
VSTIND,VST INDUSTRIES LTD,Consumer Defensive,Tobacco,212.86000061035156,286.7799987792969,200.0,13.180186,10.643,2.501028,,0.21114,0.11376,,-0.242,-0.244,-0.139,0.19573,0.15012,0.53104997,0.30733,5.68,36089065575.48124,3.163,1.255,1596164608.0,34.277,85.109,,,,,,243.22664947509764,239.92280029296876,-23.801683923545585,0.373,6.876,30074494976.0,16.15,20.0,0.62184,0.06811
BAJAJHIND,BAJAJ HINDUSTHAN SUGAR LT,Consumer Defensive,Confectioners,23.329999923706055,23.979999542236328,14.850000381469728,11.492611,,5.5349936,0.4996787391304348,0.031400003,0.00634,92.996,0.23,0.774,-0.098,0.0217,-0.15623,0.16738,0.050890002,0.0,55732711241.74246,0.561,0.031,-1612862464.0,0.371,4.215,,,,,,18.14274995803833,18.01259998321533,7.7598167888089264,0.066,40.915,111037374464.0,2.03,,0.61664003,0.026029998
GOODLUCK,GOODLUCK INDIA LIMITED,Basic Materials,Steel,1439.4000244140625,1672.0999755859375,915.0,23.00096,14.885213,2.8936446,0.4457550387596899,0.12699,0.0788,73.233,0.516,0.595,0.309,0.04642,0.09222999,0.31044,0.104770005,0.51,47843509035.48701,1.377,0.429,-2252776192.0,14.891,497.435,1688.0,1776.0,1600.0,1.0,2.0,1236.4689971923829,1461.3139965820312,31.00938275994245,0.596,12.223,56406597632.0,62.58,96.7,0.5654,0.043330003
MIDWESTLTD,MIDWEST LIMITED,Basic Materials,Building Materials,1154.0,1859.9000244140625,1048.5,37.57734,17.353384,4.163555,1.5030936,0.13219,0.07388,19.664,0.25,0.267,0.348,0.15972,0.20847,0.60126,0.26372,0.0,41729581056.0,2.735,2.088,318400000.0,66.771,277.167,1300.0,1300.0,1300.0,1.0,1.0,1318.7654998779296,1248.3180029296875,1.1836913634370785,1.699,21.382,39199494144.0,30.71,66.5,0.84467006,0.10695
RAYMONDLSL,RAYMOND LIFESTYLE LIMITED,Consumer Cyclical,Apparel Manufacturing,730.8499755859375,1350.0,677.0,102.5035,15.451374,0.46208858,4.905524642857146,0.0047999998,0.013099999,22.681,0.2089552238805969,,0.059,0.00622,-0.012940001,0.41674,0.06763,0.14,44512991793.04234,1.409,0.63,2135325056.0,153.82,1581.623,946.0,1012.0,880.0,1.0,2.0,874.0264987182617,753.0069958496093,-41.06048583984375,1.3407,12.045,56805941248.0,7.13,47.3,0.65200996,0.07513
THOMASCOOK,THOMAS COOK (INDIA) LTD,Consumer Cyclical,Travel Services,101.58000183105467,181.5500030517578,86.3499984741211,21.70513,15.748838,1.8581254,1.91,0.09263,0.02271,21.373,-0.006,-0.002,-0.131,0.02706,0.024300002,0.13539,0.051599998,0.5,47998989153.2173,0.856,0.463,-2711587584.0,29.254,54.668,131.0,140.0,122.0,1.0,2.0,114.67049991607666,105.53300003051758,-40.55477590797293,-0.26,9.221,38452797440.0,4.68,6.45,0.65938,0.11241999
PDSL,PDS LIMITED,Industrials,Specialty Business Services,370.1499938964844,418.5,246.0500030517578,44.65018,32.756638,2.9639504,0.9664541125541124,0.10045999,0.035550002,67.994,0.462,0.45,0.148,0.00866,0.017439999,0.2067,0.02791,0.91,52279024801.95529,1.199,0.89,4616493056.0,73.364,124.884,460.0,460.0,460.0,1.0,1.0,332.2184997558594,358.04499755859376,10.723902905350236,0.089,14.341,54340677632.0,8.29,11.3,0.73115,0.05096
MOSCHIP,MOSCHIP TECHNOLOGIES LTD,Technology,Semiconductor Equipment & Materials,206.30999755859375,288.45001220703125,146.8000030517578,149.5,,9.785145,,0.09558,0.04309,21.561,-0.778,-0.775,-0.143,0.04724,0.0299,0.1294,0.096090004,0.0,40130362917.110176,1.618,1.403,613393280.0,7.932,21.084,,,,,,203.33789993286132,217.6042004394531,21.91101032157068,1.283,70.276,38204121088.0,1.38,,0.42736,0.00375
SBCL,SHIVALIK BIMETAL CON. LTD,Industrials,Metal Fabrication,1025.3499755859375,1105.050048828125,368.6000061035156,55.544422,35.356895,12.221387,1.2426045190156598,0.21614,0.12775,14.779,0.447,0.449,0.334,0.17209,0.21547002,0.44811,0.23020001,0.39,59064461953.64754,3.466,2.103,-24687250.0,18.175,83.898,995.0,995.0,995.0,1.0,1.0,575.0122497558593,800.5910009765626,93.38927800430928,0.593,41.392,58739666944.0,18.46,29.0,0.40585998,0.13192001
VIPIND,VIP INDUSTRIES LTD,Consumer Cyclical,Footwear & Accessories,302.6000061035156,454.2999877929687,278.25,,112.07407,9.263738,,-0.74644,-0.133,335.612,,,0.03,-0.20184,-0.07357,0.34061,-0.18736,0.0,42985448291.02693,0.94,0.374,2065200000.0,6.635,32.665,303.42856,430.0,200.0,3.75,7.0,337.11724990844726,306.25099975585937,-28.900375525390288,0.055,-14.293,50212114432.0,-26.64,2.7,0.12199,0.47494
TEXRAIL,TEXMACO RAIL & ENG. LTD.,Industrials,Railroads,105.4800033569336,153.0,78.05000305175781,20.245682,15.743284,1.8047429,0.295557401459854,0.073850006,0.043390002,37.094,0.685,0.668,-0.169,0.05095,0.059019998,0.17501,0.089099996,0.73,42916078933.81743,1.64,0.759,9044235264.0,10.548,58.446,137.33333,149.0,114.0,1.66667,3.0,113.63125007629397,110.72480026245115,-23.9125732945775,0.657,12.435,46793560064.0,5.21,6.7,0.48525003,0.090450004
STYL,SESHAASAI TECHNOLOGIES L,Technology,Software - Infrastructure,401.3500061035156,437.4500122070313,209.11000061035156,23.762583,20.373096,4.5483394,0.4829793292682926,0.23236,0.14822,5.865,0.492,0.638,0.211,0.17489,0.20329,0.40210998,0.26559,0.66,64940770267.5844,5.863,4.307,140196256.0,25.699,88.241,430.0,430.0,430.0,1.0,1.0,289.7126997375488,355.17499938964846,-2.4547346710087403,1.0767,14.51,58063630336.0,16.89,19.7,0.85872,0.07122
GREAVESCOT,GREAVES COTTON LTD.,Industrials,Specialty Industrial Machinery,191.0,271.8999938964844,119.98999786376952,45.153664,21.954023,3.1092806,0.14,0.1437,0.0370239823070011,12.328,0.225,0.225,0.166,0.03334,0.03943,0.32686,0.06491,1.52,44493725696.0,1.8637178015470277,1.526504382529959,-630900000.0,9.909,61.429,,,,,,183.47879955291748,219.5575997924805,-10.680881373473728,0.07,14.759,31224500224.0,4.23,8.7,0.56576,0.02934
SUNTECK,SUNTECK REALTY LIMITED,Real Estate,Real Estate - Development,294.3500061035156,473.0,270.75,20.244154,13.430416,1.1950291,0.7697396958174906,0.052270003,0.0199,17.311,0.263,0.265,0.017,0.18917,0.32939997,0.54311,0.28714,0.51,43222954880.25267,1.806,0.042,-17260550144.0,6.471,246.312,501.41666,610.0,380.0,1.08333,12.0,354.5592515563965,310.7180017089844,-25.101779617426047,0.741,18.194,58881531904.0,14.54,21.91667,0.63028,0.16734
GHCL,GHCL LIMITED,Basic Materials,Chemicals,443.1499938964844,667.2000122070312,416.6000061035156,7.9105673,6.004742,1.1214842,0.1997618005050505,0.13420999,0.08514,2.345,0.396,0.327,-0.027,0.17052999,0.23469,0.438,0.22917,2.74,40621071824.525,4.381,2.928,3510674944.0,123.523,395.146,800.0,800.0,800.0,,1.0,496.05350021362307,435.94699951171873,-23.824668002323268,-0.105,4.183,29163649024.0,56.02,73.8,0.37546003,0.20906
TRUALT,TRUALT BIOENERGY LIMITED,Energy,Oil & Gas Refining & Marketing,462.6000061035156,542.0,310.20001220703125,26.709007,,2.6067994,0.0298258034617532,0.08254,0.03737,104.636,8.955,11.096,1.063,0.07236,0.17221001,0.37258998,0.1863,0.0,39669150219.39229,1.363,0.587,-10614857728.0,10.95,177.459,,,,,,434.4667501831055,456.71100036621095,-9.453902597375064,0.768,14.817,56602042368.0,17.32,,0.77674,0.07768
LUXIND,LUX INDUSTRIES LIMITED,Consumer Cyclical,Apparel Manufacturing,1201.0,1823.3499755859375,824.0499877929688,34.741104,17.255747,1.9694529,,0.06,0.033010002,33.964,-0.061,-0.061,0.008,0.03489,0.05645,0.29913,0.06418,0.16,36116086784.0,2.18,1.135,-2782074880.0,83.827,609.814,1391.0,1391.0,1391.0,1.0,1.0,1173.376499633789,1248.12,-10.14514275495878,0.665,21.32,40135401472.0,34.57,69.6,0.75889,0.05404
KRISHANA,KRISHANA PHOSCHEM LIMITED,Basic Materials,Agricultural Inputs,196.52000427246097,200.36000061035156,86.19999694824219,33.708405,,10.834712,0.630063644859813,0.3212761024605732,0.1097984707793296,130.807,0.535,0.54,0.346,0.07698,0.14134,0.276,0.12974,0.05,60751799592.77998,1.3614321047530704,0.9926644539293388,-3047919000.0,1.371,18.138,,,,,,121.57199932098388,156.4121990966797,68.51311922835694,0.048,20.207,66976243712.0,5.83,,0.0,0.00057
OSWALPUMPS,OSWAL PUMPS LIMITED,Industrials,Electrical Equipment & Parts,304.75,888.4000244140625,283.1000061035156,9.8148155,10.484517,1.9598323,,0.3508,0.1933,14.111,-0.431,-0.431,-0.079,0.16573,0.14506,0.37583,0.22068001,0.0,34742992896.0,4.551,3.737,-4472146432.0,35.281,155.498,421.0,530.0,340.0,1.66667,3.0,416.7674996948242,374.80400146484374,-64.2689657314336,1.7008,6.901,30824669184.0,31.05,29.06667,0.75655,0.05468
SINDHUTRAD,SINDHU TRADE LINKS LTD,Industrials,Conglomerates,23.899999618530273,32.7400016784668,17.639999389648438,66.388885,,2.7411401,1.0797915787621084,0.03516,0.00219,25.008,0.6148305497632178,1.061,-0.219,0.12578,0.106300004,0.24450001,0.02637,0.0,36852096435.800865,5.323,2.775,-1139956096.0,0.643,8.719,,,,,,23.57505009651184,24.992999954223635,-2.0893086115111315,0.493,478.509,61565632512.0,0.36,,0.88206,0.00025
SEAMECLTD,SEAMEC LIMITED,Industrials,Marine Shipping,1699.0,1719.9000244140625,771.75,16.806807,,3.3189816,2.33427875,0.21945,0.09356,27.069,0.072,0.072,0.408,0.24733,0.24936001,0.48379,0.40263999,0.12,43348312064.0,1.892,1.621,-2018212480.0,74.073,511.904,,,,,,1319.068248596191,1463.3119970703126,97.73057899330811,0.177,10.344,43249778688.0,101.09,,0.76061994,0.04718
LXCHEM,LAXMI ORGANIC INDUS LTD,Basic Materials,Specialty Chemicals,174.50999450683594,241.0,107.5999984741211,38.523174,22.961842,2.4357936,0.1742341655359565,0.04077,0.021659998,27.344,2.211,2.166,0.397,0.040260002,0.09564,0.2551,0.08186,0.17,48498887177.36913,1.361,0.687,-3632967424.0,3.404,71.644,173.33333,201.0,150.0,3.66667,3.0,155.74624946594238,168.97819976806642,-19.850274224405595,0.294,20.66,52800024576.0,4.53,7.6,0.6916,0.036989998
PACEDIGITK,PACE DIGITEK LIMITED,Technology,Communication Equipment,175.3699951171875,231.9499969482422,139.80999755859375,12.419971,8.044496,1.5631796,,0.17754999,0.06958,43.556,-0.063,0.132,0.513,0.107700005,0.14698,0.25267,0.16274999,0.0,37853846498.03843,1.688,1.218,-279548736.0,35.619,112.188,263.0,263.0,263.0,,1.0,187.06339973449707,196.43199981689452,-19.55135983393198,1.3629,8.801,40530079744.0,14.12,21.8,0.7114,0.03808
VRLLOG,VRL LOGISTICS LIMITED,Industrials,Trucking,295.45001220703125,310.20001220703125,225.0,19.323088,15.715426,4.717087,0.317813947368421,0.21269,0.09972999,101.023,0.608,0.609,0.181,0.079380006,0.14136,0.23212999,0.16752,3.39,51685140567.4615,0.493,0.252,1719162496.0,0.939,62.634,375.83334,460.0,290.0,1.16667,6.0,259.6807997894287,254.1484002685547,4.750939547601907,0.022,11.167,63001006080.0,15.29,18.8,0.60242003,0.2475
WAKEFIT,WAKEFIT INNOVATIONS LTD,Consumer Cyclical,"Furnishings, Fixtures & Appliances",136.63999938964844,224.0,111.4000015258789,23.477663,30.364445,3.9723241,2.1151047747747747,0.22896999,0.03458,24.021,0.111,0.192,0.166,0.12474,0.06932,0.56095004,0.13367,0.0,45273165621.77117,2.128,1.586,2977252608.0,20.136,34.398,100.0,100.0,100.0,5.0,1.0,152.36093572426958,126.49420043945312,-28.94066037730608,1.1711,19.315,39933759488.0,5.82,4.5,0.46153998,0.4573
ADVENZYMES,ADVANCED ENZYME TECH LTD,Basic Materials,Specialty Chemicals,303.0,419.0,251.9499969482422,20.472973,16.467392,2.0781038,,0.11016,0.06846,1.902,-0.073,-0.071,0.021,0.22128001,0.21648,0.72388,0.28237,0.84,33928773632.0,9.778,7.971,668223744.0,62.976,145.806,370.0,370.0,370.0,,1.0,316.87350059509276,327.0570007324219,-2.4468789292240833,0.695,13.201,27943098368.0,14.8,18.4,0.55461,0.19424999
SANDHAR,SANDHAR TECHNOLOGIES LTD,Consumer Cyclical,Auto Parts,648.0,763.2000122070312,420.4500122070313,18.744576,15.539568,2.9267104,0.5663013897280966,0.1607,0.04873,86.084,0.331,0.331,0.268,0.04042,0.04004,0.36556998,0.091809995,0.63,39097294848.0,0.944,0.535,-1421577856.0,8.654,221.409,896.0,950.0,842.0,1.0,2.0,566.9840002441406,653.0519995117188,43.23607620301422,0.701,10.439,49297895424.0,34.57,41.7,0.70379996,0.15506
CAPILLARY,CAPILLARY TECHNO INDIA L,Technology,Software - Infrastructure,506.9500122070313,798.9500122070312,464.25,96.561905,23.361752,3.933138,0.3155617810457516,0.06582,0.018480001,5.238,3.06,3.406,0.427,0.051880002,0.101169996,0.34469002,0.14802,0.0,40288322506.116974,2.801,2.581,885507520.0,60.911,128.892,642.5,650.0,635.0,1.0,2.0,559.6601062531167,510.62999633789065,-16.413847946078942,0.6381,30.15,36208963584.0,5.25,21.7,0.64948,0.22403999
STYRENIX,STYRENIX PERFORMANCE LTD,Basic Materials,Chemicals,2108.5,2738.699951171875,1780.0,13.770246,16.747417,2.7134466,0.0905341617357002,0.14432,0.05999,40.115,1.521,1.664,0.071,0.076799996,0.18767999,0.29952,0.13676,3.62,37101805568.0,2.286,1.016,5975000.0,91.525,777.056,2900.0,2900.0,2900.0,1.0,1.0,2127.186499633789,2306.476015625,-20.43696757474336,0.435,8.609,41270784000.0,153.12,125.9,0.48888,0.17208
ORIENTELEC,ORIENT ELECTRIC LIMITED,Consumer Cyclical,"Furnishings, Fixtures & Appliances",186.02999877929688,219.0,149.0500030517578,36.764824,22.81776,5.222041,0.4567058881987577,0.13179,0.05913,12.281,0.805,0.797,0.235,0.03131,0.050329998,0.30319,0.06177,0.83,39696965371.514,1.426,0.865,593762496.0,4.319,35.624,237.5,284.0,206.0,1.28571,14.0,179.3915998840332,178.5377996826172,-11.800682536376538,0.301,17.793,38543749120.0,5.06,8.15286,0.46150002,0.33661
ORCHPHARMA,ORCHID PHARMA LIMITED,Healthcare,Drug Manufacturers - Specialty & Generic,980.0499877929688,1133.0,480.0,175.6362,22.63395,3.8587532,,0.0356,0.0107524636548988,28.15595771033208,-0.7938223984715543,0.0666349699030257,-0.015,-0.29572,-0.12264,0.52994996,0.01923,0.0,49707257236.87032,2.4515121871483716,1.532376408797932,-2823857000.0,1.3817278518617393,253.981,976.0,1083.0,900.0,1.0,3.0,776.3022482299805,1001.127998046875,29.3368509129619,1.1322,76.38679363986685,53263059856.0,5.58,43.3,0.59151,0.17029
RBA,RESTAURANT BRAND ASIA LTD,Consumer Cyclical,Restaurants,105.20999908447266,108.41000366210938,57.150001525878906,,659.0866,8.504567,,-0.25794,-0.01116,285.657,,,0.179,-0.05886,-0.00404,0.47676998,0.058330003,0.0,74879942004.40192,0.497,0.317,-2080017536.0,3.32,12.371,96.4,125.0,81.0,1.3,10.0,67.83019996643067,78.01919982910157,28.60286300475614,0.333,44.385,76315435008.0,-2.92,0.15963,0.48354,0.32282
ROSSTECH,ROSSELL TECHSYS LIMITED,Industrials,Aerospace & Defense,1076.5999755859375,1172.0,551.9000244140625,158.32352,,26.145027,1.350883276450512,0.15179,0.057979997,264.369,1.172,1.165,0.771,0.04659,0.11858,0.37322,0.13405,0.03,40738827364.16543,1.075,0.35,-1326099328.0,12.582,41.178,,,,,,828.2580004882813,1010.3519982910155,56.881599356785074,1.8269,59.937,44380315648.0,6.8,,0.78164,0.072680004
HEMIPROP,HEMISPHERE PROP IND LTD,Real Estate,Real Estate - Diversified,130.91000366210938,190.69000244140625,111.1999969482422,,,8.671834,,-0.02696,-0.0053100004,20.144,,,-0.388,0.0,-11.36301,1.0,0.0,0.0,37325681684.15801,0.31,0.086,-1841811456.0,0.863,15.096,,,,,,136.09629985809326,137.0879998779297,-5.7726836798933645,0.281,-436.62,38582489088.0,-0.39,,0.6103,0.09109
VSTTILLERS,VST TILLERS TRACTORS LTD,Industrials,Farm & Heavy Construction Machinery,4432.2001953125,6374.0,4275.0,35.25734,22.705944,3.50071,3.711298947368421,0.09992,0.06726,0.175,0.095,0.095,0.11,0.08568,0.11123,0.31358,0.13382,0.45,38350739097.991066,5.627,4.446,853980032.0,767.917,1266.086,5573.75,6500.0,4189.0,2.25,4.0,5192.08,4510.55599609375,-16.061580606126068,0.412,18.698,31812112384.0,125.71,195.2,0.58782,0.19625999
RAMRAT,RAM RATNA WIRES LIMITED,Industrials,Electrical Equipment & Parts,486.5,520.0,268.0,35.851143,,7.837041,0.2805253755868545,0.20249,0.08550999,115.438,1.278,1.278,0.886,0.02103,0.04145,0.092860006,0.0508,0.52,45414322176.0,1.149,0.595,-3594996480.0,0.866,62.077,,,,,,361.54599914550784,427.95599975585935,39.98993124071861,0.457,16.964,51967389696.0,13.57,,0.76613,0.0012800001
UNIVCABLES,UNIVERSAL CABLES LTD,Industrials,Electrical Equipment & Parts,1644.199951171875,1774.9000244140625,576.0,28.589811,110.64603,3.0167036,0.252783474801061,0.08906,0.03682,62.258,1.131,1.131,0.575,0.05929,0.08387,0.23622999,0.0888,0.27,57046141281.88967,1.254,0.798,-2792119040.0,1.696,545.032,,,,,,964.2697485351564,1324.699997558594,131.6916641452163,0.618,23.201,69377982464.0,57.51,14.86,0.73247004,0.03193
POCL,PONDY OXIDES & CHEM LTD,Basic Materials,Specialty Chemicals,503.25,647.5999755859375,392.2000122070313,27.850029,16.233871,4.868858,0.8025944956772335,0.19094,0.13496,19.293,0.347,0.426,0.551,0.043330003,0.05284,0.10946,0.06875,0.4,38387003392.0,3.608,1.432,-1536882304.0,1.447,103.361,781.0,781.0,781.0,1.0,1.0,516.8783995056152,531.4007989501953,19.27616230183773,0.04,17.518,39626850304.0,18.07,31.0,0.41794,0.04769
SHOPERSTOP,SHOPPERS STOP LIMITED,Consumer Cyclical,Department Stores,419.8999938964844,572.0,275.95001220703125,,50.287422,15.889052,,-0.1179,0.02307,1139.713,-4.314049586776859,-8.160804020100503,0.112,-0.00669,0.03819,0.36513,0.06469,0.0,46275358047.358,0.849,0.139,4152924928.0,1.154,26.427,436.125,550.0,336.0,2.11111,8.0,367.3694993591309,384.10999938964846,-21.973432157013978,-0.202,23.598,78975139840.0,-3.34,8.35,0.66209,0.26349002
VISHNU,VISHNU CHEMICALS LIMITED,Basic Materials,Specialty Chemicals,625.2000122070312,670.0,443.7000122070313,28.149485,17.91404,4.211349,1.223890652173913,0.14218001,0.07089,49.066,0.23,0.23,0.249,0.08825,0.12534,0.31874,0.15451,0.05,42085516085.719765,1.602,0.636,-1009385344.0,14.915,148.456,650.0,650.0,650.0,,1.0,553.4560008239746,610.457001953125,25.870746293929912,0.01,17.625,46192201728.0,22.21,34.9,0.70059997,0.07795
WHEELS,WHEELS INDIA LTD,Consumer Cyclical,Auto Parts,1483.800048828125,1808.0,705.8499755859375,22.195963,39.801506,3.4803455,,0.159,0.0439504044594023,73.75415282392026,-0.098,-0.098,0.025,0.03187,0.04892,0.32663,0.08773,0.98,36253705385.01819,0.8744505241527046,0.512690650550324,2005700000.0,1.4897876692402885,426.337,,,,,,1136.2237466430663,1497.9419921875,100.83920862813076,0.9303,9.89752760624986,43898504192.0,66.85,37.28,0.53812003,0.06143
EMUDHRA,EMUDHRA LIMITED,Technology,Software - Application,550.0,767.5,364.5499877929687,39.568348,25.943396,4.952501,1.350455563139932,0.13259,0.07541,3.153,0.293,0.292,0.295,0.15444,0.19729,0.33755,0.22850001,0.23,45123940352.0,2.76,2.591,-1050291264.0,13.232,111.055,702.0,702.0,702.0,1.0,1.0,505.32049880981447,473.2229998779297,-27.09921252555132,0.15,25.816,43946831872.0,13.9,21.2,0.67609,0.0941
NOVARTIND,NOVARTIS INDIA LIMITED,Healthcare,Drug Manufacturers - Specialty & Generic,1482.199951171875,1780.0,672.25,37.363247,,4.47331,2.2507980120481927,0.11627,0.0598,0.393,0.166,0.166,0.186,0.26382,0.33224,0.4407,0.27591,0.0,36596693834.39482,5.299,4.861,700162496.0,270.521,331.343,,,,,,1373.242856203855,1528.8419995117188,120.48344383367424,0.323,30.475,31160506368.0,39.67,,0.58682,0.14985
TARC,TARC LIMITED,Real Estate,Real Estate - Development,121.73999786376952,186.3000030517578,109.0999984741211,185.62502,1.7292613,3.3468041,,0.01808,-0.03893,178.38,-0.582,-0.582,1.861,-0.02655,0.17542,0.15687001,-0.21898001,0.0,35925024137.60628,1.369,0.045,-1260190208.0,2.756,36.375,275.0,275.0,275.0,1.0,1.0,139.16624996185303,126.73139923095704,-25.14296611409892,0.268,-51.762,53396545536.0,-0.43,70.4,0.66792,0.064569995
HIRECT,HIND RECTIFIER LIMITED,Industrials,Electrical Equipment & Parts,1278.4000244140625,1399.0,565.2000122070312,106.444626,,21.064774,,0.21110001,0.08135,118.871,-0.267,-0.262,0.203,0.03995,0.03293,0.26436,0.06388,0.11,43941475143.16606,1.124,0.669,-1198898688.0,1.139,60.689,,,,,,896.8397512817382,1208.1219995117187,39.56332144258323,0.32,68.777,45813432320.0,12.01,,0.61338,0.031400003
ROLEXRINGS,ROLEX RINGS LIMITED,Industrials,Metal Fabrication,185.82000732421875,187.3800048828125,99.79000091552734,33.360863,20.570488,4.169827,1.4893242410714285,0.123459995,0.09097999,0.0,0.224,0.223,0.044,0.13153,0.19610001,0.52777,0.20459,0.0,48746743681.385216,8.288,5.781,395801248.0,13.491,44.563,186.66667,197.0,175.0,1.0,3.0,133.9552004623413,150.1778009033203,30.15339480525727,0.381,18.559,43902566400.0,5.57,9.03333,0.55409,0.3231
INDOSTAR,INDOSTAR CAPITAL FIN LTD,Financial Services,Credit Services,251.3999938964844,292.0,179.02999877929688,29.817276,13.9279785,1.0737487,,0.035150003,0.01145,144.787,-0.982,-0.979,0.0351328973055915,0.0,0.06252,1.0,0.0,0.0,40640166949.333725,426.887,424.333,-10032400000.0,19.952,234.133,322.5,335.0,310.0,,2.0,231.2638501739502,254.27280059814453,-7.726194665959952,0.453,35.94515087209742,92020473856.0,-29.54,18.05,0.82413,0.011879999
AGI,AGI GREENPAC LIMITED,Consumer Cyclical,Packaging & Containers,711.6500244140625,967.0,465.0,12.708036,7.3822618,1.9129605,1.0679021848739496,0.15612,0.07513,10.126,0.119,0.118,0.142,0.13108,0.16576,0.5146,0.22517,0.99,46041892395.525894,1.507,0.774,124109000.0,26.25,372.015,1520.0,1520.0,1520.0,1.0,1.0,653.2727500915528,701.3840026855469,-23.650891207597738,-0.185,7.461,46417416192.0,56.0,96.4,0.70745003,0.0217
JKIL,JKUMAR INFR.LTD.,Industrials,Engineering & Construction,503.6499938964844,680.0,425.0,10.008943,7.2814083,1.1244094,,0.12137,0.06613,18.443,-0.058,-0.056,0.018,0.06622,0.10782,0.23487,0.14310999,0.79,38108929586.17443,1.621,0.951,4546372608.0,91.494,447.924,724.6667,841.0,614.0,1.33333,6.0,526.1472509765625,494.2680004882813,-23.983095136081545,0.33,4.557,37500882944.0,50.32,69.16931,0.54636,0.15674
HGINFRA,H.G.INFRA ENGINEERING LTD,Industrials,Engineering & Construction,513.7000122070312,1049.949951171875,429.5,17.948986,8.123023,1.0253698,,0.10586,0.05366,153.264,-0.424,-0.421,-0.257,0.03841,0.23511,0.32666,0.21625,0.39,33478402843.54584,1.165,0.708,-8549527552.0,38.208,500.99,751.63635,1300.0,535.0,1.63636,11.0,632.1117492675781,553.7769995117187,-48.54252043589483,0.422,7.791,81761001472.0,28.62,63.24,0.71781,0.104770005
IOLCP,IOL CHEM AND PHARMA LTD,Healthcare,Drug Manufacturers - Specialty & Generic,163.75,179.60000610351562,67.19000244140625,28.577662,16.881443,2.674037,0.3185915496098104,0.07896,0.047480002,7.529,0.897,0.898,0.371,0.06661,0.10863,0.35389,0.12342,0.64,48065130496.0,1.779,1.166,-33112500.0,6.824,61.237,150.0,150.0,150.0,1.0,1.0,103.80525005340576,151.04140090942383,66.98960236273155,0.482,14.58,45411536896.0,5.73,9.7,0.66085,0.014880001
CRIZAC,CRIZAC LIMITED,Consumer Defensive,Education & Training Services,171.33999633789062,387.9500122070313,170.2899932861328,13.598412,10.983333,5.128558,5.036448888888889,0.40003,0.18184,0.31,0.027,0.029,-0.04,0.21324,0.28076,0.29441,0.27754998,9.32,29981498751.194996,2.103,1.477,-415036864.0,9.432,33.409,296.5,338.0,255.0,1.0,2.0,228.87655029296872,194.2166000366211,-47.730322538600824,1.5345,9.924,28476975104.0,12.6,15.6,0.79940003,0.029260002
FOSECOIND,FOSECO INDIA LTD,Basic Materials,Chemicals,5506.0,6846.0,4300.0,42.675552,,4.0048237,,0.13254,0.089770004,0.2680423394182624,-0.011,-0.011,0.012,0.12838,0.14436,0.48816,0.21330999,0.46,41706004480.0,2.873,2.499,871677888.0,128.4186996891045,1374.842,,,,,,5003.296491699219,5240.719990234375,-3.250746793182213,0.17,34.23072990996831,40765855480.0,129.02,,0.88531995,0.0047299997
MANINDS,MAN INDUSTRIES (I) LTD.,Basic Materials,Steel,676.9000244140625,699.0,302.04998779296875,24.88603,8.989376,2.3566234,1.12,0.09231,0.05119,30.097,0.952,1.224,0.419,0.05272,0.10785,0.40094003,0.12889,0.0,50773980967.288376,1.36,0.669,1511685504.0,97.056,287.233,690.0,690.0,690.0,1.0,1.0,468.29899932861326,567.3139990234375,63.640767412523225,0.473,9.457,47232675840.0,27.2,75.3,0.57295,0.00732
SGFIN,SG FINSERVE LIMITED,Financial Services,Capital Markets,684.6500244140625,727.4500122070312,323.0,25.738722,,3.060162,0.2157478792958926,0.1830999999999999,0.0305882980444792,185.189,1.193,1.189,1.014,0.38981998,0.9231,0.99377996,0.92806,0.0,45115016776.76477,1.3465232315137088,1.3465232315137088,-15725278000.0,31.321,223.73,,,,,,495.1645004272461,648.3019995117188,74.32209405832273,-0.34,18.806,70211305472.0,26.6,,0.72199,0.01469
RAYMONDREL,RAYMOND REALTY LIMITED,Real Estate,Real Estate - Development,578.0499877929688,734.9000244140625,349.0,12.82845,,2.45518,,0.37721002,0.063769996,64.676,-0.185,-0.186,0.407,0.09603,0.1012,0.2793,0.15406999,0.35,38470053075.60462,1.462,0.437,-15165962240.0,53.475,235.441,,,,,,525.2677487182617,646.89599609375,-11.57935177163002,1.8675,9.24,44697616384.0,45.06,,0.55341,0.048699997
NFL,NATIONAL FERT. LTD,Basic Materials,Agricultural Inputs,70.30000305175781,102.97000122070312,63.349998474121094,9.474394,,1.2135545,0.7640640322580645,0.07612,0.02545,139.519,0.124,0.124,0.273,0.016210001,0.03627,0.13881,0.04508,1.48,34487666137.1266,1.01,0.741,-16697512960.0,1.203,57.929,,,,,,78.33470008850098,73.3704002380371,-27.443489013719045,0.408,7.247,73438429184.0,7.42,,0.74714,0.041729998
VAIBHAVGBL,VAIBHAV GLOBAL LIMITED,Consumer Cyclical,Luxury Goods,226.8500061035156,293.25,174.1300048828125,13.470902,4.6869836,2.2992175,0.2766098973305955,0.17754,0.07028,25.234,0.487,0.498,0.127,0.07506,0.07644,0.66290003,0.086660005,2.71,37948625917.02722,2.755,1.27,1279922176.0,24.33,98.664,,,,,,232.46689971923828,245.3440005493164,1.0467733200514973,0.235,11.252,37007130624.0,16.84,48.4,0.59303004,0.15285
PREMEXPLN,PREMIER EXPLOSIVES LTD,Basic Materials,Specialty Chemicals,663.5499877929688,829.7999877929688,378.3999938964844,106.50883,44.236668,12.379895,,0.17045,0.033299997,11.133,-0.8,-0.8,-0.278,0.096149996,0.02932,0.43757,0.06804,0.08,35688467823.455284,1.648,0.724,-519505888.0,11.167,53.599,639.5,710.0,569.0,4.0,2.0,567.8965002441406,696.6039990234375,30.44033258700147,1.362,149.212,35408617472.0,6.23,15.0,0.43602002,0.10099
NACLIND,NACL INDUSTRIES LIMITED,Basic Materials,Agricultural Inputs,170.10000610351562,285.79998779296875,112.62000274658205,340.2,,5.8329334,9.21951219512195,0.00823,0.03439,45.68,0.369,0.598,-0.145,0.0081400005,0.084809996,0.33247003,0.06521,0.0,39844791701.70782,1.274,0.716,-2212600064.0,0.115,29.162,,,,,,168.19059299468995,195.9474002075195,-33.941745202518206,0.278,44.242,43837386752.0,0.5,,0.7424,1.0000001e-05
ANUP,THE ANUP ENGINEERING LTD,Industrials,Specialty Industrial Machinery,1811.800048828125,2576.0,1422.300048828125,42.903152,28.003094,5.252188,,0.16945,0.096429996,17.66,-0.979,-0.978,-0.285,0.10967,0.01622,0.51054,0.18417,0.66,36293010386.09891,2.474,1.879,-753902848.0,4.925,344.961,2532.5,3000.0,2065.0,2.0,2.0,2022.4714978027343,2116.1239916992185,-22.13340163282942,0.023,26.207,37274488832.0,42.23,64.7,0.46247002,0.17686
GOPAL,GOPAL SNACKS LIMITED,Consumer Defensive,Packaged Foods,282.75,398.0,247.5500030517578,41.88889,27.122301,7.368654,0.1009370843373494,0.16670999,0.06252,32.169,4.15,4.09,0.311,0.052210003,0.049390003,0.27155,0.072270006,0.35,35249541120.0,1.61,0.28,-755918720.0,0.06,38.372,400.0,425.0,360.0,1.0,4.0,294.9719995880127,273.21699951171877,-23.103075710315913,0.798,32.269,37510586368.0,6.74,10.425,0.81446,0.05251
RPGLIFE,RPG LIFE SCIENCES LTD,Healthcare,Drug Manufacturers - Specialty & Generic,2654.800048828125,3082.0,1733.0,36.724304,27.034624,7.2532945,2.160253176470588,0.20278999,0.10842,3.304,0.17,0.17,0.158,0.16292,0.19107,0.63813,0.20966999,0.9,43907777319.56908,3.484,2.501,-161700000.0,165.893,366.013,3340.0,3340.0,3340.0,,1.0,2260.7985028076173,2618.389990234375,13.278713867741132,-0.205,27.004,41577431040.0,72.29,98.2,0.76453,0.055549998
SAMHI,SAMHI HOTELS LIMITED,Consumer Cyclical,Lodging,160.38999938964844,222.0,127.0,6.204642,13.224017,2.3313856,0.1204784854368932,0.33367002,0.0469,81.102,0.515,0.056,0.121,0.39348,0.22065,0.76697,0.34487,0.0,35664269176.282425,0.807,0.637,-992978752.0,11.898,68.796,229.16667,275.0,199.0,1.0,6.0,168.968500289917,172.1788003540039,-23.181184660586396,0.813,9.878,43633725440.0,25.85,12.12869,0.24045,0.32884
ELLEN,ELLENBARRIE INDUS GASES L,Basic Materials,Chemicals,324.3500061035156,559.7999877929688,175.0,37.671314,26.586067,4.678215,0.504977399463807,0.14199,0.055209998,18.873,0.746,0.868,0.18,0.33827,0.31757998,0.65252,0.34682,0.0,45712462684.20263,1.601,1.17,-888928768.0,5.974,69.332,357.5,385.0,330.0,1.0,2.0,288.94714988708495,284.9650015258789,-35.63845654392661,1.379,38.237,47299543040.0,8.61,12.2,0.77762,0.12303001
ASHIANA,ASHIANA HOUSING LTD,Real Estate,Real Estate - Development,367.2999877929687,435.8999938964844,269.45001220703125,30.506643,21.354649,4.055203,8.028063947368421,0.14333999,0.017280001,35.119,0.038,0.031,-0.633,0.12347999,0.03974,0.32276002,0.13593,0.68,36922776372.89001,1.309,0.257,4423653888.0,84.764,90.575,,,,,,331.6822509765625,380.0189990234375,19.29197631502863,0.414,23.342,30393516032.0,12.04,17.2,0.71849,0.087340005
DBCORP,D.B.CORP LTD,Communication Services,Publishing,206.30999755859375,287.8999938964844,184.5099945068359,10.446075,9.618181,1.5136907,0.422918016194332,0.1568999999999999,0.1038605586463549,10.796,0.247,0.246,0.079,0.14663,0.18552999,0.52798,0.21726,3.37,36775718476.80796,3.9600661390078686,3.4604174734991755,1929730000.0,52.488,136.296,285.0,290.0,280.0,1.5,2.0,225.17014991760257,206.0495999145508,-22.686905437595296,0.189,5.8,30242512896.0,19.75,21.45,0.74557996,0.13527
JTEKTINDIA,JTEKT INDIA LIMITED,Consumer Cyclical,Auto Parts,129.27000427246094,188.5,117.01000213623048,48.965908,29.04944,3.0240011,,0.07445,0.03681,28.653,-0.488,-0.425,0.268,0.02566,0.01377,0.26126,0.07071,0.58,35859100833.167496,1.226,0.784,-3730567680.0,1.365,42.748,177.5,194.0,161.0,2.0,2.0,138.4616999053955,137.37659957885742,-0.3929684940922495,0.821,19.439,38728314880.0,2.64,4.45,0.76509005,0.106809996
BAJAJELEC,BAJAJ ELECT.LTD,Consumer Cyclical,"Furnishings, Fixtures & Appliances",354.3500061035156,653.7999877929688,301.0,90.86,22.2402,2.5648727,,-0.0528,-0.0213269976976084,84.783,-1.6809531375773283,-3.0242805755395685,-0.185,0.00795,-0.02102,0.31015,0.03469,0.87,40889430720.301605,1.1139974361503775,0.896247473158411,5324795000.0,24.049,138.155,394.07144,520.0,308.0,2.78571,14.0,390.6482501220703,335.8390008544922,-40.35013662402272,-0.14,33.153,51699097600.0,-3.78,15.93286,0.63043,0.22233
HARSHA,HARSHA ENGINEERS INT LTD,Industrials,Tools & Accessories,438.0499877929687,469.0,313.29998779296875,25.797998,18.290186,2.845275,,0.11687,0.06487,26.551,-0.014,-0.014,0.252,0.08997,0.11733,0.4667,0.14597,0.34,39881866152.62186,2.597,1.546,-571249984.0,31.815,153.957,510.0,587.0,461.0,1.75,4.0,390.2272508239746,419.53,5.898705247555358,0.576,16.169,40570302464.0,16.98,23.95,0.76936996,0.13298
KSL,KALYANI STEELS LIMITED,Basic Materials,Steel,856.6500244140625,982.5499877929688,574.0,14.138472,10.131874,1.7765746,,0.1445,0.0860765688073455,22.567445652251372,-0.102,-0.102,-0.102,0.08605,0.13818,0.51886004,0.11846,1.14,37486474284.344246,2.1363722742173024,1.779573226381551,793230000.0,17.52858472857705,482.192,1128.0,1128.0,1128.0,1.0,1.0,780.8599996948242,869.18,-0.2909852678762314,1.1766,10.054623952827535,41469693216.0,60.59,84.55,0.65221,0.12739
RAYMOND,RAYMOND LTD,Industrials,Specialty Industrial Machinery,656.6500244140625,679.0,320.0,99.19185,28.927313,1.536613,,0.01472,0.00939,34.127,-0.996,-0.996,0.155,0.01609,0.06506,0.42944,0.11319,0.0,43700999768.79083,1.72,1.097,11776137216.0,99.711,427.336,727.0,727.0,727.0,1.0,1.0,482.595750579834,607.0469970703125,0.6900252750957403,0.449,18.681,48700977152.0,6.62,22.7,0.51229,0.06276
OPTIEMUS,OPTIEMUS INFRACOM LTD,Technology,Electronics & Computer Distribution,551.75,713.0,288.0,68.201485,,6.3007455,1.4826409782608696,0.087139994,0.02706,45.355,0.46,0.458,1.028,0.03279,0.02693,0.12699,0.042,0.0,49749336064.0,1.45,0.458,-3778449664.0,4.715,87.569,,,,,,468.3795002746582,541.7589984130859,-9.34856192092315,0.084,56.139,52249989120.0,8.09,,0.72533,0.0255
NRBBEARING,NRB BEARING LIMITED,Consumer Cyclical,Auto Parts,483.2000122070313,503.8999938964844,212.5500030517578,31.7477,24.281408,4.865132,2.145114864864865,0.15174,0.08336,15.653,0.148,0.148,0.192,0.10576,0.12262,0.59273,0.17222,2.54,46833001631.137215,2.259,0.877,1018625024.0,6.877,99.319,516.0,597.0,435.0,1.0,3.0,323.9267001342773,433.0420001220703,62.392885911739725,0.552,19.945,47904555008.0,15.22,19.9,0.46135,0.249
RPTECH,RASHI PERIPHERALS LIMITED,Technology,Electronics & Computer Distribution,856.1500244140625,967.7000122070312,276.54998779296875,18.173424,,2.7857134,0.28395975,0.14938,0.05698,48.65,0.64,0.676,0.619,0.01795,0.0292,0.05289,0.02875,0.24,56420001352.878586,1.598,0.693,-472021248.0,12.323,307.336,,,,,,494.17450073242185,785.3050024414063,201.5674684115111,0.807,12.608,64447102976.0,47.11,,0.71966004,0.08420999
HEIDELBERG,HEIDELBERGCEMENT (I) LTD,Basic Materials,Building Materials,160.22000122070312,223.1699981689453,136.10000610351562,31.292969,18.92176,2.6400607,,0.096829996,0.04464,1.037,-0.366,-0.367,0.051,0.04927,0.060229998,0.52765,0.111899994,4.43,36310868244.64954,1.104,0.547,1720987520.0,18.022,60.688,178.7,252.0,135.0,3.4,10.0,162.8956999206543,156.10320037841797,-25.548325514503755,0.389,12.056,31841343488.0,5.12,8.4675,0.71174,0.14628
MARINE,MARINE ELECTRICAL (I) LTD,Industrials,Electrical Equipment & Parts,373.25,395.0,150.86000061035156,88.23877,,10.522977,2.3281997361477575,0.12887,0.061680004,17.661,0.379,0.381,0.107,0.06656,0.099659994,0.29407,0.10773,0.09,49517305856.0,2.116,1.611,-392255264.0,10.656,35.47,,,,,,228.1489503479004,285.9310006713867,113.8355734599004,1.051,54.068,51076734976.0,4.23,,0.0,0.0
KNRCON,KNR CONSTRU LTD.,Industrials,Engineering & Construction,127.13999938964844,220.0,108.6500015258789,9.068473,15.036579,0.71847963,,0.091850005,0.05342,49.162,-0.346,-0.345,-0.04,0.14757,0.14581999,0.44222,0.21198,0.2,35756166996.34802,4.685,1.804,1662324480.0,22.225,176.957,146.5,260.0,110.0,3.06667,14.0,137.36900035858153,129.76620056152345,-37.6183696027489,0.401,9.537,54045175808.0,14.02,8.45538,0.48821,0.23575
AYE,AYE FINANCE LIMITED,Financial Services,Credit Services,169.69000244140625,197.2899932861328,88.22000122070312,17.475798,8.978307,1.4796697,0.1918309330406147,0.0924,0.02744,199.987,0.911,1.435,0.367,0.22211,0.34991002,1.0,0.0,0.0,41498227285.05363,85.427,85.202,-13663000000.0,44.146,114.681,208.5,220.0,197.0,,2.0,142.61534875677538,169.39120056152345,31.63447181817385,3.2365,19.947876682836252,81781563392.0,9.71,18.9,0.35162997,0.53441
INDRAMEDCO,INDRAPRASTHA MEDICAL CORP,Healthcare,Medical Care Facilities,376.7999877929687,640.8499755859375,342.0,18.362572,15.442623,4.66429,2.1351827906976744,0.27466,0.15145001,4.979,0.086,0.085,0.113,0.1234,0.16755,0.36863998,0.17910999,1.07,34542386080.9448,2.457,2.274,684037504.0,28.711,80.784,550.0,550.0,550.0,1.0,1.0,414.4872500610352,377.12699951171874,-19.2802061597131,0.436,11.754,32075554816.0,20.52,24.4,0.55345,0.00661
VADILALIND,VADILAL INDUSTRIES LTD,Consumer Defensive,Packaged Foods,7402.0,8447.0,3996.0,24.273628,,6.2573333,0.2544405450733752,0.20063,0.105500005,26.996,0.954,0.954,0.344,0.13064,0.22179002,0.49723,0.18867001,0.58,53204316160.0,3.001,1.137,-335862496.0,80.61,1182.932,,,,,,5314.802504882812,6756.799990234375,49.06857315476789,0.059,17.362,54920130560.0,304.94,,0.68138003,0.01503
AARTIDRUGS,AARTI DRUGS LTD.,Healthcare,Drug Manufacturers - Specialty & Generic,414.75,534.5499877929688,318.95001220703125,19.797134,14.865592,2.4427521,,0.13359,0.05673,37.221,-0.071,-0.069,0.191,0.07139,0.114479996,0.37532002,0.12544,0.49,37854232576.0,1.591,0.926,-60057500.0,2.662,169.788,474.0,474.0,474.0,2.0,1.0,390.00775024414065,399.79200134277346,-13.23221757322176,0.354,14.137,44050776064.0,20.95,27.9,0.59564,0.11057
SMSPHARMA,SMS PHARMACEUTICALS LTD.,Healthcare,Drug Manufacturers - General,356.5,447.7999877929687,221.02000427246097,32.204155,,4.2487516,0.94,0.14310001,0.06528,46.455,-0.035,0.02,0.056,0.11407,0.14959,0.34645,0.19398001,0.11,33386948608.0,1.808,0.742,-951083264.0,4.92,83.907,,,,,,360.6439999389648,383.2809991455078,49.338135965576704,0.337,20.979,36534525952.0,11.07,,0.76528,0.02881
PITTIENG,PITTI ENGINEERING LIMITED,Industrials,Metal Fabrication,1051.6500244140625,1100.0,675.0,33.112408,21.63889,3.9333575,1.1000800000000002,0.124960005,0.07575,82.134,0.301,0.289,0.159,0.06267,0.111219995,0.39424,0.18525,0.23,38820176773.21066,1.403,0.547,-259347120.0,39.742,267.367,1178.0,1178.0,1178.0,,1.0,887.0345025634765,969.876005859375,10.218518839306668,0.489,12.541,46122618880.0,31.8,48.6,0.58295,0.18309
GMMPFAUDLR,GMM PFAUDLER LIMITED,Industrials,Specialty Industrial Machinery,1018.2000122070312,1307.5,735.0,64.812225,21.572033,3.8003743,0.5660456331877729,0.04581,0.042969998,84.461,1.145,1.144,0.164,0.01931,0.057439998,0.54844004,0.09349,0.2,45775446564.79424,1.6,1.045,1359987456.0,141.33,267.921,1800.0,1800.0,1800.0,1.0,1.0,943.171749572754,846.2129992675781,-19.13271130569283,0.052,14.693,50194726912.0,15.71,47.2,0.40655997,0.19961001
ASHOKA,ASHOKA BUILDCON LTD,Industrials,Engineering & Construction,112.06999969482422,214.5,101.0,5.0550294,7.9907312,0.47809392,,0.47987998,0.06364,24.459,-0.412,-0.412,-0.205,0.34495997,0.14811,0.31802,0.21204,0.0,31460652970.33007,2.226,1.149,-15004608512.0,24.01,234.41,152.33333,180.0,111.0,1.71429,6.0,140.83125034332275,124.8882000732422,-39.43799089618029,0.512,2.688,40650084352.0,22.17,14.025,0.54487,0.17416
SASKEN,SASKEN TECHNOLOGIES LTD,Technology,Information Technology Services,1874.0999755859375,2780.199951171875,991.0,41.152832,32.2121,3.3263226,0.2847946851211072,0.06988,0.02908,3.212,1.445,1.448,1.257,0.048449997,0.0684,0.21349001,0.07242,1.36,28470371981.114,2.165,1.768,-208732752.0,102.482,563.415,,,,,,1557.712000732422,2037.0560009765625,27.437780953262415,0.615,34.683,27959037952.0,45.54,58.18,0.56353,0.09304
SANATHAN,SANATHAN TEXTILES LIMITED,Consumer Cyclical,Textile Manufacturing,461.25,551.9500122070312,352.6000061035156,63.973648,9.983766,2.075982,,0.04204,0.02901,80.77,-0.411,-0.411,0.791,0.0138,0.054959998,0.29957,0.070879996,0.0,38931369984.0,1.07,0.271,-3168649984.0,20.012,222.184,580.8,625.0,540.0,1.0,5.0,437.5519998168945,456.1030004882812,-8.699527146689888,0.5585,16.432,51255209984.0,7.21,46.2,0.78581,0.12977
CHEMPLASTS,CHEMPLAST SANMAR LIMITED,Basic Materials,Chemicals,175.13999938964844,460.0,170.02000427246094,,59.706886,1.5781791,,-0.14641,0.00214,111.239,,,0.023,-0.092080005,-0.15611,0.34394002,0.022769999,0.0,27691308959.49758,0.504,0.185,811049984.0,27.329,110.976,277.25,320.0,224.0,1.0,4.0,245.6479500579834,198.20199951171875,-60.34865416586004,-0.112,45.077,43606626304.0,-24.78,2.93333,0.5499,0.35753
KDDL,KDDL LIMITED,Consumer Cyclical,Luxury Goods,3942.699951171875,4155.5,1990.0,49.907593,30.587278,4.4887366,1.1420501830663614,0.08123,0.04809,26.688,0.437,0.437,0.363,0.04178,0.09533,0.41064999,0.15053001,0.51,48492371367.44921,3.85,1.817,-667827008.0,597.596,878.354,3830.0,3830.0,3830.0,3.0,1.0,2643.4040002441407,3336.59798828125,54.882927400967006,0.441,15.656,54730264576.0,79.0,128.9,0.60333,0.05781
ZOTA,ZOTA HEALTH CARE LIMITED,Healthcare,Biotechnology,1076.699951171875,1740.0,1026.199951171875,,,5.3769937,,-0.16046,-0.05088,38.847,,,0.677,-0.13726,-0.1122,0.60277003,0.03442,0.08,32659167798.913345,1.927,0.713,-1711981952.0,27.597,200.242,,,,,,1335.844496459961,1302.9319995117187,-18.24601737495254,0.417,220.905,40955277312.0,-22.41,,0.0,0.01437
MAHLOG,MAHINDRA LOGISTIC LIMITED,Industrials,Integrated Freight & Logistics,406.6499938964844,450.0,275.04998779296875,96.13475,24.176575,5.116768,3.326461937716263,0.01279,0.02259,46.725,0.289,0.293,0.201,0.00522,0.02527,0.07886,0.03043,0.62,40348818850.39407,1.155,1.046,1584862464.0,84.923,79.474,472.6,507.0,400.0,1.6,5.0,364.8462510681152,390.31300048828126,26.524580466375824,0.501,11.43,25662441472.0,4.23,16.82,0.59798,0.17473
PSPPROJECT,PSP PROJECTS LIMITED,Industrials,Engineering & Construction,923.3499755859376,1143.0,569.2000122070312,49.749462,18.411764,2.9295216,0.0121071431700372,0.0561,0.0179728032008513,26.131,41.091,42.322,0.648,0.0863,0.03718,0.20039,0.14051,0.0,36603247672.1828,1.481,1.218,1298547000.0,104.879,315.188,872.125,1300.0,540.0,3.625,8.0,849.895500793457,991.5050012207032,40.76529589186278,1.5945,28.013,35549933568.0,18.56,50.15,0.71086,0.02854
TFCILTD,TOURISM FINANCE CORP. OF,Financial Services,Credit Services,132.75999450683594,134.9199981689453,51.0,39.98795,11.376178,4.685206,0.3998795,0.09754,0.0547,81.939,1.0,1.003,0.983,0.67816,0.89208,1.0,0.0,0.46,61464856080.790054,704.192,695.722,-463218000.0,1.458,28.336,,,,,,74.74164979934693,91.54919982910155,112.72231185935657,0.038,39.45877631062855,71035600896.0,3.32,11.67,0.38623002,0.0531
SHANTIGEAR,SHANTHI GEARS LTD,Industrials,Specialty Industrial Machinery,386.8999938964844,598.9000244140625,384.0,46.55836,100.23316,6.7448835,,0.18186001,0.10361,,-0.568,-0.566,-0.144,0.12781,0.087629996,0.48330003,0.17503999,1.03,29690826283.614307,3.713,3.101,314362496.0,28.122,57.362,,,,,,448.85824981689456,426.1890014648437,-33.28160413729721,-0.006,31.469,27504785408.0,8.31,3.86,0.74814004,0.03073
INDIQUBE,INDIQUBE SPACES LIMITED,Real Estate,Real Estate Services,189.1499938964844,243.8000030517578,131.14999389648438,,78.81249,7.7900414,,-0.41569,0.03063,1011.578,,,0.367,-0.05975,0.16698,0.8734,0.28464,0.0,40099351282.069115,0.619,0.215,-902305024.0,3.409,24.281,267.0,316.0,186.0,1.4,5.0,179.03370040893554,173.71440032958984,-13.392857517140644,0.7157,20.683,92087853056.0,-4.79,2.4,0.79248,0.1492
ARSSBL,ANAND RATHI SH N STK BR L,Financial Services,Financial Conglomerates,497.6499938964844,794.8499755859375,416.0,21.285288,,2.315448,,0.0958899333817461,0.0182090166128118,63.43,-0.265,0.024,0.27,0.16182,0.25219,0.8724,0.0,1.01,31384993407.07325,1.227070050627558,1.227070050627558,7051710000.0,17.825,214.926,,,,,,564.2807508850098,533.8170013427734,11.693414326323516,1.6417,10.49202778618296,38635806720.0,23.38,,0.00054000004,0.7311
GUFICBIO,GUFIC BIOSCIENCES LTD.,Healthcare,Drug Manufacturers - Specialty & Generic,413.7000122070313,448.0,268.0,64.53979,,6.2390666,0.91157895480226,0.10144,0.059970003,60.866,0.708,0.707,0.166,0.07487,0.14915,0.54766,0.16307,0.02,41486873800.15167,1.549,0.725,-339667488.0,6.201,66.308,,,,,,333.54675064086916,390.62,10.129114582398223,-0.046,28.577,45720203264.0,6.41,,0.77496004,0.03545
CYIENTDLM,CYIENT DLM LIMITED,Industrials,Aerospace & Defense,730.25,764.7999877929688,265.20001220703125,70.898056,41.69931,5.7262383,0.6003222353937341,0.07472,0.0315,17.021,1.181,1.182,0.343,0.060510002,0.07509,0.38653,0.097370006,0.0,57955852288.0,2.487,0.918,1678042496.0,12.604,127.527,590.5,830.0,380.0,2.2,10.0,434.7677503967285,586.6550006103515,65.00960798616529,0.398,43.534,57515573248.0,10.3,17.51228,0.5211,0.2915
EIEL,ENVIRO INFRA ENGINEERS L,Industrials,Engineering & Construction,199.0099945068359,276.1000061035156,134.7100067138672,19.321358,9.660679,2.8319552,,0.16886,0.088970006,34.127,-0.05,-0.049,0.491,0.14310999,0.18648,0.32179,0.22681999,0.0,34932223035.78496,2.555,1.062,1587788800.0,22.882,70.273,310.0,310.0,310.0,1.0,1.0,196.2553497314453,216.70119934082032,-22.12483188015089,1.4422,12.092,34664378368.0,10.3,20.6,0.70188004,0.0057800002
GRMOVER,GRM OVERSEAS LIMITED,Consumer Defensive,Packaged Foods,86.52999877929688,185.4499969482422,81.94999694824219,16.481905,,1.3226032,,0.14711,0.052410003,60.709,-0.446,0.102,0.305,0.041729998,0.08101,0.15516,0.05449,0.0,17957037826.674995,2.005,1.184,-1070141376.0,1.796,65.424,,,,,,142.00110038757325,92.00900039672852,-30.330111992388797,0.006,38.892,39606509568.0,5.25,,0.74806,0.047140002
KIRLOSIND,KIRLOSKAR INDUSTRIES LTD,Industrials,Metal Fabrication,3714.10009765625,4574.7998046875,2463.0,25.665813,,0.6245667,,0.04326,0.03509,13.283,-0.23,-0.232,0.043,0.02157,0.092159994,0.44046003,0.13482,0.35,39033631746.32616,1.881,1.038,5872849920.0,306.613,5946.683,,,,,,3332.4900024414064,3850.19,-3.744881468483108,0.4,7.179,68029747200.0,144.71,,0.75832003,0.01234
MAYURUNIQ,MAYUR UNIQUOTERS LTD,Consumer Cyclical,Textile Manufacturing,776.0499877929688,907.0,471.2000122070313,16.272804,12.76398,2.9771702,0.4293615831134565,0.18365,0.11079001,0.687,0.379,0.378,0.247,0.20299,0.19098,0.45376998,0.24555,0.79,33721388525.572773,7.455,4.151,-114464376.0,59.399,260.667,900.0,1019.0,821.0,1.66667,3.0,616.9799998474122,801.6069995117188,43.460573117791256,0.401,12.145,30428694528.0,47.69,60.8,0.61000997,0.04618
WSTCSTPAPR,WEST COAST PAPER MILLS LT,Basic Materials,Paper & Paper Products,636.25,645.0,375.0,18.309353,,1.1648002,0.58,0.037720002,0.018760001,8.243,1.453,1.454,0.101,0.0525,0.13723,0.35412997,0.114259996,0.49,42023616512.0,3.415,2.12,198036368.0,180.985,546.231,,,,,,467.55250091552733,550.1309991455078,27.453923165396567,0.004,7.582,37903466496.0,34.75,,0.59923,0.15287
KOLTEPATIL,KOLTE PATIL DEV. LTD.,Real Estate,Real Estate - Development,465.8999938964844,554.5999755859375,292.25,79.64103,16.433863,3.423344,,-0.0373,-0.0075,98.241,,-0.8221343873517787,10.165,0.079239994,0.2011,0.27785,0.093030006,0.0,41316056546.73965,1.091,0.133,-600287488.0,85.746,136.095,501.75,545.0,456.0,1.0,4.0,376.578250579834,397.5820013427734,15.794702828118943,0.211,30.567,44707598336.0,5.85,28.35,0.77094,0.46944
DREDGECORP,DREDGING CORP OF INDIA,Industrials,Engineering & Construction,1118.300048828125,1286.0,538.0,63.539776,,2.5176165,0.11684401618242,0.031889997,0.01964,88.829,5.438,3.062,0.467,0.029749999,0.05722,0.56182,0.19861999,0.0,31312401751.18752,0.885,0.528,-1532758528.0,28.621,444.19,,,,,,995.0010018920898,1084.9040087890626,77.59250867863298,0.743,16.601,43572887552.0,17.6,,0.73471,0.06254
KITEX,KITEX GARMENTS LTD,Consumer Cyclical,Apparel Manufacturing,124.7300033569336,232.6999969482422,123.1500015258789,415.76666,6.582058,2.3701663,,-0.01079,-0.0036000002,96.813,-0.9574094643872714,-1.11843311697154,-0.446,0.0088599995,-0.11176,0.49983,0.04255,0.37,24883636893.70828,1.503,0.803,-10286750.0,7.781,52.625,,,,,,170.04885013580324,149.0913996887207,-37.09400639256152,0.485,136.844,38830981120.0,0.3,18.95,0.69403,0.0074299998
BHAGCHEM,BHAGIRADHA CHEM & INDS L,Basic Materials,Agricultural Inputs,283.8999938964844,316.8999938964844,170.60000610351562,133.28638,,5.2716603,4.279499880845246,0.02633,0.02204,33.579,0.3114531690877733,2.35,0.576,0.04533,0.11378,0.37588,0.123330005,0.05,36813049064.56279,1.778,0.904,-1714694272.0,1.261,53.854,,,,,,240.82875038146972,279.6506005859375,0.7273328893297348,0.522,52.681,39448244224.0,2.13,,0.64454,0.036989998
ROUTE,ROUTE MOBILE LIMITED,Communication Services,Telecom Services,503.3500061035156,921.5999755859376,410.7000122070313,12.7689,8.337405,1.1451302,0.725505681818182,0.09722,0.07296,1.488,0.176,0.177,0.096,0.0551,0.07048,0.16075,0.11449,1.6,31712600448.54028,3.852,3.502,6622074880.0,223.163,439.557,680.0,775.0,585.0,2.0,4.0,567.6397509765625,540.0309985351563,-44.381214795191646,0.383,3.578,18471946240.0,39.42,60.3725,0.74851,0.0428
SSWL,STEEL STRIPS WHEELS LTD.,Consumer Cyclical,Auto Parts,304.79998779296875,328.3999938964844,169.0,22.594515,14.445497,2.6553066,0.4859035483870968,0.1549,0.049647394607994,45.898,0.465,0.47,0.272,0.03858,0.082600005,0.34381,0.10027,0.4,47934400640.26,1.0057336121553684,0.420318315538467,1388394000.0,0.726,114.789,337.0,337.0,337.0,1.0,1.0,220.9557504272461,271.09219940185545,43.179246900504786,0.491,10.469,57799159808.0,13.49,21.1,0.77458,0.01766
GRAUWEIL,GRAUER & WEIL IND LTD,Basic Materials,Specialty Chemicals,66.25,115.5999984741211,62.09000015258789,18.71469,,2.7820938,,0.16232,0.07737,1.343,-0.083,-0.087,0.179,0.12967,0.13994999,0.49396,0.15365,0.75,30038511616.0,2.712,1.987,882583488.0,10.067,23.813,,,,,,74.47380385191545,74.56259963989258,-42.69031066221759,0.417,13.545,25715707904.0,3.54,,0.72569,0.00027000002
SANGHVIMOV,SANGHVI MOVERS LTD,Industrials,Rental & Leasing Services,490.7000122070313,528.0,223.8000030517578,21.297743,,3.240099,0.7099247666666667,0.15026,0.081590004,51.403,0.3,0.298,0.389,0.16935,0.22884001,0.45336,0.35637,0.4,42482844704.835945,1.773,1.346,-2213606656.0,24.86,151.446,,,,,,346.3655502319336,448.59100219726565,46.80628637457929,1.006,11.386,47747575808.0,23.04,,0.57922,0.01442
BBL,BHARAT BIJLEE LTD,Industrials,Electrical Equipment & Parts,2353.89990234375,3411.0,2051.699951171875,23.810438,55.398914,1.3114811,,0.060500003,0.02977,15.116,-0.296,-0.296,0.177,0.047470003,0.04203,0.23347001,0.06394,1.52,26606412720.1797,1.464,0.92,-2093825024.0,233.794,1794.841,,,,,,2664.029498291015,2609.083984375,-15.926142535464615,0.552,17.573,26471010304.0,98.86,42.49,0.35926998,0.16587
RSYSTEMS,R SYS INTERNATIONAL LTD,Technology,Information Technology Services,241.6000061035156,496.8999938964844,213.52000427246097,15.536978,11.356052,3.6076393,,0.17333001,0.114980005,28.616,-0.266,-0.267,0.305,0.085930005,0.14920999,0.36710998,0.17055,5.02,28627835603.222015,2.289,1.757,2661538816.0,28.187,66.969,363.5,410.0,300.0,1.0,4.0,310.4906507110596,248.279599609375,-42.877408882718285,0.267,7.995,30583808000.0,15.55,21.275,0.73592,0.090670004
BALMLAWRIE,BALMER LAWRIE & CO LTD,Industrials,Conglomerates,174.0,238.1999969482422,148.36000061035156,10.648715,,1.4359872,2.878031081081081,0.13276,0.05535,10.544,0.037,0.036,0.1,0.100200005,0.107030004,0.3505,0.13611001,9.79,29754669056.0,2.133,1.252,1506633344.0,26.515,121.171,,,,,,178.63319999694824,177.72619995117188,-20.533433200255647,0.682,7.246,27467636736.0,16.34,,0.63049,0.02457
NAVNETEDUL,NAVNEET EDUCATION LTD,Communication Services,Publishing,133.7899932861328,168.5,121.5,8.75589,15.37816,1.4391438,,0.18575001,0.04853,5.145,-0.101,-0.102,-0.008,0.19591999,0.22715999,0.46997002,0.14648,3.36,29596109362.804115,3.586,1.32,1729500032.0,3.228,92.965,119.0,119.0,119.0,,1.0,143.42014980316162,140.85659988403322,-4.836761667889123,0.12,12.097,30389422080.0,15.28,8.7,0.65572,0.12264
QUESS,QUESS CORP LIMITED,Industrials,Staffing & Employment Services,338.25,350.75,166.3000030517578,20.026644,16.662561,4.3250604,0.334893712374582,0.19714001,0.05781,10.656,0.598,0.609,0.145,0.01595,0.01787,0.0512,0.021189999,1.78,50520973312.0,1.382,1.271,1079655040.0,17.332,78.207,342.375,384.0,230.0,1.5,8.0,227.20554885864257,293.6947982788086,25.092458444910413,-0.006,14.539,48796401664.0,16.89,20.3,0.68166,0.14718
MPSLTD,MPS LIMITED,Communication Services,Publishing,2917.39990234375,2979.0,1336.0999755859375,26.275782,22.476116,8.302007,0.6110646976744186,0.32234,0.15889,10.167,0.43,0.43,0.204,0.23361,0.30347002,0.6009,0.32551998,2.89,49524414854.23322,1.445,1.011,1943312512.0,70.257,351.409,2600.0,2600.0,2600.0,1.0,1.0,1934.681495361328,2295.4499951171874,36.09814188446578,0.461,18.714,49118859264.0,111.03,129.8,0.73459,0.01931
MARATHON,MARATHON NXTGEN REALT LTD,Real Estate,Real Estate - Development,354.6000061035156,685.4000244140625,344.04998779296875,11.595815,,1.0322814,,0.11684,0.03075,4.266,-0.335,-0.161,0.403,0.34967998,0.23361,0.34778,0.24652,0.28,23915839899.6489,4.866,1.414,-939696256.0,62.669,343.511,,,,,,464.3934991455078,393.4490002441406,-45.41676398406369,0.543,15.185,20694603776.0,30.58,,0.63347,0.121190004
MSTCLTD,MSTC LIMITED,Industrials,Conglomerates,692.3499755859375,743.9000244140625,362.1499938964844,20.797535,,5.3917975,0.5531259308510638,0.266,0.06471,16.041,0.376,0.375,0.217,0.60627997,0.5812,1.0,0.61197,6.27,48741435721.25009,1.491,1.445,18775000.0,188.581,128.408,,,,,,508.7157489013672,643.3269995117188,47.2771679635934,0.52,15.948,37717188608.0,33.29,,0.64745003,0.03418
GREENPLY,GREENPLY INDUSTRIES LTD,Basic Materials,Lumber & Wood Production,287.1499938964844,334.3999938964844,176.4199981689453,36.256313,17.12138,3.97566,1.13300978125,0.10536,0.06576,57.505,0.32,0.32,0.207,0.03445,0.08396,0.40623,0.10045,0.18,35865619717.658455,1.286,0.65,-41927376.0,2.236,72.227,368.7857,440.0,300.0,1.28571,14.0,259.7294510650635,299.2084008789063,-7.994236372669583,0.689,14.0,40263548928.0,7.92,16.77143,0.48151,0.3872
RAMKY,RAMKY INFRA LTD,Industrials,Engineering & Construction,391.1499938964844,705.0,367.0,11.4706745,,1.2509395,,0.13379,0.02599,27.392,-0.472,-0.472,0.243,0.12173,0.04172,0.25237,0.09782,0.0,27066715737.6502,1.568,0.753,435061248.0,38.637,312.685,,,,,,479.8249998474122,397.9869995117187,-33.42127763464096,-0.066,15.955,30252738560.0,34.1,,0.7375,0.0037599998
CARRARO,CARRARO INDIA LIMITED,Consumer Cyclical,Auto Parts,525.75,667.5499877929688,407.3999938964844,22.51606,,5.2940288,2.886674358974359,0.25534,0.091129996,27.433,0.078,0.078,0.105,0.05757,0.05968,0.26232,0.09357,1.3,29889695744.0,1.625,0.888,499726240.0,15.902,99.31,,,,,,532.0532524108887,541.4030065917968,25.76247227648951,1.2041,13.963,30145744896.0,23.35,,0.68768,0.16221
SAMBHV,SAMBHV STEEL TUBES LTD,Basic Materials,Steel,131.3800048828125,141.32000732421875,81.41999816894531,22.535164,,3.6728077,0.6225183425414366,0.18355,0.08206,35.435,0.362,0.669,0.311,0.06371,0.11291,0.2846,0.11666001,0.0,38713935262.82539,1.299,0.518,-1790520064.0,5.502,35.771,,,,,,106.00825008392334,116.45859985351562,7.494684642956573,1.3347,12.69,38297362432.0,5.83,,0.68574995,0.021429999
CARYSIL,CARYSIL LIMITED,Consumer Cyclical,"Furnishings, Fixtures & Appliances",1158.0999755859375,1280.9000244140625,732.0999755859375,30.816921,23.081215,5.4184422,0.8195989627659575,0.17277001,0.08484,45.99,0.376,0.377,0.155,0.11135,0.16339001,0.54082,0.19601,0.25,32939380041.60047,1.441,0.608,-364562496.0,20.595,213.733,1400.6666,1482.0,1310.0,1.0,3.0,981.4547500610352,1177.7440014648437,26.658282551361047,0.56,19.105,35916197888.0,37.58,50.175,0.47764,0.09967
UFLEX,UFLEX LIMITED,Consumer Cyclical,Packaging & Containers,611.0499877929688,635.0,330.0,13.919133,10.822706,0.54315263,0.8539345398773006,0.04085,0.03257,124.991,0.163,0.163,0.032,0.02105,0.09521,0.34935,0.12422,0.61,44124826766.51215,1.212,0.665,-15440003072.0,148.461,1125.006,,,,,,456.2707501220703,464.2470001220703,12.32536540311926,0.616,6.737,126066442240.0,43.9,56.46,0.82055,0.01368
DCAL,DISHMAN CARBO AMCIS LTD,Healthcare,Biotechnology,172.41000366210938,321.95001220703125,128.5,27.71865,13.7928,0.4038613,,0.015579999,0.012940001,46.07,-0.495,-0.495,0.189,0.033239998,0.0871,0.86057,0.19292,0.0,27030972990.156822,1.227,0.725,309449984.0,64.409,426.904,,,,,,200.4838003540039,184.56020111083984,-36.60231810143978,0.624,8.929,50506571776.0,6.22,12.5,0.69302005,0.026719999
DEEPINDS,DEEP INDUSTRIES LIMITED,Energy,Oil & Gas E&P,658.4500122070312,720.0,330.0,20.38545,10.794263,2.1112761,0.4510055309734512,0.09786,0.07419,9.61,0.452,0.451,0.398,0.21283,0.33081,0.54284,0.39536998,0.37,42140799757.24998,2.689,2.081,416222016.0,24.413,311.873,675.0,675.0,675.0,,1.0,458.6624993896484,532.4629992675781,15.537810843930156,-0.641,11.55,44301262848.0,32.3,61.0,0.67226,0.01554
FLAIR,FLAIR WRITING INDUST LTD,Industrials,Business Equipment & Supplies,253.0,348.79998779296875,242.8999938964844,19.10876,13.737555,2.3356936,,0.13085,0.08293,5.802,-0.004,-0.003,0.106,0.10908,0.122159995,0.50535,0.17164,0.4,26665029632.0,5.225,2.643,-445388736.0,12.43,108.319,446.16666,508.0,391.0,1.0,6.0,295.9637496185303,259.60500091552734,-17.130687810061307,0.373,11.645,25600133120.0,13.24,18.41667,0.84182,0.03346
RPSGVENT,RPSG VENTURES LIMITED,Technology,Information Technology Services,868.4000244140625,1179.0,551.9000244140625,1831.91,,1.1466479,100.0,0.00037,0.04079,188.639,0.096,0.096,0.204,-0.0109,0.16986999,0.44505,0.12231,0.0,28732238631.773663,0.586,0.449,1563287552.0,298.612,757.338,,,,,,822.2140005493164,892.8169970703125,-5.258559072191038,0.071,8.233,120116363264.0,-41.66,,0.72449994,0.00493
JINDWORLD,JINDAL WORLDWIDE LTD,Consumer Cyclical,Textile Manufacturing,35.099998474121094,42.400001525878906,17.850000381469727,41.785713,,4.1004667,0.4737609183673469,0.08457,0.04578,64.866,0.882,0.858,0.061,0.0366,0.07728,0.20966999,0.06301,0.0,35191327238.15082,1.911,1.286,1149432192.0,3.563,8.56,,,,,,28.966899995803832,33.62900009155273,-4.307529492663987,0.082,23.901,34370801664.0,0.85,,0.91839,0.00022
SHAREINDIA,SHARE IND. SECURITIES LTD,Financial Services,Capital Markets,175.27999877929688,211.0,115.36000061035156,10.584541,,1.4739196,0.225203,0.12968001,0.07752,27.925,0.47,0.475,0.329,0.25608,0.40546,0.65511,0.0,0.88,38355738356.87899,5.574,5.552,-1874589000.0,157.179,118.921,,,,,,151.97864986419677,163.65600006103514,11.105479768320969,-0.125,6.804748184747875,11571765248.0,16.56,,0.63719004,0.0058600004
MUTHOOTMF,MUTHOOT MICROFIN LIMITED,Financial Services,Credit Services,213.2100067138672,262.7699890136719,141.1999969482422,14.583447,7.0134873,1.253174,0.0117447426914713,0.062069997,0.01447,341.252,12.417,12.153,0.483,0.20950001,0.32107,0.98133004,0.0,0.0,35769533542.36316,399.149,391.522,-5911770000.0,52.68,170.136,220.0,235.0,205.0,,2.0,188.4939500427246,223.33420043945313,33.397988031831986,0.695,46.53960728918938,123563737088.0,14.62,30.4,0.73372,0.077649996
WONDERLA,WONDERLA HOLIDAYS LTD.,Consumer Cyclical,Leisure,490.1000061035156,659.0,455.0,30.688791,20.004082,1.7997342,0.8012739164490862,0.046430003,0.02661,0.348,0.383,0.385,0.442,0.17188999,0.34674,0.82863,0.32316002,0.42,31083499907.101864,6.305,5.576,-1560494976.0,66.857,272.318,669.0,850.0,568.0,1.25,4.0,508.3322505187989,481.27400146484376,-21.502358409869636,-0.02,13.734,26325409792.0,15.97,24.5,0.64142996,0.12810999
SOTL,SAVITA OIL TECHNOLO. LTD,Basic Materials,Specialty Chemicals,688.5499877929688,814.7999877929688,285.79998779296875,11.407389,11.339756,2.5992827,0.02750093780135,0.10462,0.05392,0.098,4.148,4.148,0.496,0.08529,0.24169001,0.23648001,0.113400005,0.71,47207271611.080894,2.535,1.398,728480896.0,44.167,264.9,950.0,950.0,950.0,1.0,1.0,437.0220005798339,612.8880041503907,70.32776445095084,0.538,8.166,44945924096.0,60.36,60.72,0.69361,0.13713999
MAITHANALL,MAITHAN ALLOYS LTD,Basic Materials,Steel,978.0,1210.0999755859375,831.2000122070312,9.797636,,0.6863384,,0.11144,0.030280001,5.704,-0.267,-0.267,-0.147,0.1397,0.15792,0.29361,0.1371,1.72,28471095296.0,6.236,3.539,-809374976.0,604.539,1424.953,,,,,,994.6484997558592,1006.2739978027344,-10.750140863207957,0.658,4.803,13696663552.0,99.82,,0.74984,0.00532
HERITGFOOD,HERITAGE FOODS LTD,Consumer Defensive,Packaged Foods,378.75,540.0,292.54998779296875,25.977365,18.209135,3.1855302,,0.143,0.0770015068165756,32.621,-0.378,-0.384,0.177,0.028469998,0.02638,0.22336,0.05228,0.69,35146485760.0,1.4044907414907577,0.7600138513130397,-1452100000.0,28.075,118.897,393.66666,460.0,346.0,1.66667,3.0,372.78475006103514,337.87199768066404,-22.403197036700064,0.336,13.945,34464059392.0,14.58,20.8,0.54203,0.088
TVSSRICHAK,TVS SRICHAKRA LIMITED,Consumer Cyclical,Auto Parts,4922.7001953125,5050.0,2812.0,40.83534,31.95521,3.1672328,0.2486926918392205,0.05988,0.02839,64.482,1.642,1.641,0.303,0.023740001,0.040900003,0.42321,0.08021,0.35,37693363671.51766,0.881,0.307,2023237504.0,30.391,1554.259,2800.0,3500.0,2100.0,5.0,2.0,4046.127501220703,4140.287978515625,66.52684390543719,0.74,14.213,44362264576.0,120.55,154.05,0.53655,0.06882
JINDALPOLY,JINDAL POLY FILMS LIMITED,Consumer Cyclical,Packaging & Containers,637.0,1026.449951171875,365.0,18.7,,0.9139601,0.3491615062389988,-0.29930001,-0.04836,131.567,0.5355687745028792,-24.482426013883813,-0.525,-0.36562002,-0.82845,0.22249001,-0.2018,0.92,27891943424.0,3.175,1.909,-1846807040.0,632.565,696.967,,,,,,618.3287489318848,653.4349975585938,21.65775968326995,-0.158,-6.873,40214470656.0,-48.51,,0.80025,0.099379994
INTERARCH,INTERARCH BLDNG SOLTN LTD,Industrials,Engineering & Construction,1688.300048828125,2762.60009765625,1600.0,21.177874,15.380808,3.2141445,,0.16479999,0.0838,1.99,-0.007,-0.005,0.207,0.06798,0.07696,0.36098,0.093210004,0.73,28392196917.14417,1.952,1.156,-482667616.0,56.843,525.272,2442.3333,2887.0,2140.0,1.0,3.0,1999.1455010986328,1826.717998046875,-18.94862943695992,1.2886,15.083,27793315840.0,79.72,109.76667,0.59274,0.079569995
INDOTHAI,INDO THAI SEC LTD,Financial Services,Capital Markets,62.79999923706055,466.3500061035156,62.79999923706055,11.629629,,2.8393164,0.6389906043956044,0.28285998,0.21982001,8.366,0.182,0.286,0.431,0.63748,0.74948996,0.95878,0.0,0.3,8077222301.872108,1.952,1.941,-353718000.0,11.316,22.118,,,,,,271.7043997383118,189.71219917297364,-62.46937276647688,1.469,9.57912091088738,7293220864.0,5.4,,0.59164,0.0
HUBTOWN,HUBTOWN LIMITED,Real Estate,Real Estate - Development,198.80999755859375,365.7000122070313,168.14999389648438,30.49233,13.433107,1.071937,,0.0637,0.01596,44.93,-0.697,-0.686,-0.17,0.15388,0.17556,0.55156,0.22910999,0.0,28251031205.07457,1.958,0.24,-1078693504.0,23.246,185.468,,,,,,222.377600479126,197.053798828125,-40.653732072061565,0.627,24.746,34681987072.0,6.52,14.8,0.49728,0.03178
ORIENTCEM,ORIENT CEMENT LTD.,Basic Materials,Building Materials,130.86000061035156,244.3699951171875,122.31999969482422,12.829412,11.529515,1.2529322,,0.17082001,0.06626,3.377,-0.624,-0.625,-0.303,0.08284,0.16722,0.35519,0.20594999,0.39,26886479997.402756,1.947,1.377,-817259008.0,0.902,104.443,208.0,260.0,156.0,3.5,2.0,150.54305004119874,135.8159994506836,-45.39308924067531,0.095,5.206,27140114432.0,10.2,11.35,0.74814004,0.020580001
ADFFOODS,ADF FOODS LIMITED,Consumer Defensive,Packaged Foods,267.3500061035156,346.95001220703125,153.10000610351562,31.94146,,5.135618,2.4570353846153847,0.16894,0.099020004,9.628,0.13,0.134,0.259,0.12815,0.14308,0.59547,0.17785,0.46,29372031646.55414,3.843,2.009,-306153888.0,7.799,52.058,261.0,261.0,261.0,,1.0,236.63829978942871,292.8160003662109,15.620815224395557,0.574,22.424,28620908544.0,8.37,,0.56565,0.20968
SUNCLAY,SUNDARAM CLAYTON LIMITED,Industrials,Metal Fabrication,1275.9000244140625,1942.0,1112.800048828125,11.215717,,2.1714306,0.0608557623440043,0.22271,-0.01805,100.167,1.843,1.97,0.148,0.11891,-0.06064,0.46662998,0.0519,0.35,28128698906.23638,0.881,0.424,-2379450112.0,24.548,587.585,,,,,,1317.760498657227,1320.1280004882813,-25.259209029270345,0.729,37.158,40677736448.0,113.76,,0.64511,0.2005
POLYPLEX,POLYPLEX CORPORATION LTD,Basic Materials,Specialty Chemicals,1170.9000244140625,1264.0,740.0,23.678463,,0.8669378,0.1626268063186813,0.00617,-0.00103,13.292,1.456,1.453,0.296,0.02043,0.10727999,0.31735,0.07093,0.17,36757435134.41754,2.594,1.361,-3356679936.0,337.334,1350.616,,,,,,911.259252319336,1065.6630029296875,10.7024750371566,0.272,11.782,63517036544.0,49.45,,0.56415004,0.05762
PRINCEPIPE,PRINCE PIPES FITTINGS LTD,Industrials,Building Products & Equipment,283.1000061035156,358.0,205.0,30.704988,18.850887,1.9050119,0.0517616115981119,0.04671,0.02649,8.838,5.932,6.0,0.05,0.03886,0.06914,0.2902,0.1039,0.18,31305835170.94048,1.964,0.961,2803868672.0,25.046,148.608,327.73334,390.0,260.0,1.73333,15.0,262.66719993591306,274.24799743652346,-13.794150010626328,0.661,10.981,29974544384.0,9.22,15.01786,0.60629004,0.20633
VENUSPIPES,VENUS PIPES & TUBES LTD,Basic Materials,Steel,1540.9000244140625,1875.0,890.0,30.787214,18.156715,4.747205,5.5976752727272725,0.16994,0.090450004,42.948,0.055,0.066,0.16,0.085559994,0.1382,0.34553,0.16235,0.06,31921455609.764423,1.424,0.558,-1483384960.0,14.363,324.591,1972.3334,2350.0,1592.0,1.0,6.0,1316.3664999389648,1657.800009765625,16.39096578278567,0.084,17.632,34664902656.0,50.05,84.86667,0.51736,0.16545999
FUSION,FUSION FINANCE LIMITED,Financial Services,Credit Services,203.32000732421875,243.0,136.5,16.543531,6.921532,1.338803,,0.00676,0.0016699999,227.507,,,1.281,0.19635001,0.23219,1.0,0.0,0.0,32880168096.445873,2.327,2.289,11280100000.0,118.232,151.867,236.875,260.0,200.0,1.75,8.0,181.54280029296876,206.1288006591797,26.317096696978524,1.038,,67816472576.0,12.29,29.375,0.54153997,0.15873
NSIL,NALWA SONS INVESTMENT LTD,Financial Services,Asset Management,5631.0,8730.0,4700.0,52.06176,,0.19046833,0.51,0.0035499998,0.0027200002,0.019,0.035,0.034,-0.073,0.56264997,0.98293,0.84388,0.80928004,0.0,28921733120.0,2990.433,2926.454,849960512.0,32674.299,29563.97,,,,,,5897.296994628906,5531.76,-17.524716221164404,0.207,-174.319,-138863132672.0,108.16,,0.70416,0.04535
ROSSARI,ROSSARI BIOTECH LIMITED,Basic Materials,Specialty Chemicals,511.7000122070313,690.2999877929688,375.0,18.81942,15.229168,2.1254504,4.182093333333333,0.11848,0.056739997,32.695,0.045,0.045,0.282,0.059109997,0.078889996,0.29528,0.10487001,0.1,28345170596.19772,1.565,0.852,-2391633664.0,20.73,240.749,610.5,637.0,570.0,1.5,4.0,525.4135008239746,517.3480010986328,-20.617432270006052,0.553,11.479,30695284736.0,27.19,33.6,0.6814,0.18384
STEELCAS,STEELCAST LIMITED,Basic Materials,Steel,358.70001220703125,363.6499938964844,176.02000427246094,39.988853,,9.18966,2.09365722513089,0.24098,0.14911,0.0,0.191,0.193,0.17,0.20549999,0.22996001,0.77219003,0.26948,0.5,36300440787.35155,5.073,4.056,326298752.0,9.661,39.033,,,,,,257.3648497009277,314.4410003662109,63.83484434418432,0.075,29.588,35186176000.0,8.97,,0.5822,0.01444
NIITMTS,NIIT LEARNING SYSTEMS LTD,Consumer Defensive,Education & Training Services,231.4600067138672,443.8999938964844,203.3000030517578,12.68274,10.740604,2.062078,0.7549250000000001,0.17998,0.06926,20.621,0.168,0.164,0.252,0.12385,0.12652001,0.5488,0.18344,1.38,31898534813.267952,1.726,1.169,1824568704.0,64.496,112.246,330.0,330.0,330.0,1.0,2.0,310.4675496673584,236.52699981689457,-30.845533829650464,0.234,7.083,26840537088.0,18.25,21.55,0.47271,0.22764999
KERNEX,KERNEX MICROSYS(I) LTD,Technology,Software - Application,1837.0,2580.0,850.0,16.166506,,12.419631,0.0117805917073526,0.43605998,0.15463,65.52,13.723,13.715,8.004,0.21725,0.31947002,0.45918998,0.3402,0.0,30868252672.0,1.313,0.639,-1315352064.0,16.069,147.911,,,,,,1465.2242498779297,2161.403996582031,73.36731241279766,0.038,11.0,32851169280.0,113.63,,0.36810002,0.00041
ZAGGLE,ZAGGLE PREPA OCEAN SER L,Technology,Software - Infrastructure,197.55999755859375,413.7000122070313,154.36000061035156,19.274147,11.951603,2.0329704,0.8800980365296804,0.104490004,0.28468,3.884,0.219,0.305,0.499,0.07238,0.32029998,0.41162997,0.36181998,0.0,26616002231.08486,8.719,6.604,7349657600.0,37.77,97.178,365.0,380.0,350.0,1.0,2.0,262.11394996643065,204.78700042724608,-50.64701384383507,0.603,3.501,24164382720.0,10.25,16.53,0.52069,0.061929997
BUILDPRO,SHANKARA BUILDPRO LIMITED,Consumer Cyclical,Home Improvement Retail,1263.0999755859375,1380.0,636.0,23.347506,,5.6134787,0.5639494202898551,0.25518999,0.09613,11.14,0.414,0.414,0.279,0.01871,0.03432,0.05342,0.03359,0.39,30629322159.97546,1.456,0.949,640737472.0,25.91,225.012,,,,,,1047.1437912485958,1170.987999267578,55.4488947832912,1.5215,13.457,30851491840.0,54.1,,0.45681998,0.13582
63MOONS,63 MOONS TECHNOLOGIES LTD,Technology,Software - Application,770.7999877929688,1007.7000122070312,467.0,22.14,,1.0004724,0.2122722914669223,-0.0152,-0.05193,0.149,1.043,1.046,3.505,-0.20482,-0.58952,0.07594,-0.92599,0.15,35517332941.51791,11.277,9.925,-2795436032.0,424.392,770.436,,,,,,686.7097525024415,738.5260021972656,-21.642779482781503,0.688,-6.049,17828290560.0,-14.12,,0.58129,0.01465
ELPROINTL,ELPRO INTERNATIONAL LTD,Consumer Discretionary,"Residential, Commercial Projects",176.44000244140625,180.88999938964844,102.0,34.12766,,1.4717929,1.0610667737938364,0.0172,0.024150417735678,59.54004228533887,0.3216353658684157,-13.473180985963246,0.3534196144717372,0.0921,0.2681111631803916,0.3954841733054999,0.419948782762228,0.0,29902899613.76743,0.5879897710990568,0.5867630467925674,-529099000.0,2.3951326632370606,119.881,,,,,,164.09244271211847,174.28220092773438,67.479833884144,,18.750169617769377,41586526200.0,5.16,,,
NOCIL,NOCIL LIMITED,Basic Materials,Specialty Chemicals,161.66000366210938,204.5,125.30999755859376,41.030457,22.145205,1.5225806,0.6704323039215686,0.03147,0.01377,0.453,0.612,0.608,0.199,0.04828,0.07814,0.41573003,0.07841,0.93,27001250403.663555,4.307,3.458,801112512.0,20.282,106.175,193.5,218.0,170.0,2.16667,6.0,161.04405014038085,169.61560089111327,-12.14607440461406,0.106,22.046,23679016960.0,3.94,7.3,0.41871,0.10012
PARAGMILK,PARAG MILK FOODS LTD.,Consumer Defensive,Packaged Foods,207.94000244140625,376.9500122070313,177.83999633789062,20.567755,13.077988,2.0646174,,0.118360005,0.069409996,48.262,-0.21,-0.201,0.109,0.03312,0.054190002,0.26721,0.081,0.48,26306185524.858734,1.713,0.408,1308287488.0,1.458,100.716,275.0,300.0,250.0,1.0,2.0,244.66185035705567,224.23399963378907,-14.78916383986494,0.541,10.124,32069410816.0,10.11,15.9,0.54715997,0.05499
GATEWAY,GATEWAY DISTRIPARKS LTD,Industrials,Integrated Freight & Logistics,55.099998474121094,70.5,48.099998474121094,11.244898,10.2084675,1.1934674,,0.10375,0.0586,25.362,-0.183,-0.189,-0.002,0.11048,0.1426,0.84352,0.22299999,3.67,27530374405.604015,1.074,0.928,2680641536.0,2.373,46.168,80.2,94.0,67.0,1.0,5.0,58.05700008392334,58.30219993591309,-19.95932393187363,0.211,7.087,34938454016.0,4.9,5.39748,0.33947,0.34837002
SETL,STANDARD ENGNG TCNLGY LTD,Industrials,Specialty Industrial Machinery,304.95001220703125,315.6000061035156,104.55999755859376,71.41686,,7.731018,2.7788661478599224,0.10995,0.058179997,10.365,0.257,0.262,0.431,0.10077,0.13994001,0.32594,0.15326999,0.0,61578987936.98312,2.397,1.069,-777970240.0,9.952,39.445,,,,,,169.6217999267578,262.05419982910155,66.81254651255577,1.4849,46.688,60731797504.0,4.27,,0.79924005,0.00321
INA,INSOLATION ENERGY LIMITED,Technology,Solar,93.41999816894533,161.80999755859375,79.75,10.265933,,2.5585408,,0.28151,0.10463,109.826,-0.117,-0.138,1.047,0.07695,0.07458,0.187,0.11686,0.0,20594380396.34513,1.859,1.058,-6669769216.0,24.333,36.513,,,,,,117.30478250254755,112.4452000427246,-3.501703827227831,0.407,8.019,23659220992.0,9.1,,0.67634004,0.00513
MEDIASSIST,MEDI ASSIST HEALTH SER L,Healthcare,Healthcare Plans,355.8999938964844,575.5499877929688,293.0,28.112164,19.662983,3.0932226,1.6156416091954025,0.12717,0.04815,6.382,0.174,0.236,0.241,0.098000005,0.110640004,0.5609,0.19535999,0.57,26586383928.056164,1.337,1.201,958507520.0,32.041,115.058,506.66666,540.0,480.0,1.0,3.0,391.14724868774414,358.88,-34.098694205892535,1.097,13.132,24390076416.0,12.66,18.1,0.13621001,0.62804
NITINSPIN,NITIN SPINNERS LIMITED,Consumer Cyclical,Textile Manufacturing,586.0499877929688,617.5499877929688,302.20001220703125,15.545093,11.178827,2.240989,0.1857239307048984,0.12764,0.06743,76.458,0.837,0.836,0.103,0.06428,0.13479,0.29306,0.15066,0.51,32947729745.72072,1.528,0.587,252873632.0,1.538,261.514,799.75,987.0,700.0,1.0,4.0,423.7592504882812,554.922001953125,64.69017219083275,0.354,8.854,43960598528.0,37.7,52.425,0.56836,0.15115
DALMIASUG,DALMIA BHARAT SUG IN LTD,Consumer Defensive,Confectioners,508.1000061035156,517.0,261.3999938964844,20.234966,10.903434,1.2799746,,0.07285,0.03482,55.74,-0.821,-0.799,-0.1,0.0582,0.01048,0.26405,0.107259996,1.26,41125261806.01431,1.581,0.402,-372675008.0,47.764,396.961,560.0,560.0,560.0,1.0,1.0,333.95425079345705,371.22600036621094,38.29613896147035,-0.007,15.024,56810430464.0,25.11,46.6,0.83413005,0.00322
ARVSMART,ARVIND SMARTSPACES LTD,Real Estate,Real Estate - Development,659.0999755859375,693.7999877929688,486.7999877929687,16.358896,18.91791,4.4615474,0.0204179930104842,0.121350005,0.029040001,65.077,8.012,7.853,2.121,0.23626,0.47741002,0.70828,0.3646,0.34,30230924192.20073,1.208,0.142,-442997248.0,65.133,147.729,832.8,850.0,819.0,1.0,5.0,587.2134986877442,613.3280004882813,6.092551402162982,0.293,12.462,35436240896.0,40.29,34.84,0.6792,0.07868
ANTELOPUS,ANTELOPUS SELAN ENRGY LTD,Energy,Oil & Gas E&P,796.6500244140625,933.6500244140624,357.0,21.232676,,4.2736216,0.1336228823159219,0.14705,0.09304,0.542,1.589,1.576,0.653,0.32132,0.47985,0.82164,0.5687,0.0,28012096346.456097,2.755,2.04,-1168062464.0,19.564,186.411,,,,,,628.2497482299805,819.6370007324218,41.513457170169744,-0.2512,17.288,27418853376.0,37.52,,0.71898,0.00166
JUBLCPL,JUBILANT AGRI N CON PRO L,Basic Materials,Specialty Chemicals,2284.0,3013.39990234375,1460.0,26.988066,,7.525114,6.42573,0.32558998,0.13333,11.135,0.042,0.045,0.184,0.06583,0.120459996,0.43076,0.09949,0.0,34608295936.0,1.63,0.986,139020000.0,3.771,303.517,,,,,,1994.518999633789,1988.792001953125,-15.750645518258944,1.2576,18.088,35492077568.0,84.63,,0.7679,0.0
JTLIND,JTL INDUSTRIES LIMITED,Basic Materials,Steel,74.61000061035156,87.19999694824219,40.25,24.067743,13.323215,1.7990885,0.1680708310055866,0.07521,0.050100002,16.038,1.432,0.994,0.327,0.04956,0.06791,0.15633,0.08094,0.17,29327821039.91799,3.221,1.177,-2237622016.0,1.231,41.471,113.66667,131.0,89.0,1.33333,3.0,67.6449499130249,76.7931997680664,2.655476468178186,0.904,15.191,28453744640.0,3.1,5.6,0.58601004,0.00316
UNIPARTS,UNIPARTS INDIA LIMITED,Industrials,Farm & Heavy Construction Machinery,810.1500244140625,839.0,391.7999877929687,20.289257,,4.201456,0.3190134748427672,0.18014,0.104090005,17.771,0.636,0.643,0.269,0.14505,0.20195,0.6692,0.22495002,2.96,36542071885.20397,3.081,1.392,1194123776.0,55.426,192.826,,,,,,551.5142515563965,712.3659997558593,91.4343102659774,0.64,12.885,36061831168.0,39.93,,0.65906996,0.03777
KIRIINDUS,KIRI INDUSTRIES LIMITED,Basic Materials,Specialty Chemicals,461.2999877929687,779.0,333.79998779296875,0.4886497,,0.438481,0.0001982271307452,1.14879,-0.02846,0.649,24.651,27.636,0.545,6.15509,0.01268,0.24689,-0.19840999,0.0,30061997284.4922,8.722,7.825,-5222376960.0,635.816,1052.041,,,,,,453.40600082397464,403.61099914550783,-12.682188443709762,-0.173,6.747,-12716274688.0,944.03,,0.41714,0.16158001
KKCL,KEWAL KIRAN CLOTHING LTD,Consumer Cyclical,Apparel Manufacturing,518.5999755859375,595.0,408.3500061035156,21.626354,14.774929,3.7950134,,0.14948,0.0842,13.649200208872832,-0.0178571428571429,0.2601626016260163,0.2094199068580033,0.11838,0.09177,0.42422,0.20117001,0.77,31958817311.47898,3.268,2.256,705025472.0,28.52242958783815,136.653,714.0,820.0,608.0,1.0,2.0,484.15374923706054,503.8449975585938,0.8262856424088527,0.206,12.036673223475434,31481918816.0,23.98,35.1,0.74291,0.08307
EFCIL,EFC (I) LIMITED,Real Estate,Real Estate Services,190.66000366210935,357.0,171.4199981689453,10.407206,7.035424,3.239377,3.469068666666667,0.33648998,0.09947,172.783,0.03,1.005,0.288,0.23377001,0.35445,0.59294,0.47247002,0.0,28207415837.795036,1.178,0.548,1350362112.0,6.18,58.857,275.0,275.0,275.0,1.0,1.0,226.16329627990723,189.796201171875,-44.71219362400769,0.827,7.63,39653769216.0,18.32,27.1,0.59935004,0.08535
MONARCH,MONARCH NETWORTH CAP LTD,Financial Services,Capital Markets,391.8500061035156,406.9500122070313,235.4499969482422,17.186405,,3.1960623,,0.20495,0.12906,3.83,-0.002,-0.002,-0.083,0.50529,0.62637,0.92143995,0.0,0.26,31076973028.059685,2.211,2.191,1058886000.0,89.399,122.604,,,,,,314.54194961547853,364.61200134277345,14.009308171767175,0.227,11.09208243639969,23815727104.0,22.8,,0.70427,0.012130001
PRAKASH,PRAKASH INDUSTRIES LTD,Basic Materials,Steel,129.4499969482422,177.0,110.23999786376952,7.4098454,3.9953701,0.646029,,0.09646,0.046729997,14.363,-0.22,-0.22,-0.005,0.09011,0.10125,0.4133,0.15198,1.14,23182142941.485615,1.705,0.568,-2511899904.0,10.915,200.378,,,,,,135.11985034942626,132.35659988403322,-20.922419449298456,0.471,5.063,26725662720.0,17.47,32.4,0.35262,0.0217
TATVA,TATVA CHIN PHARM CHEM LTD,Basic Materials,Specialty Chemicals,1638.4000244140625,1838.0999755859375,976.4000244140624,74.74453,40.091354,4.904905,0.531989537366548,0.0615,0.041899224265563,15.398,1.405,1.403,0.429,0.09241,0.13008,0.56571,0.19622,0.06,38325547579.09515,1.6398620592582167,0.7199099162502639,-822850000.0,3.757,334.033,1442.5,1955.0,835.0,2.75,4.0,1329.8479974365234,1475.407998046875,48.32519107606983,0.307,36.359,39671443456.0,21.92,40.86667,0.74157995,0.05824
DIAMONDYD,PRATAAP SNACKS LIMITED,Consumer Defensive,Packaged Foods,1175.0,1245.0,858.9000244140625,243.27122,43.76164,3.978277,,0.01398,0.00987,6.454,,,0.049,0.00563,0.00884,0.28826,0.04743,0.04,28117698560.0,1.939,0.737,597051648.0,18.07,295.354,1190.0,1350.0,1030.0,2.0,2.0,1082.7085028076172,1158.5759936523436,27.41270705342562,0.079,34.176,27958284288.0,4.83,26.85,0.26417,0.53220004
BOMDYEING,BOMBAY DYEING & MFG. CO L,Consumer Cyclical,Textile Manufacturing,112.5999984741211,195.4499969482422,92.0,116.082466,,1.0178899,,0.01169,-0.01871,0.139,-0.493,-0.487,0.087,0.01352,-0.02271,0.2944,-0.02891,0.36,23255828164.852768,2.594,1.507,-679937472.0,44.817,110.621,,,,,,123.63820022583008,124.68840042114256,-32.82424427026173,0.325,-31.408,13557899264.0,0.97,,0.56,0.0083099995
BOROLTD,BOROSIL LIMITED,Consumer Cyclical,"Furnishings, Fixtures & Appliances",257.82000732421875,397.9500122070313,213.72999572753903,41.2512,30.154387,3.4586287,,0.088120006,0.04243,16.696,-0.054,-0.05,0.052,0.06243,0.03229,0.60435003,0.14107999,0.0,30832085867.886024,2.209,0.665,-378310016.0,5.832,74.544,257.5,265.0,250.0,,2.0,256.68049987792966,237.68339996337892,-23.472837045097627,0.074,17.288,29169469440.0,6.25,8.55,0.67859,0.03657
WINDMACHIN,WINDSOR MACHINES LIMITED,Industrials,Specialty Industrial Machinery,320.5,345.45001220703125,200.6499938964844,260.5691,,3.7024627,,0.00105,0.0069,17.494,-0.9134261568114732,,0.314,0.01695,0.00824,0.28319,0.050329998,0.0,33158742016.0,2.291,0.282,-4103594496.0,3.721,86.564,,,,,,277.85534950256346,304.35499755859377,-3.36197621036729,0.924,95.498,29128814592.0,1.23,,0.79976,0.014889999
PATELENG,PATEL ENGINEERING LTD.,Industrials,Engineering & Construction,28.13999938964844,42.77000045776367,22.0,9.604095,6.7000003,0.6583072,1.26,0.0655,0.03798,27.377,0.08,0.217,0.038,0.05567,0.11958,0.26361,0.13594,0.0,26875041209.08515,1.449,0.306,11689384960.0,5.473,42.746,33.0,33.0,33.0,,1.0,29.068121004104615,30.268799819946288,-27.58620960455549,0.541,4.946,34623287296.0,2.93,4.2,0.35637,0.023039998
VINDHYATEL,VINDHYA TELELINKS LTD,Industrials,Engineering & Construction,2436.0,2600.0,963.9000244140624,12.3273115,,0.67945355,0.98,0.05311,0.01561,34.118,0.765,0.291,-0.208,0.06878,0.10774,0.17658001,0.07044,0.25,28868702208.0,1.429,0.896,-2390611456.0,10.585,3585.234,,,,,,1571.696246337891,2127.6819897460937,55.04073801575136,0.878,17.982,43124121600.0,197.61,,0.5869,0.0908
EUROPRATIK,EURO PRATIK SALES LIMITED,Basic Materials,Building Materials,265.75,390.0,205.1000061035156,31.561758,,8.781641,0.3368383991462113,0.27798998,0.19920999,7.636,0.937,0.938,0.601,0.23056999,0.24209,0.45129,0.31704,0.15,27159650304.0,4.757,2.1,-92872752.0,3.196,30.262,,,,,,278.84549964904784,296.0709991455078,6.993314588822397,1.0116,23.109,27383687168.0,8.42,,0.87461996,0.00978
AUTOAXLES,AUTOMOTIVE AXLES LIMITED,Consumer Cyclical,Auto Parts,1754.199951171875,2115.0,1540.199951171875,15.219503,12.702389,2.4126444,0.551431268115942,0.158,0.087390006,1.28,0.276,0.276,0.056,0.07902,0.09936,0.31961,0.112270005,1.82,26509425950.11059,2.959,2.199,666702528.0,289.439,727.086,2210.0,2210.0,2210.0,1.0,1.0,1809.7164965820311,1798.9419946289063,1.5573381336960068,0.555,9.032,22359222272.0,115.26,138.1,0.71309996,0.1585
XPROINDIA,XPRO INDIA LIMITED,Basic Materials,Specialty Chemicals,1121.0999755859375,1574.800048828125,788.0499877929688,79.11785,,3.463531,0.8507295698924732,0.02777,0.020060001,40.676,0.93,0.972,0.204,0.06105,0.05645,0.29977,0.08238,0.18,26312656322.992374,4.122,3.249,-1380706816.0,126.756,323.687,,,,,,1083.972498474121,1310.8919946289063,0.0892777450045789,-0.498,60.436,26637105152.0,14.17,,0.50821,0.12531
EASEMYTRIP,EASY TRIP PLANNERS LTD,Consumer Cyclical,Travel Services,6.090000152587891,10.600000381469728,5.769999980926514,,,2.5805087,,-0.061139997,0.01406,4.35,-1.3673659499944106,-1.884259861997136,0.089,-0.07362,-0.09024999,0.54915,0.07943,0.0,22148436522.93976,2.484,1.709,-925778752.0,0.576,2.36,,,,,,7.3548499917984,6.968199996948242,-36.956519163720415,0.446,47.635,20268720128.0,-0.11,,0.55248,0.02095
SIYSIL,SIYARAM SILK MILLS LTD,Consumer Cyclical,Textile Manufacturing,647.5499877929688,848.7999877929688,433.3500061035156,12.388559,5.7427278,2.0121434,0.0896422503617945,0.16834,0.081829995,24.131,1.382,1.373,0.144,0.09026,8.9999994e-05,0.50925,0.12417,2.69,29379399126.165936,2.418,1.481,-297407008.0,47.091,321.821,,,,,,604.6984977722168,630.5639978027343,4.074248648118406,0.333,9.221,30097076224.0,52.27,112.76,0.69328004,0.02898
VSSL,VARDHMAN SPC STEEL LTD,Basic Materials,Steel,356.0,375.9500122070313,206.3999938964844,23.796791,15.964126,2.821344,0.317714165554072,0.1176,0.07943,7.281,0.749,1.07,0.121,0.07932,0.12081,0.31256,0.13123,0.84,34420101120.0,2.896,1.489,-1679057280.0,22.069,126.181,,,,,,275.1475504302978,301.68999938964845,38.06476306891433,0.463,14.117,33470736384.0,14.92,22.3,0.77966005,0.042729996
SOLARA,SOLARA ACTIVE PHA SCI LTD,Healthcare,Drug Manufacturers - Specialty & Generic,640.0,712.0,422.0,615.65,20.382166,2.2290485,14.284222737819023,-0.0063,0.02384,54.682,0.431,0.55,0.196,-0.00113,0.0924,0.48689997,0.13262,0.0,30878887936.0,0.96,0.558,241000000.0,11.512,287.118,,,,,,527.8742512512207,550.855,1.5631159572034203,0.889,16.776,31845591040.0,-0.61,31.4,0.52242,0.16673
DDEVPLSTIK,DDEV PLASTIKS IND LTD,Basic Materials,Specialty Chemicals,276.5,360.0,185.1499938964844,14.179487,8.640625,2.8227823,0.6387156306306306,0.21841,0.12937,5.608,0.222,0.223,0.286,0.067379996,0.087349996,0.17569,0.096379995,0.62,28611297280.0,2.696,1.542,-610398976.0,5.667,97.953,320.0,320.0,320.0,1.0,1.0,268.9774503326416,277.85020141601564,-14.765719728024784,-0.045,9.497,28999129088.0,19.5,32.0,0.82163,0.00057
GIPCL,GUJ IND POW CO. LTD,Utilities,Utilities - Regulated Electric,170.17999267578125,202.0500030517578,119.9000015258789,5.2524686,11.122875,0.6877599,0.0300312670097198,0.1494,0.0426911769047751,93.592,1.749,1.748,0.344,0.30135,0.30091,0.47987998,0.38563,2.38,26414646159.164555,0.634879000110962,0.4729945790234534,-16697682000.0,16.914,247.441,385.0,385.0,385.0,,1.0,153.34679988861083,163.18939910888673,-11.221247582904049,1.3853,10.977,60013805568.0,32.4,15.3,0.65431,0.04918
RAMCOIND,RAMCO INDUSTRIES LIMITED,Industrials,Building Products & Equipment,354.0,398.0499877929687,230.6499938964844,9.375,30.729166,0.67983186,0.2938871473354232,0.06996,0.02496,3.792,0.319,0.319,0.173,0.17376,0.16131,0.435,0.14756,0.37,30741911552.0,2.553,0.682,1344680448.0,15.775,520.717,,,,,,306.2000513458252,337.36300170898437,20.020337463664983,0.34,10.746,29862246400.0,37.76,11.52,0.63853,0.0328
SANGAMIND,SANGAM (INDIA) LTD,Consumer Cyclical,Textile Manufacturing,578.0499877929688,672.5,341.54998779296875,23.916012,,2.6986713,0.0129773791307178,0.07931,0.04493,118.739,18.429,18.258,0.089,0.036760002,0.092650004,0.31488,0.112449996,0.35,28503653798.071102,1.112,0.644,-655862528.0,35.833,214.198,,,,,,494.6847491455078,580.5639978027343,58.717728835322866,0.525,10.752,39958704128.0,24.17,,0.79936,0.12759
IMAGICAA,IMAGICAAWORLD ENT LTD,Communication Services,Entertainment,47.45000076293945,61.900001525878906,36.84000015258789,189.8,27.911764,1.5017724,5.549707602339181,0.00051,0.00617,27.313,0.342,0.299,0.199,0.03446,0.36751997,0.89585996,0.33897,0.0,26850718127.727543,0.513,0.185,-369455744.0,0.48,31.596,64.0,64.0,64.0,1.0,1.0,46.745349941253664,47.197200012207034,-19.69876351259182,0.232,22.337,30541324288.0,0.25,1.7,0.78102994,0.00098
SUNDROP,SUNDROP BRANDS LIMITED,Consumer Defensive,Packaged Foods,652.3499755859375,897.5999755859375,556.0,88.03644,30.917059,1.6651776,6.333556834532373,0.0138,0.0090499995,0.909041718521725,0.139,0.141,0.005,0.01741,0.06032,0.35736,0.04255,0.0,24591539303.666744,1.848,0.682,150855008.0,8.613,391.76,950.0,950.0,950.0,1.0,1.0,669.0449993896484,657.0449963378907,-21.771200804999445,0.449,35.39,24176369664.0,7.41,21.1,0.76959,0.051599998
JASH,JASH ENGINEERING LIMITED,Industrials,Specialty Industrial Machinery,481.5,572.8499755859375,327.1000061035156,35.326485,22.036613,5.8367877,0.6080290017211705,0.15712,0.063319996,19.563,0.581,0.569,0.175,0.11356,0.01656,0.57589,0.15098,0.37,30288816128.0,2.045,1.35,229771376.0,17.79,82.494,600.5,636.0,565.0,1.0,2.0,436.92399978637695,507.61899841308593,-8.005353928091397,-0.145,25.452,29144745984.0,13.63,21.85,0.52669,0.028789999
PANACEABIO,PANACEA BIOTEC LTD,Healthcare,Biotechnology,413.6499938964844,647.0,292.3999938964844,,,3.2206452,,-0.0944,-0.0042545774341015,2.786,-0.122,-0.119,0.01,-0.01285,0.019919999,0.57697,-0.04828,0.0,25336368778.155144,1.4713777675805897,0.918463921073764,-374100000.0,13.861,128.437,,,,,,401.7427493286133,488.255,0.5346899074452072,0.135,-65.866,19255169024.0,-1.17,,0.72652,0.0012899999
GKENERGY,GK ENERGY LIMITED,Utilities,Utilities - Renewable,123.98999786376952,239.6000061035156,87.19999694824219,10.323896,,2.8345106,0.3018683040935672,0.37255,0.20211,23.151,0.342,0.599,0.555,0.11955,0.16112,0.30363,0.17634001,0.41,25147311694.73559,2.946,2.568,-612641280.0,21.849,43.743,,,,,,135.02884994506837,138.10719924926758,-26.082035409959182,2.087,6.701,22400790528.0,12.01,,0.82215,0.03392
PROTEAN,PROTEAN EGOV TECHNO LTD,Technology,Information Technology Services,548.1500244140625,945.5,444.0,27.002466,17.550163,2.063709,,0.09689999,0.03092,8.121,-0.756,-0.754,0.19,0.07959,-0.02036,0.23006001,0.109960005,1.83,22266508255.72836,1.996,1.735,-124537504.0,79.94,265.614,805.0,960.0,630.0,2.0,3.0,633.5677514648437,591.9630029296875,-37.44008025823402,0.292,17.375,19828758528.0,20.3,31.23333,0.23921,0.08731
GLOBUSSPR,GLOBUS SPIRITS LTD,Consumer Defensive,Beverages - Wineries & Distilleries,905.0999755859376,1264.5,800.0499877929688,10.416618,19.339743,2.3725953,0.2138935934291581,0.106,0.0408210362258594,48.422,0.487,0.503,0.127,0.03592,0.06479,0.34212002,0.09922,0.31,28475614463.902058,1.005857671513335,0.6594361625592671,763541000.0,24.297,381.481,1425.0,1425.0,1425.0,1.0,1.0,951.245500793457,895.0609973144532,-24.794351841633777,0.421,11.115,30869901312.0,86.9,46.8,0.51522,0.09257
RML,RANE (MADRAS) LIMITED,Consumer Cyclical,Auto Parts,1078.199951171875,1323.9000244140625,608.5,25.138725,,3.9701445,0.4022196,0.15123,0.05207,100.193,0.625,0.624,0.183,0.029590001,0.04559,0.38412,0.08566,1.48,29798357690.530514,0.916,0.553,1110525056.0,16.709,271.577,,,,,,883.1927502441406,1130.6050024414062,23.874071797929886,0.484,10.709,36914700288.0,42.89,,0.70791,0.00055
YASHO,YASHO INDUSTRIES LIMITED,Basic Materials,Specialty Chemicals,4284.2001953125,4994.0,1130.0,89.55268,,11.634103,0.1006096843051342,0.05849,0.04913,125.684,8.901,8.892,0.549,0.0614,0.19155,0.39133,0.18096,0.01,51655010610.90145,1.37,0.518,-280322368.0,2.916,368.245,,,,,,2014.7684942626952,3356.6039892578124,147.2129368328044,0.395,34.981,59449020416.0,47.84,,0.75271004,0.04982
FISCHER,FISCHER MEDICAL VENTURE L,Healthcare,Medical Devices,38.95000076293945,124.6999969482422,31.049999237060547,86.55556,,6.5407224,0.0350705133669892,0.08625,0.04439,27.698,24.680437122278335,,0.987,0.101239994,0.00079,0.36615002,0.1321,0.01,25582965237.110477,1.603,1.217,-1025777000.0,0.388,5.955,,,,,,40.78344997406006,37.89359977722168,-62.41254449897278,0.078,63.315,25808670720.0,0.45,,0.739,0.02458
APCOTEXIND,APCOTEX INDUSTRIES LIMITE,Basic Materials,Specialty Chemicals,613.6500244140625,712.0,310.45001220703125,19.750565,21.916073,5.123228,0.0633843549422336,0.17274,0.08202,15.522,3.116,3.12,0.399,0.101289995,0.19784,0.32806,0.16156,1.29,31814661361.746105,1.657,1.087,1081131648.0,10.471,119.778,700.0,700.0,700.0,1.0,1.0,437.62174926757814,560.7169964599609,54.37736463246856,0.212,12.672,32577902592.0,31.07,28.0,0.62019,0.01821
POKARNA,POKARNA LIMITED,Industrials,Building Products & Equipment,889.5499877929688,1146.199951171875,692.5999755859375,29.09879,,3.218273,0.5762136633663366,0.09861,0.05026,53.459,0.505,0.506,0.108,0.1603,0.29667,0.70415,0.30256,0.07,27579606661.533222,1.324,0.621,-1382016000.0,4.389,276.406,,,,,,898.1232504272461,975.3530004882812,-5.572952675579012,0.347,18.089,32406128640.0,30.57,,0.64752,0.12904
DIVGIITTS,DIVGI TORQTRANSFER SYST L,Consumer Cyclical,Auto Parts,1263.449951171875,1318.800048828125,573.7000122070312,61.154404,38.05572,6.083052,0.3350926246575342,0.07616,0.03662,0.279,1.825,1.827,0.913,0.15116,0.21290001,0.61396,0.22354999,0.26,38639995434.6931,5.042,4.186,-24967500.0,96.268,207.7,983.0,983.0,983.0,1.0,1.0,747.3299975585937,984.078992919922,85.78780587472252,0.406,38.331,35847229440.0,20.66,33.2,0.63254,0.2624
PARKHOTELS,PARKHOTELS,Consumer Cyclical,Lodging,116.4000015258789,164.10000610351562,95.0999984741211,37.79221,17.72588,1.8396182,,0.049250003,0.048189998,27.784,-0.549,-0.553,0.036,0.09291001,0.18372,0.64659,0.30825,0.41,24836761925.583252,1.228,0.554,-955062528.0,4.78,63.274,155.0,156.0,154.0,1.66667,2.0,124.54629989624024,122.31899993896484,-23.89172246124842,0.876,12.697,27682113536.0,3.08,6.56667,0.72313005,0.08648
TIRUMALCHM,THIRUMALAI CHEMICALS LTD,Basic Materials,Specialty Chemicals,156.41000366210938,328.79998779296875,143.5,,,1.2063088,,-0.123500004,-0.01566,139.084,,,0.215,-0.08276,0.01752,0.21333,0.02309,0.0,18855659961.477448,0.614,0.22,-4259474944.0,5.626,129.66,,,,,,198.3110994720459,168.0979995727539,-47.42520885307248,0.238,90.924,38467727360.0,-12.67,,0.42064998,0.07944
GANECOS,GANESHA ECOSPHERE LIMITED,Consumer Cyclical,Textile Manufacturing,1095.5,1402.800048828125,653.5499877929688,51.91943,16.407887,2.2964387,0.3222807572936064,0.0315,0.02441,38.851,1.611,1.7,0.257,0.03603,0.100159995,0.26161,0.105749995,0.42,29290815488.0,2.619,1.049,-672694656.0,48.401,477.043,1518.3334,1595.0,1460.0,1.0,3.0,933.7374996948242,1065.063995361328,-19.902022438375333,-0.069,19.393,32159514624.0,21.1,66.76667,0.45037997,0.28826
MARSONS,MARSONS LIMITED,Industrials,Electrical Equipment & Parts,112.1500015258789,175.39999389648438,100.25,43.808594,,8.897264,,0.2724,0.11728,0.321,-0.277,-0.262,0.063,0.17874001,0.15494001,0.21415001,0.16996,0.0,19301015814.603767,2.662,1.645,-130844128.0,0.641,12.605,,,,,,129.7991895933409,111.65820022583009,-19.048645184895808,0.921,45.743,19366199296.0,2.56,,0.71970004,0.00022
UNICHEMLAB,UNICHEM LABORATORIES LTD,Healthcare,Drug Manufacturers - Specialty & Generic,516.5499877929688,687.2000122070312,278.20001220703125,11.946114,,1.3379662,,0.097849995,0.010880001,18.405,-0.793,-0.794,0.201,0.13206,0.06323,0.50732,0.10005999,0.0,36368088228.55484,2.484,1.268,-1094237440.0,41.116,386.071,,,,,,421.18999923706053,513.6059973144531,0.8788204486432694,-0.014,16.55,38217809920.0,43.24,,0.71259004,0.10187
ORISSAMINE,ORISSA MIN DEV CO LTD,Basic Materials,Steel,4651.5,6138.89990234375,3100.5,,,-51.07273,,0.2323,0.00912,,-15.268348054343583,,3.315,-0.0309,-0.32952,1.15961,0.09689,0.0,27908999168.0,0.349,0.109,-1186800000.0,10.569,-91.076,,,,,,4288.940501708985,4091.588002929688,-5.493811489644251,0.592,327.665,29873577984.0,-4.64,,0.57648,0.09947
VEEDOL,VEEDOL CORPORATION LTD,Basic Materials,Specialty Chemicals,1510.4000244140625,2035.0,1238.199951171875,11.675041,,2.4786541,0.2051852548330404,0.19657,0.09064,1.534,0.569,0.569,0.185,0.09717,0.14807001,0.4098,0.11253,3.82,25669036446.913563,2.952,1.715,1049562496.0,132.558,609.363,,,,,,1480.7675030517578,1452.6960205078126,-7.874350447449685,0.545,9.308,23700897792.0,129.37,,0.66603994,0.02001
MUFIN,MUFIN GREEN FINANCE LTD,Financial Services,Credit Services,139.50999450683594,140.4600067138672,82.98999786376953,64.88837,,4.27224,0.2417599478390461,0.06698,0.01847,243.19,2.684,3.023,0.49,0.41074002,0.57063,1.0108399,0.0,0.0,27645604799.46263,2.073,2.073,-6990309000.0,12.251,32.655,,,,,,117.69109992980955,130.78700057983397,57.74535352287542,-0.336,101.357927900122,38322020352.0,2.15,,0.51526,0.08214
MSPL,MSP STEEL & POWER LTD.,Basic Materials,Steel,33.959999084472656,46.119998931884766,26.25,53.904762,-1.9630058,1.8683978,2.313509098712446,0.03361,0.046919998,31.169,0.233,0.232,0.163,0.01281,0.046240002,0.21439,0.06254,0.0,19248414201.082153,1.175,0.136,-7813250.0,0.079,18.176,,,,,,35.69084991455078,38.356799850463865,5.4330954664435716,0.906,12.296,22752684032.0,0.63,-17.3,0.76518,0.02194
KPEL,K.P. ENERGY LIMITED,Industrials,Engineering & Construction,256.6499938964844,463.25,237.8999938964844,9.551544,,3.286424,5.969715,0.43485,0.094469994,100.154,0.016,0.026,1.367,0.10130999,0.09887999,0.27025,0.18524,0.28,17400381026.19326,1.198,0.183,-2464183040.0,11.262,78.094,,,,,,330.3690496826172,316.0010003662109,-39.68272763889908,0.269,6.796,22623895552.0,26.87,,0.50675,0.00151
BHARATRAS,BHARAT RASAYAN LTD,Basic Materials,Agricultural Inputs,1303.4000244140625,2987.5,1203.0,3.7168849,3.8977275,1.6994766,,0.121190004,0.07602,0.096,-0.061,-0.061,-0.089,0.1193,0.14349,0.34919,0.14523,0.04,21663906197.7879,7.779,4.828,369692512.0,164.011,766.942,,,,,,1707.7852514648437,1344.7080053710938,-52.05884967672414,0.18,9.769,19452086272.0,350.67,334.4,0.0,0.02299
NPST,NETWORK PEOPLE SRV TECH L,Technology,Software - Application,1606.9000244140625,2388.300048828125,846.5999755859375,72.67752,,10.862129,1.722216113744076,0.17201,0.07925,3.119,0.422,0.537,0.68,0.23327999,0.1728,0.31287,0.24566999,0.13,33525559805.36281,7.416,6.909,-918295488.0,147.27,147.936,,,,,,1379.92125,1584.29599609375,-24.85854456796528,0.258,57.091,30541623296.0,22.16,,0.66866,0.09422
HIKAL,HIKAL LIMITED,Healthcare,Drug Manufacturers - Specialty & Generic,212.2599945068359,282.70001220703125,146.25,58.81,23.584444,2.1791935,0.8610541727672034,-0.0405,-0.0206307601251374,57.040373707040374,0.683,0.68,0.373,0.0615,0.13161,0.4701,0.18591,0.47,26171815258.68879,1.3022536456031817,0.7747827367800855,1539000000.0,0.7785840718730421,97.403,300.0,300.0,300.0,1.0,1.0,208.13949981689453,219.00519927978516,-17.919570960153088,1.5664,22.2993332899729,32913815936.0,-2.74,9.0,0.69101995,0.06735
REPCOHOME,REPCO HOME FINANCE LTD,Financial Services,Mortgage Finance,362.7999877929687,455.8999938964844,333.6000061035156,4.709242,4.5907445,0.561649,2.354621,0.1464,0.0289109647853235,318.337,0.02,0.02,0.133,0.55464,0.66573,0.99484,0.0,2.34,22697260292.31154,,4354.032876712329,-9233200000.0,28.951,645.955,494.2857,580.0,440.0,2.0,7.0,395.5945004272461,394.1609997558594,-3.266231275485887,0.408,24.50568421838028,135885897728.0,77.04,79.02857,0.37133998,0.30762
HONDAPOWER,HONDA I POWER PRODUCT LTD,Industrials,Specialty Industrial Machinery,2073.699951171875,3216.0,1816.5999755859375,31.917807,,2.6182086,1.8775180588235296,0.077080004,0.03516,0.123,0.17,0.171,0.222,0.073189996,0.040900003,0.41546002,0.09698,7.11,21033684496.732895,3.363,1.042,-3585600000.0,78.285,792.03,,,,,,2219.3239953613283,2139.2559912109373,-34.92641343878975,0.767,23.313,20344156160.0,64.97,,0.67292,0.18784
SATIN,SATIN CREDIT NET LTD,Financial Services,Credit Services,226.97999572753903,274.1400146484375,133.00999450683594,6.093423,4.266541,0.87186986,0.0354268779069767,0.1228,0.02558,383.33,1.72,1.72,0.263,0.25347,0.28605,1.0,0.0,0.0,24965078570.080517,2.516,2.506,-10025105000.0,229.248,260.337,277.0,277.0,277.0,,1.0,184.71094985961915,243.28640014648437,61.50562585086969,0.306,25.7400232520671,109504503808.0,37.25,53.2,0.59650004,0.06843
RHETAN,RHETAN TMT LIMITED,Basic Materials,Steel,22.030000686645508,34.869998931884766,20.31999969482422,137.6875,,5.6242023,0.4589583333333333,0.101660006,0.02628,38.419,3.0,3.167,-0.193,0.54109,-0.19995001,0.39240003,0.22760999,0.0,17555157539.170662,4.253,0.851,-217966880.0,0.004,3.917,,,,,,26.295349979400633,27.7857999420166,3.4758090150125875,0.969,327.346,17484871680.0,0.16,,0.82672995,0.0
SIRCA,SIRCA PAINT INDIA LIMITED,Basic Materials,Specialty Chemicals,449.75,539.0,385.0,37.794117,25.773638,5.3760552,3.7794117,0.15767999,0.10593,6.802,0.1,0.141,0.138,0.13186,0.16552,0.45333,0.19182,0.45,25605543936.0,5.209,3.54,-40975624.0,19.021,83.658,533.0,560.0,506.0,1.0,2.0,447.7949998474121,413.70900085449216,0.1224371723113959,0.228,24.989,24362395648.0,11.9,17.45,0.79757005,0.0496
BEPL,BHANSALI ENG. POLYMERS LT,Basic Materials,Chemicals,123.2300033569336,138.5,74.19999694824219,15.327115,21.17354,2.8310513,0.3523474712643678,0.17278999,0.10898,,0.435,0.429,0.533,0.13877,0.17061001,0.32696998,0.17125,3.36,30666830659.40137,5.878,3.562,952259904.0,15.964,43.528,,,,,,95.16215003967284,111.1418000793457,13.534183082271143,0.188,10.401,25653798912.0,8.04,5.82,0.63081,0.00939
MOREPENLAB,MOREPEN LAB. LTD,Healthcare,Drug Manufacturers - Specialty & Generic,96.47000122070312,97.5,33.04999923706055,37.683594,,4.351965,0.0908038409638554,0.078590006,0.03002,16.667,4.15,4.247,0.341,0.07204,0.13012,0.37101,0.09718,0.23,52861096604.888824,2.373,0.866,-1108435840.0,1.675,22.167,,,,,,46.69495002746582,63.0181999206543,93.87058777081305,0.765,26.157,49583943680.0,2.56,,0.42686,0.0148599995
NITCO,NITCO LIMITED,Industrials,Building Products & Equipment,89.61000061035156,130.0,64.0,93.277306,,5.583178,,0.093760006,0.01646,86.275,,,-0.229,-0.055710003,-0.066139996,0.29875,-0.12509,0.0,21557129362.829903,2.072,0.457,-2109171072.0,1.313,16.05,,,,,,91.84254974365234,104.36039947509764,-30.242880330880283,-0.18,-37.553,24364910592.0,-1.24,,0.20774001,0.47289002
UTKARSHBNK,UTKARSH SMALL FIN BANK L,Financial Services,Banks - Regional,13.920000076293944,22.59000015258789,10.119999885559082,,6.465517,0.8895706,,-0.40033,-0.04039,91.13119212088736,-49.56346490580368,-64.36251811411047,2.347,-1.4614199,-0.10515001,0.0,0.0,0.0,24770969735.766888,,,6312290000.0,4.092,15.648,19.0,20.0,18.0,1.0,2.0,14.20300003528595,14.433000049591064,-34.61719362284418,0.97,,45712973824.0,-6.39,2.15296,0.53148997,0.11828
AWFIS,AWFIS SPACE SOLUTIONS LTD,Industrials,Rental & Leasing Services,263.0,639.4000244140625,229.0500030517578,22.17538,13.586719,3.4054122,0.1599955266955267,0.14007,0.03827,271.732,1.386,1.402,0.27,0.05357,0.11559,0.83629996,0.40243,0.0,18821117952.0,0.684,0.304,4233672448.0,12.524,77.23,524.2857,800.0,286.0,1.28571,7.0,367.37864906311034,288.5739996337891,-55.11945392491467,1.061,5.205,33176172544.0,11.86,19.35714,0.26802,0.53215003
CAMLINFINE,CAMLIN FINE SCIENCES LTD,Basic Materials,Specialty Chemicals,108.37999725341795,235.0,96.20999908447266,46.83,13.29816,2.0001106,,-0.03362,0.0103400005,71.951,,,0.227,0.0032,-0.00291,0.43575,0.04682,0.0,20818888176.404636,1.269,0.54,914373120.0,5.651,54.187,152.5,165.0,140.0,2.0,2.0,137.1058500289917,127.34639907836916,-48.31664338070155,0.681,30.377,26105163776.0,-3.03,8.15,0.44119,0.16028999
AJMERA,AJMERA REALTY & INF I LTD,Real Estate,Real Estate - Development,119.06999969482422,221.3999938964844,98.02999877929688,15.148854,5.983417,1.6727779,1.21190832,0.11054,0.07582,46.832,0.125,0.125,0.226,0.13454,0.28287,0.32371,0.271,0.77,23432458179.942738,6.278,1.524,-1168205952.0,5.895,71.181,175.0,175.0,175.0,1.0,1.0,145.0962502670288,128.1242008972168,-35.952881851783815,0.56,9.65,30043850752.0,7.86,19.9,0.73184997,0.023729999
FMGOETZE,FEDERAL-MOGUL GOETZE (IND,Consumer Cyclical,Auto Parts,474.0,577.4000244140625,358.0,15.439739,,1.8356868,30.879478,0.12438,0.07123,0.068,0.005,0.005,0.088,0.085389994,0.08826,0.62097,0.15052,0.0,26369628160.0,2.978,2.46,1844626688.0,149.019,258.214,,,,,,450.88850006103513,467.1849987792969,-12.384473197781888,0.054,6.23,18763243520.0,30.7,,0.78032994,0.00312
MOLDTKPAC,MOLD-TEK PACKAGING LTD,Consumer Cyclical,Packaging & Containers,682.4000244140625,870.5,464.8999938964844,29.786121,19.76062,3.287249,2.0976141549295777,0.10976,0.07091,31.851,0.142,0.142,0.249,0.08035,0.13081999,0.44826,0.19299999,0.6,22675411755.252785,1.49,0.752,-631044608.0,0.376,207.59,843.8889,1147.0,730.0,1.22222,9.0,617.1262493896485,688.9869946289062,-14.233645010367502,0.602,13.382,24445474816.0,22.91,34.53333,0.39181998,0.28969
BRIGHOTEL,BRIGADE HOTEL VENTURE LTD,Consumer Cyclical,Lodging,59.90999984741211,91.4000015258789,54.36000061035156,33.283333,19.325808,2.376438,0.7704475231481481,0.11928,0.06468,31.381,0.432,1.568,0.023,0.12918,0.22173999,0.68836,0.32256,0.0,22756368326.040627,2.373,2.208,-1379712512.0,6.601,25.21,85.5,91.0,80.0,1.0,4.0,65.10260023117065,62.21240028381348,-30.321007782816224,0.7992,13.998,23838552064.0,1.8,3.1,0.74223,0.17066999
SAGCEM,SAGAR CEMENTS LIMITED,Basic Materials,Building Materials,162.4499969482422,299.3999938964844,148.6999969482422,111.05,48.637726,1.2542464,0.1,-0.0004,0.007900001,91.801,,,0.053,-0.01318,0.01878,0.44391,0.08923,0.0,21233440369.11223,0.63,0.264,-3052800000.0,6.531,129.52,212.0,255.0,184.0,2.0,6.0,188.93694953918455,175.18359924316405,-33.59901859757349,0.436,16.314,39093571584.0,-2.79,3.34,0.68834,0.19137
TCPLPACK,TCPL PACKAGING LIMITED,Consumer Cyclical,Packaging & Containers,4100.89990234375,4410.89990234375,2200.0,32.280384,,5.1918406,0.407066633039092,0.14355,0.08236,88.192,0.793,0.793,0.161,0.061479997,0.12781,0.41864,0.16136,0.61,37239880841.19291,1.257,0.773,109533128.0,19.837,789.874,,,,,,2886.130993652344,3224.8299951171875,17.930063194048063,0.562,14.323,43415810048.0,127.04,,0.69579005,0.12008
TEAMLEASE,TEAMLEASE SERVICES LTD.,Industrials,Staffing & Employment Services,1242.0999755859375,1944.300048828125,1065.199951171875,150.01208,11.764294,1.9968297,4.79271821086262,0.14261,0.02542,10.971,0.313,0.314,0.05,0.01238,0.00596,0.02488,0.01408,0.0,18981025418.91897,1.453,0.98,-1786587520.0,292.533,622.036,1757.25,2400.0,1380.0,1.33333,12.0,1395.089501953125,1351.4899951171874,-31.977000241733975,0.165,10.184,17138974720.0,8.28,105.5822,0.36308,0.54937
VIDYAWIRES,VIDYA WIRES LIMITED,Industrials,Electrical Equipment & Parts,87.4000015258789,117.3499984741211,44.060001373291016,29.62712,,3.8412516,3.70339,0.17844999,0.109589994,17.772,0.08,0.421,0.335,0.031689998,0.03805,0.060489997,0.04498,0.0,18589307204.54269,4.257,2.565,-1333083776.0,3.432,22.753,,,,,,72.99000008719308,95.016600189209,64.37841740781948,1.3452,21.131,18795358208.0,2.95,,0.72804,0.06339
PRABHA,PRABHA ENERGY LIMITED,Energy,Oil & Gas E&P,212.88999938964844,272.6000061035156,137.91000366210938,2128.9,,4.6793127,,0.0014,-0.00093999994,37.627,,,0.493,0.16452,0.18094999,0.30827,-0.00031,0.0,31203878822.53908,0.696,0.071,-266224128.0,0.425,45.496,,,,,,167.1695873260498,154.90960052490234,-20.16125848017307,0.7722,-1493078.5,30981380096.0,0.1,,0.9473,0.0
EVEREADY,EVEREADY INDS. IND.  LTD.,Industrials,Electrical Equipment & Parts,355.04998779296875,475.2000122070313,259.6499938964844,14.468214,,4.1428437,0.6459024107142857,0.31645,0.07308,32.395,0.224,0.223,0.09,0.119720004,0.13215,0.42816,0.10894,0.7,25807611016.704334,1.322,0.503,118630128.0,1.049,85.702,,,,,,331.21624938964845,356.1809985351563,-19.07692585915243,0.511,17.201,27902050304.0,24.54,,0.63892,0.031889997
MANGLMCEM,MANGALAM CEMENT LTD,Basic Materials,Building Materials,981.8499755859376,1023.4500122070312,679.3499755859375,23.545563,16.726576,2.762553,,0.14099,0.03703,90.914,-0.44,-0.44,0.008,0.06514,0.06876,0.54528,0.11247,0.17,26998220128.679276,0.722,0.269,-2537639680.0,56.688,355.414,870.0,870.0,870.0,3.0,1.0,839.8092486572266,926.5999987792968,32.137809261293484,0.431,16.114,31930726400.0,41.7,58.7,0.50283,0.11108
GREENPANEL,GREENPANEL INDUSTRIES LTD,Basic Materials,Lumber & Wood Production,160.25999450683594,333.79998779296875,157.67999267578125,291.3818,13.882007,1.4494116,,-0.02125,0.00423,27.299,-0.954,-0.953,0.066,0.0043099998,0.015470001,0.49178,0.101,0.31,19652265310.387615,1.94,1.229,-30998876.0,16.057,110.569,230.75,320.0,165.0,2.0,16.0,211.4922994232178,189.8357989501953,-40.62245345277741,0.466,13.595,21433731072.0,0.55,11.54444,0.53299,0.27145
RELTD,RAVINDRA ENERGY LIMITED,Technology,Solar,166.7100067138672,196.4499969482422,114.59262084960938,37.462925,,7.0122824,,0.20363002,0.072270006,366.24,,5.727481617647059,-0.34,0.12514,-0.06382,0.46853,0.28611,0.0,33100174645.034416,2.842,2.318,-4206012416.0,1.307,23.774,,,,,,150.41080814361572,166.86219940185546,16.2471253446554,1.273,23.2,31962284032.0,4.45,,0.69281,0.03982
SPECTRUM,SPECTRUM ELECTRIC IND LTD,Industrials,Electrical Equipment & Parts,2212.5,2637.199951171875,1050.0,67.24924,,14.197801,0.5188984567901235,0.20419,0.07591,101.796,1.296,1.291,0.809,0.08698,0.13505,0.31585,0.15531999,0.0,34766872576.0,1.341,0.546,-826978240.0,21.196,155.834,,,,,,1502.2739990234377,2074.2900073242185,46.25197835721187,0.08,41.111,37997232128.0,32.9,,0.86565,0.0
VERANDA,VERANDA LEARNING SOL LTD,Consumer Defensive,Education & Training Services,255.8999938964844,272.5,130.02000427246094,17.636112,,2.5679107,0.1765376576576576,0.21205999,0.03649,39.893,0.999,1.696,0.074,0.25761,0.25087,0.82613,0.24822001,0.0,24656180659.92111,0.687,0.314,-1831595264.0,3.598,99.653,,,,,,206.2012499237061,240.6967987060547,12.567629364936227,0.95,19.9,25952010240.0,14.51,,0.52752995,0.10887
BAJEL,BAJEL PROJECTS LIMITED,Utilities,Utilities - Regulated Electric,180.5800018310547,226.69000244140625,135.10000610351562,95.544975,12.038667,2.7947505,2.3078496376811595,0.02868,0.021140002,49.067,0.414,0.601,-0.067,0.00802,0.02397,0.17827,0.03455,0.33,20892553427.84742,1.203,1.042,-3173330432.0,7.132,64.614,280.0,280.0,280.0,1.0,1.0,175.48880012512208,188.1981994628906,-16.079557590123862,0.967,24.93,23693905920.0,1.89,15.0,0.6279,0.092810005
JAYKAY,JAYKAY ENTERPRISES LTD,Industrials,Specialty Business Services,145.67999267578125,219.6999969482422,115.5199966430664,8.625222,,1.8183633,,0.9341,0.2789724249469346,5.673119243237991,-0.767,0.497,0.126,0.28791,0.11731,1.0,0.33980998,0.0,18980217925.749073,3.5114872161203214,2.921474722009509,61997000.0,26.051,80.116,,,,,,167.6670556810167,167.4338006591797,-31.18564252440775,2.3231,53.375,960612032.0,16.89,,0.65191,0.0
CONFIPET,CONFIDENCE PETRO IND LTD.,Energy,Oil & Gas Refining & Marketing,72.16000366210938,86.4000015258789,28.059999465942383,17.817284,,1.696605,0.0869559980478282,0.06458,0.041589998,49.394,2.049,2.07,1.166,0.02243,0.042140003,0.13912,0.06957,0.14,23974517952.703194,2.161,0.687,2006950016.0,6.712,42.532,,,,,,51.192950134277346,74.62740036010742,42.608707190010975,0.585,7.36,30731460608.0,4.05,,0.68938005,0.0037200002
HPL,HPL ELECTRIC & POWER LTD,Industrials,Electrical Equipment & Parts,314.6499938964844,517.75,255.5500030517578,22.205362,16.648148,2.022627,22.205362,0.09507,0.06071,75.317,0.01,0.013,0.345,0.04696,0.087519996,0.34096,0.14712,0.32,20232148599.54096,1.358,0.671,-637237248.0,12.606,155.565,380.0,380.0,380.0,1.0,1.0,357.566750793457,347.52100036621096,-38.562925139666405,0.754,9.364,26772969472.0,14.17,18.9,0.72665,0.00246
ALEMBICLTD,ALEMBIC LIMITED,Real Estate,Real Estate - Development,91.62999725341795,109.91000366210938,70.45999908447266,7.336269,1.8399599,0.9622978,1.3585683333333332,0.13269,0.01908,0.435,0.054,0.053,-0.02,1.3416001,0.24574,0.65414,0.35872,2.71,23528916286.727707,1.947,1.342,208623504.0,3.818,95.22,,,,,,91.94194980621336,89.5036003112793,-15.21236465978597,0.641,25.467,21833220096.0,12.49,49.8,0.72371,0.00889
APOLLOPIPE,APOLLO PIPES LIMITED,Industrials,Building Products & Equipment,603.25,606.0,252.1000061035156,473.33334,44.19414,3.2439249,,0.00526,0.0072399997,13.871,-0.899,-0.898,0.074,-0.00819,-0.040009998,0.27805,0.04769,0.12,26494351360.0,1.366,0.586,-1079468160.0,18.694,185.963,417.0,620.0,280.0,3.25,7.0,402.7364998626709,503.4939990234375,48.41923530136978,0.084,49.467,26545590272.0,-3.29,13.65,0.69246,0.08568
SPANDANA,SPANDANA SPHOORTY FIN LTD,Financial Services,Credit Services,243.4499969482422,319.3999938964844,181.1000061035156,,5.7964287,0.9128953,,-0.29358,-0.09486,185.142,,,2.56,-1.1617199,0.10183,1.0,0.0,0.0,21579286257.49371,237.221,237.221,8784500000.0,160.813,266.679,288.75,375.0,200.0,2.4,4.0,252.20244941711425,269.2089974975586,-1.2172854685123191,0.372,,45686960128.0,-39.01,42.0,0.6007,0.09806
ADVAIT,ADVAIT ENRGY TRANSITION L,Industrials,Specialty Industrial Machinery,2115.39990234375,2485.0,1351.0,40.362526,,8.320779,0.7961050493096647,0.22072001,0.08653,44.021,0.507,0.66,0.514,0.07384,0.13281,0.19338,0.122159995,0.1,23135656915.955376,1.318,0.806,-192645248.0,101.725,254.231,,,,,,1954.1136017883716,2239.81,51.99021613233059,0.434,26.839,25421883392.0,52.41,,0.72120005,0.0
DSSL,DYNACONS SYS & SOLN LTD,Technology,Information Technology Services,1093.699951171875,1924.800048828125,781.0,16.385017,,4.4017386,20.48127125,0.31044,0.09175,75.024,0.008,0.006,-0.046,0.06022,0.10233,0.1287,0.107250005,0.04,13930543506.072275,1.347,1.236,133992624.0,87.81,248.47,,,,,,1105.4030044555664,1272.4700073242188,11.967645868120446,0.767,10.209,15428764672.0,66.75,,0.63477004,0.0032300001
HLEGLAS,HLE GLASCOAT LIMITED,Industrials,Specialty Industrial Machinery,311.79998779296875,661.9500122070312,250.0,59.50382,,4.007867,,0.09648,0.048270002,56.224,-0.847,-0.812,0.059,0.02612,0.036679998,0.42791,0.09115,0.35,21655985328.163887,1.187,0.544,359685888.0,8.433,77.797,,,,,,383.0074996948242,395.08500122070313,-41.74140869183029,0.487,20.544,25650196480.0,5.24,,0.73861,0.05377
EXICOM,EXICOM TELE SYSTEMS LTD,Industrials,Electrical Equipment & Parts,157.02999877929688,182.8999938964844,75.5999984741211,180.92,,3.2493894,,-0.43337002,-0.07506,109.474,,,0.612,-0.20372,-0.18351,0.31027,-0.06697,0.0,21839697750.224876,1.206,0.525,-3586167040.0,4.622,48.326,,,,,,124.39299961090089,162.1637985229492,7.40030884931453,1.818,-32.891,28141479936.0,-18.47,,0.68931997,0.0341
SERVOTECH,SERVOTECH REN POW SYS LTD,Industrials,Electrical Equipment & Parts,82.55999755859375,143.0,57.5099983215332,50.650307,,6.520297,0.6468749297573435,0.118719995,0.05574,71.469,0.783,0.747,0.578,0.04991,0.06903,0.24136999,0.1027,0.06,18645761496.62064,1.464,0.9,-1125369600.0,3.169,12.662,,,,,,86.17325017929078,94.28680007934572,-36.13367770563156,0.256,25.409,19589310464.0,1.61,,0.0,0.0
KICL,KALYANI INVEST CO LTD,Financial Services,Asset Management,5258.0,6554.89990234375,4011.0,56.561962,,0.20148554,,0.00366,0.00369,,-0.248,-0.248,0.029,0.51948,0.55716,1.0,0.0,0.19,22952779776.0,100.579,100.426,399424992.0,711.812,26096.164,,,,,,4991.8174975585935,5396.57,10.91422798138051,0.423,32.657,19651657728.0,92.96,,0.76053,0.0
PENIND,PENNAR INDUSTRIES LTD,Industrials,Specialty Industrial Machinery,163.2899932861328,279.8999938964844,129.10000610351562,15.49241,11.339583,1.895217,1.475467619047619,0.12838,0.05205,99.887,0.105,0.109,0.029,0.03904,0.07932,0.42433998,0.09952,0.0,22035367029.989017,1.132,0.506,-3016124928.0,20.085,86.159,260.0,260.0,260.0,1.0,1.0,174.04479949951173,164.30519897460937,-37.917268608187435,-0.066,8.35,30288906240.0,10.54,14.4,0.42527,0.06956
JISLJALEQS,JAIN IRRIGATION SYSTEMS,Industrials,Conglomerates,28.219999313354492,59.0,26.11000061035156,151.04,,0.3540245,,-0.0068,0.02791,71.789,-1.7337507453786525,-13.642105263157896,-0.024,-0.0084,0.06005,0.43355,0.12946,0.0,20699659784.33846,1.163,0.491,-2234747392.0,1.829,79.712,,,,,,35.20764995574951,31.436399841308592,-45.99043193616366,0.245,7.744,63778414592.0,-0.74,,0.43762,0.00792
DCXINDIA,DCX SYSTEMS LIMITED,Industrials,Aerospace & Defense,173.7100067138672,286.0,153.3000030517578,62.28,36.189583,1.1557552,,-0.0053399997,-0.01012,0.193,-1.19834859553452,-1.014587962515699,-0.536,-0.03272,-0.08718,0.09199,-0.04219,0.0,19348937451.833694,2.754,1.535,4098457600.0,68.905,150.3,150.0,150.0,150.0,5.0,1.0,185.8437997436523,188.0481997680664,-29.586538766633364,0.57,-44.684,11769180160.0,-1.83,4.8,0.53511,0.04204
EPACK,EPACK DURABLE LIMITED,Consumer Cyclical,"Furnishings, Fixtures & Appliances",203.05999755859375,409.5,196.1499938964844,711.7647,20.934021,1.7056842,,0.00341,0.01658,76.95,-0.485,-0.484,0.338,-0.00369,0.04335,0.14534001,0.05388,0.0,19540154133.067196,1.02,0.279,-4827432960.0,1.642,119.049,253.0,275.0,220.0,1.8,5.0,248.50375,231.0110012817383,-46.89853535574008,1.056,23.691,27037999104.0,-0.82,9.7,0.52546,0.0511
TAJGVK,TAJ GVK HOTELS & RESORTS,Consumer Cyclical,Lodging,347.8999938964844,512.6500244140625,281.3500061035156,5.2888417,119.96551,2.1345785,,0.39556998,0.065910004,9.027,-0.385,-0.384,0.551,0.73127997,0.26818,0.64845,0.30188,0.58,21813849729.30045,1.262,1.07,-644601024.0,23.697,162.983,,,,,,355.92200073242185,350.7460021972656,-22.97985731799613,0.216,14.805,25343969280.0,65.78,2.9,0.72382003,0.02843
DPABHUSHAN,D. P. ABHUSHAN LIMITED,Consumer Cyclical,Luxury Goods,1461.699951171875,1670.0,866.0999755859375,13.927585,,5.2642193,0.1844713245033112,0.40866002,0.18544,48.027,0.755,0.769,0.58,0.0548,0.10718001,0.10524,0.078779995,0.0,33367569317.355476,2.142,0.056,-1548988416.0,11.281,277.667,,,,,,1223.9505026245115,1213.4100012207032,-10.374644105053363,-0.525,10.524,36293083136.0,104.95,,0.81035006,0.00132
SPORTKING,SPORTKING INDIA LIMITED,Consumer Cyclical,Textile Manufacturing,212.33999633789065,241.5099945068359,78.16999816894531,16.746056,8.562097,2.4447641,0.1444871095772217,0.11286,0.06801,42.272,1.159,1.161,0.201,0.06183,0.15438,0.26828,0.13392,0.48,27024631341.921265,3.246,1.364,1259086336.0,0.086,86.855,273.0,273.0,273.0,1.0,1.0,136.54179977416993,195.18759979248048,83.86007469526851,0.757,8.953,31337795584.0,12.68,24.8,0.79529,0.0
MMFL,MM FORGINGS LTD,Industrials,Metal Fabrication,638.9500122070312,687.9500122070312,288.1000061035156,31.229229,15.489697,3.1633382,1.0272772697368422,0.10556,0.045619998,126.624,0.304,0.307,0.159,0.06206,0.12354,0.53407,0.1761,1.36,30849530445.375027,1.166,0.753,-619873600.0,46.704,201.986,654.6667,850.0,514.0,1.0,3.0,445.2339987182617,534.1519982910156,105.15331101746747,0.852,13.778,38575910912.0,20.46,41.25,0.60943,0.07734
NIBE,NIBE LIMITED,Industrials,Conglomerates,1503.5999755859375,1848.0,809.5999755859375,443.5398,,6.2739925,2.2862876288659795,0.00021,0.01736,33.611,1.94,2.825,-0.236,-0.01604,-0.21955,0.27905,0.0656,0.09,23308465797.538746,1.485,1.204,-1310900992.0,31.785,239.656,,,,,,1217.174750366211,1545.9219995117187,25.37312718824232,0.164,73.735,22006851584.0,3.39,,0.64084,0.04251
SANSTAR,SANSTAR LIMITED,Basic Materials,Chemicals,105.2300033569336,137.49000549316406,74.30000305175781,43.6639,,2.7629578,0.1785114472608339,0.05092,0.022449998,2.868,2.446,2.714,0.221,0.05357,0.049089998,0.32141998,0.06163,0.0,21074244256.287712,5.496,3.959,305444992.0,8.725,38.086,,,,,,97.89399978637697,114.26419998168946,28.06377717153632,1.21,35.869,18151997440.0,2.41,,0.76962996,0.0
SAIPARENT,SAI PARENTERALS LIMITED,Healthcare,Drug Manufacturers - General,543.4000244140625,706.0,400.0,122.663666,,3.6238506,0.0803140614155699,0.048260003,0.0161,49.06,15.273,4.599,4.351,0.03946,0.08623999,0.37944,0.100659996,0.0,24006997046.59459,1.435,1.044,-2186560000.0,94.203,149.951,,,,,,527.3908168247768,570.0029992675782,33.941337950160566,,41.95,22222452736.0,4.43,,0.70677,0.08635
BFUTILITIE,BF UTILITIES LIMITED,Industrials,Infrastructure Operations,528.4500122070312,898.7000122070312,368.7000122070313,12.591136,,9.876094,0.6295568,0.0135,0.0603154292038185,68.46,0.2,0.2,0.12,0.17851,0.68736,0.91911006,0.76667,0.0,19905458635.809914,1.6226036365917342,0.9100809961030916,5070900000.0,95.58,53.508,,,,,,569.3067500305176,589.5859997558593,-27.782711006897,0.415,4.889,33224523776.0,41.97,,0.64439005,0.00632
INSECTICID,INSECTICIDES (I) LTD,Basic Materials,Agricultural Inputs,606.5499877929688,881.5,518.5999755859375,14.102534,8.984594,1.4461741,,0.12096,0.06142,12.869,-0.245,-0.245,-0.115,0.060500003,0.094680004,0.3198,0.10915,0.65,17649290908.80183,1.955,0.782,-352462112.0,31.546,419.417,,,,,,665.5619985961914,652.1199963378906,-29.09165647868115,0.456,8.194,18505566208.0,43.01,67.51,0.76598,0.09353
SILVERTUC,SILVER TOUCH TECHNO LTD,Technology,Information Technology Services,195.3300018310547,1117.449951171875,100.5,6.7799377,,14.633654,0.0456869117250673,0.23551,0.11895,19.451,1.484,1.476,0.223,0.11711001,0.17392,0.40835,0.18596001,0.05,24769798376.196053,1.947,1.278,72994872.0,1.036,13.348,,,,,,290.57654983520507,194.1306002807617,-72.87648473108342,0.712,37.857,25059985408.0,28.81,,0.82723,0.0
TALBROAUTO,TALBROS AUTO. COMP. LTD,Consumer Cyclical,Auto Parts,412.0,451.6000061035156,219.8999938964844,22.699724,,3.4244869,0.6485635428571429,0.15137,0.063829996,11.266,0.35,0.352,0.153,0.12413,0.12839,0.48523,0.1604,0.18,25431998464.0,1.964,1.35,205332624.0,18.423,120.31,,,,,,313.165099029541,403.1499993896484,48.73646209386282,0.431,17.856,25826426880.0,18.15,,0.61977,0.00357
HINDOILEXP,HINDUSTAN OIL EXPLORATION,Energy,Oil & Gas E&P,158.1999969482422,188.6499938964844,117.5,33.446087,,1.5042455,,0.04638,0.0066299997,3.594,-0.858,-0.858,0.452,0.08406,-0.11096,0.46145,0.28375998,0.0,20920886892.42553,1.104,0.176,2274222336.0,4.141,105.169,,,,,,152.8499504852295,159.15720001220703,-6.869958500260498,0.477,24.0,20340987904.0,4.73,,0.41919,0.01237
KCP,KCP LTD,Basic Materials,Building Materials,165.0800018310547,212.1999969482422,125.0,12.477703,42.328205,1.194423,0.0990293888888888,0.13093,0.04848,29.379,1.26,1.264,0.077,0.07651,0.14336,0.42316002,0.13338,0.66,21282306284.061703,2.801,1.642,-1151500032.0,88.435,138.209,,,,,,168.1057501602173,164.35200134277343,-20.531456589651388,0.662,5.689,19548975104.0,13.23,3.9,0.54326,0.015
GMBREW,G M BREWERIES LTD,Consumer Defensive,Beverages - Wineries & Distilleries,883.2000122070312,1328.800048828125,666.0499877929688,11.965858,14.557443,1.8713808,0.2606940740740741,0.1971,0.1279825359625356,3.201,0.459,0.459,0.258,0.08878,0.05598,0.13196,0.10312,1.03,20178403606.893116,1.351874019026436,1.1174264732065815,-1411405000.0,4.861,471.951,,,,,,988.995747680664,918.1059973144532,28.540247939008555,0.306,10.304,20190930944.0,73.81,60.67,0.77379,0.00337
PIXTRANS,PIX TRANSMISSIONS LIMITED,Industrials,Specialty Industrial Machinery,1820.300048828125,2089.0,1252.0,18.81447,,3.5600157,0.2106883538633818,0.16535999,0.10493,3.477,0.893,0.893,0.228,0.2155,0.26681998,0.64950997,0.27991,0.5,24801952409.292973,6.861,5.479,1060390016.0,223.688,511.318,,,,,,1538.3369982910156,1777.3560034179689,31.52457000203215,0.145,12.811,21926936576.0,96.75,,0.68049,0.0032499998
SCILAL,SHIPPING CORP OF ILA LTD,Real Estate,Real Estate Services,40.0099983215332,55.0,34.29999923706055,65.59016,,0.5592597,,0.0095999995,-0.00782,0.003,-0.032,-0.022,0.377,1.11984,-0.2201,0.0833,-1.63762,1.37,18636616946.171856,3.772,3.772,326887488.0,24.214,71.541,,,,,,44.92885005950928,42.68019996643066,-19.915934638261167,0.917,-17.938,7476273152.0,0.61,,0.66245,0.059559997
ARKADE,ARKADE DEVELOPERS LIMITED,Real Estate,Real Estate - Development,131.00999450683594,191.5800018310547,92.62000274658205,479.31036,,2.755031,,0.006,0.094060004,11.23,-0.335,-0.337,-0.078,-0.00535,0.16752,0.30916,0.22753,1.42,24323787780.11936,7.128,0.717,819829248.0,4.37,47.553,,,,,,127.905,130.49579986572266,-30.531843124855087,1.2222,13.026,23825881088.0,-0.23,,0.8226,0.0063899998
VINCOFE,VINTAGE COFFEE N BVRGS L,Consumer Defensive,Beverages - Non-Alcoholic,152.82000732421875,179.85000610351562,120.23999786376952,28.779663,,3.9175577,0.9224250961538462,0.16555001,0.09939,21.719,0.312,0.461,0.585,0.12858,0.17868,0.274,0.17777,0.07,22264106027.053886,4.377,2.399,-2000064000.0,5.919,39.009,,,,,,149.49344985961915,154.7238003540039,0.4998091396997139,0.311,20.766,22608287744.0,5.31,,0.48113,0.081520006
BCG,BRIGHTCOM GROUP LIMITED,Communication Services,Advertising Agencies,9.359999656677246,17.700000762939453,7.699999809265137,1.9622641,,0.1787317,0.0274059231843575,0.09993,0.082159996,0.0,0.716,0.722,0.617,0.1389,0.21246,0.33248,0.25292,0.0,18893362506.995567,6.71,4.705,-5290684416.0,7.012,52.369,,,,,,10.350049996376038,9.738400020599364,-46.29948655882797,0.551,0.336,5889195520.0,4.77,,0.23697,0.012200001
VIMTALABS,VIMTA LABS LIMITED,Healthcare,Diagnostics & Research,640.4000244140625,902.6500244140624,376.0499877929687,35.896862,,6.2613053,3.3548469158878507,0.1855,0.12186,0.729,0.107,0.114,0.118,0.18913001,0.22703,0.75168,0.34903,0.32,28617495618.98891,3.432,2.775,129041248.0,14.88,102.279,,,,,,532.1089999389649,589.9760021972656,-9.464897643689971,-0.086,18.46,27137325056.0,17.84,,0.65679,0.04402
RAJRATAN,RAJRATAN GLOBAL WIRE LTD,Basic Materials,Steel,505.3500061035156,563.9500122070312,305.54998779296875,32.208416,21.215366,3.9445643,0.4607784835479256,0.11594,0.06638,49.797,0.699,0.698,0.291,0.06476,0.10743,0.38106,0.123330005,0.4,25657125173.88159,1.212,0.782,-790762496.0,4.434,128.113,599.0,650.0,564.0,1.5,5.0,447.17774963378906,483.9429992675781,54.28179665295154,0.387,18.955,28714180608.0,15.69,23.82,0.69698995,0.07793
INDNIPPON,INDIA NIPPON ELECT  LTD,Consumer Cyclical,Auto Parts,1100.800048828125,1278.199951171875,675.0,21.652243,44.94896,3.0318723,0.6166654738802352,0.14508,0.062750004,0.2313321076790084,0.3511181332036948,0.4740932642487045,0.2656201168353487,0.10005999,0.14819999,0.29262,0.10872,1.4,24901665872.561775,2.514,1.948,-40962500.0,2.4313235099611767,363.076,,,,,,877.8077502441406,1086.9809985351562,36.94949807733181,0.417,15.139834856307845,24865664768.0,50.84,24.49,0.70928,0.00232
JNKINDIA,JNK INDIA LIMITED,Industrials,Specialty Industrial Machinery,450.3500061035156,558.0,200.9199981689453,33.508186,24.744505,4.4357224,0.0362250659459459,0.12089,0.056110002,15.97,9.25,9.175,0.815,0.08371,0.07243,0.24076,0.11622,0.07,25198846293.5156,2.035,1.172,-451649984.0,38.079,101.528,341.0,341.0,341.0,,1.0,325.96664985656736,469.8070007324219,49.097839531182075,1.613,23.129,24175679488.0,13.44,18.2,0.70824,0.12474
VENKEYS,VENKY S (INDIA) LIMITED,Consumer Defensive,Farm Products,1512.0,1800.0,1165.0,12.289685,27.948244,1.3344818,0.0569758229021789,0.090670004,0.044239998,10.432,2.157,2.158,0.292,0.043569997,0.053400002,0.25255,0.059809998,0.66,21300051968.0,2.221,1.328,1219538944.0,216.014,1133.024,,,,,,1452.123999633789,1480.6579956054688,6.576446890764842,0.49,8.31,19781873664.0,123.03,54.1,0.61209,0.010290001
RISHABH,RISHABH INSTRUMENTS LTD,Technology,Scientific & Technical Instruments,684.2000122070312,729.8499755859375,315.0,32.48813,19.947523,3.5399237,0.1497148847926267,0.12069,0.061929997,10.752,2.17,2.194,0.093,0.105179995,0.1291,0.61241,0.16314,0.31,26473458136.32143,3.024,1.931,-5577460224.0,52.361,193.281,630.0,630.0,630.0,,1.0,478.14199966430664,628.1490002441407,58.85767188651625,1.028,18.844,23830532096.0,21.06,31.5,0.73866,0.11565
MUKANDLTD,MUKAND LTD.,Basic Materials,Steel,136.9600067138672,154.25,114.30999755859376,3.1283693,,1.2999858,0.0320858389743589,0.48880002,0.017819999,111.455,0.975,0.976,0.207,0.12345,-0.00789,0.33515,0.02456,1.49,19790115786.12414,1.387,0.205,-6142812672.0,2.139,105.355,,,,,,133.59005016326904,137.3094012451172,0.0657643018125542,0.713,28.696,36102766592.0,43.78,,0.77476,0.01045
GEOJITFSL,GEOJIT FINANCIAL SER L,Financial Services,Capital Markets,80.79000091552734,85.38999938964844,50.86000061035156,31.073078,,1.8773528,,0.06585,0.04008,9.473,-0.283,-0.285,0.049,0.10743,0.11067,0.89258003,0.0,1.87,22550276351.54393,2.447,1.267,1823876000.0,8.349,43.034,,,,,,71.44269994735718,78.63999954223632,7.0066237291752875,0.409,14.178662030587416,22169071616.0,2.6,,0.53683996,0.113649994
JAICORPLTD,JAI CORP LIMITED,Basic Materials,Specialty Chemicals,100.52999877929688,178.24000549316406,88.0,10.406833,,1.1747315,,0.11554,0.08049,0.033,-0.729,-0.729,-0.255,0.15363,0.21745001,0.39848998,0.22378,0.51,17643515689.76052,25.893,16.343,1057414528.0,28.152,85.577,,,,,,116.55360027313232,108.64340057373047,-18.061784351738385,0.033,9.246,12551552000.0,9.66,,0.74373,0.01619
FILATEX,FILATEX INDIA LTD,Consumer Cyclical,Textile Manufacturing,81.51000213623047,87.2699966430664,36.2599983215332,18.955814,6.133183,3.7622893,1.1150478823529413,0.1481,0.0741748233065358,9.979,0.17,0.166,-0.018,0.043309998,0.07027,0.19429001,0.07789,0.62,36195197876.611,1.4292382647256177,0.8087638941564315,531300000.0,8.012,21.665,,,,,,52.13289993286133,67.26599967956543,49.34041663929237,0.042,4.757,15764854784.0,4.3,13.29,0.71696997,0.0654
STOVEKRAFT,STOVE KRAFT LIMITED,Consumer Cyclical,"Furnishings, Fixtures & Appliances",775.9500122070312,849.7999877929688,447.0499877929687,52.857628,28.712305,5.0882635,0.8324035905511811,0.08613,0.04552,23.223,0.635,0.635,0.413,0.02781,0.06348,0.39049998,0.105979994,0.46,25689624980.14208,0.972,0.262,1410989952.0,9.194,152.498,815.0,1000.0,595.0,2.0,3.0,608.5805012512207,763.6380029296874,16.71054233297977,0.411,13.993,25922289664.0,14.68,27.025,0.60338,0.061079998
SHRINGARMS,SHRINGAR HOU OF MANGALS L,Consumer Cyclical,Luxury Goods,223.97999572753903,266.5,166.0,15.862606,8.581609,3.1832974,,0.26288998,0.15302,27.898,-0.106,0.193,0.649,0.04915,0.08686,0.08959,0.06762,0.0,21598856803.99771,3.998,1.774,-3069785088.0,13.211,70.361,330.0,330.0,330.0,1.0,1.0,217.16439971923828,223.10779907226564,21.148847799690596,1.9938,13.361,22239793152.0,14.12,26.1,0.78215,0.03432
GSPCROP,GSP CROP SCIENCE LIMITED,Basic Materials,Agricultural Inputs,590.5,607.7999877929688,328.0,27.300047,,3.0789685,,0.15499,0.06974,34.017,-0.058,0.123,0.024,0.06604,0.08776,0.374,0.12146,0.17,27469322240.0,1.636,1.005,-844962496.0,39.615,191.785,,,,,,454.55817383986255,496.46600219726565,65.75438596491227,,15.331,28417921024.0,21.63,,0.88907,0.0
SOMANYCERA,SOMANY CERAMICS LIMITED,Industrials,Building Products & Equipment,511.1000061035156,556.7999877929688,332.0,19.756474,14.828818,2.4883883,0.08133583367641,0.08397,0.047220003,40.692,2.429,2.427,0.24,0.03624,0.07694,0.48488,0.09717,1.77,20961646842.32232,1.099,0.592,1502865536.0,35.589,205.394,630.1875,847.0,500.0,1.29412,16.0,448.7297494506836,513.5709997558594,-0.1270139514380819,0.727,8.396,23944595456.0,25.87,34.46667,0.59341,0.19684
STALLION,STALLION IND FLUOROCHEM L,Basic Materials,Specialty Chemicals,226.8500061035156,423.7999877929687,99.31999969482422,39.179623,,2.7401977,1.772833619909502,0.08934,0.06587,5.066,0.221,0.792,0.099,0.11784001,0.17828,0.20777,0.14859,0.0,26334051012.531136,11.853,9.177,-164129744.0,37.374,82.786,,,,,,183.60630393981933,218.69660125732423,48.02610512464316,2.0053,33.727,22133653504.0,5.79,,0.64321,0.0
BLSE,BLS E-SERVICES LIMITED,Industrials,Specialty Business Services,321.1000061035156,328.1000061035156,124.3000030517578,50.329155,,5.5917387,13.602474324324325,0.12732,0.05978,1.076,0.037,0.042,0.246,0.04934,0.06508,0.08327,0.06712,0.32,29109025321.308582,2.853,2.711,393160640.0,42.61,57.424,,,,,,207.9222498321533,272.2475991821289,78.84594971092523,-0.067,31.951,25260552192.0,6.38,,0.79071,0.0
NUCLEUS,NUCLEUS SOFTWARE EXPORTS,Technology,Software - Application,736.5999755859375,1084.800048828125,682.0,18.4012,12.52721,2.1375818,,0.13561,0.056360003,0.942,-0.322,-0.322,-0.033,0.12134,0.0134000005,0.30815,0.114209995,1.72,19391219069.292355,2.088,1.896,629537472.0,157.363,344.595,1000.0,1000.0,1000.0,1.0,1.0,824.7442510986328,740.6869970703125,-27.685058586201414,-0.051,15.216,15097998336.0,40.03,58.8,0.75518,0.0241
PARACABLES,PARAMOUNT COMM LTD,Technology,Communication Equipment,63.04999923706055,75.69999694824219,28.299999237060547,32.668396,,2.473131,4.033135308641976,0.0892999999999999,0.0529393523235724,15.807,0.081,0.095,0.131,0.03665,0.04542,0.20984,0.048260003,0.0,20632448774.336098,2.65,2.021,-909200000.0,1.085,25.494,,,,,,47.33269996643067,66.57839965820312,31.49113291733643,2.1058,83.298,20819204096.0,1.93,,0.48849,0.00204
RANEHOLDIN,RANE HOLDINGS LIMITED,Consumer Cyclical,Auto Parts,1581.0999755859375,1894.5,981.0,26.70326,,1.956497,,0.09861,0.03832,71.619,-0.264,-0.264,0.184,0.013780001,0.03312,0.31498,0.07086,3.0,22574642851.42069,0.879,0.52,-109725000.0,43.984,808.128,,,,,,1393.3784973144532,1704.4879931640626,6.078495510629822,0.435,7.981,34665586688.0,59.21,,0.59361,0.03449
LAOPALA,LA OPALA RG LIMITED,Consumer Cyclical,"Furnishings, Fixtures & Appliances",178.35000610351562,262.0,162.10000610351562,21.206898,14.73967,2.4132006,6.059113714285713,0.11224,0.06604,1.077,0.035,0.033,0.093,0.29556,0.28841,0.67401004,0.37335998,2.67,19796851365.490257,19.686,16.817,536678752.0,46.942,73.906,269.5,279.0,260.0,1.0,2.0,191.7595999145508,184.95259979248047,-29.099581021742573,0.331,13.31,15661391872.0,8.41,12.1,0.66726,0.19723
PANAMAPET,PANAMA PETROCHEM LTD,Energy,Oil & Gas Refining & Marketing,486.25,599.5999755859375,229.0,6.1449513,,2.0028174,0.0098272050215896,0.15604,0.09967,7.548,6.253,6.248,1.503,0.1166,0.22365999,0.23087999,0.14971,0.61,29415012352.0,3.695,1.624,-1954625024.0,13.464,242.783,,,,,,330.12864990234374,449.59,43.64844903988183,0.59,4.866,29914789888.0,79.13,,0.76646006,0.0365
ADOR,ADOR WELDING LTD,Industrials,Specialty Industrial Machinery,1684.0,1701.9000244140625,848.0,25.8203,22.573727,5.285658,0.3537027397260274,0.2382999999999999,0.0985537910390344,0.4,0.73,0.734,0.052,0.05824,0.105299994,0.36821,0.09077,2.24,29306341376.0,2.139784521883263,1.540431745530605,936900000.0,40.627,318.598,1307.0,1307.0,1307.0,1.0,1.0,1124.2937509155274,1381.7880029296875,81.64168313516491,0.289,14.475,14861451264.0,65.22,74.6,0.58278,0.1244
SIMPLEXINF,SIMPLEX INFRASTRUCTURES L,Industrials,Engineering & Construction,259.45001220703125,330.0,137.0,44.274746,,2.067924,0.44274746,0.053790003,0.00396,167.843,1.0,1.25,0.198,0.04285,0.04557,0.3452,0.05748,0.0,20521288645.519367,2.286,0.567,1527725056.0,22.952,125.464,,,,,,238.04314971923827,254.7143994140625,-15.32310137881887,0.676,57.481,35322036224.0,5.86,,0.64645,0.05884
PFS,PTC INDIA FIN SERV LTD,Financial Services,Credit Services,27.81999969482422,40.689998626708984,23.850000381469727,8.017291,4.5983467,0.5788959,,0.1214,0.0644358133669609,57.41138804826412,-0.624,-0.588,-0.555,0.54587,0.84139997,0.99452,0.0,0.0,17868322619.990677,,3086.7293233082705,17797600000.0,0.9544074501014416,48.057,,,,,,31.186450052261353,29.778200149536133,-30.345516646512316,1.1844,8.82500323734465,34936422816.0,3.47,6.05,0.00025,0.70582
SPAL,S. P. APPARELS LIMITED,Consumer Cyclical,Apparel Manufacturing,923.8499755859376,1221.9000244140625,600.0,22.144054,14.710987,2.4523518,1.1183865656565657,0.11281,0.06973,44.596,0.198,0.204,-0.006,0.06672,0.11999,0.57162,0.14369,0.33,23224556954.25772,1.322,0.591,747766272.0,28.879,376.72,1137.5,1275.0,1000.0,1.5,2.0,808.2469985961914,1021.0959948730468,22.01676626780531,0.101,11.726,26560229376.0,41.72,62.8,0.63199,0.15177
CEINSYS,CEINSYS TECH LIMITED,Industrials,Engineering & Construction,761.0,1249.9000244140625,736.3499755859375,11.479861,,2.071295,,0.24595,0.11165,8.43,-0.095,-0.022,0.008,0.20053,0.22644,0.34036,0.23541,0.46,15933558784.0,3.194,1.991,-1696775040.0,6.528,367.403,,,,,,947.9019818987164,878.6099987792969,-24.71309762660312,-0.219,10.54,16422929408.0,66.29,,0.68922997,0.00018999999
TASTYBITE,TASTY BITE EATABLES LTD,Consumer Defensive,Packaged Foods,10104.5,10544.0,6430.0,72.02581,,8.1341095,9.00322625,0.10807,0.07226,12.254,0.08,0.079,0.291,0.059439998,0.07969,0.38688,0.12642999,0.1,25928146944.0,2.571,1.11,534582496.0,106.399,1242.238,,,,,,7942.77,8969.27,1.9009681323114205,0.125,35.061,26811942912.0,140.29,,0.80156,0.03605
INDOCO,INDOCO REMEDIES LTD.,Healthcare,Drug Manufacturers - Specialty & Generic,222.67999267578125,332.20001220703125,162.19000244140625,674.78784,18.327572,1.9962348,,-0.101210006,0.00382,116.912,,,0.068,0.00301,0.01388,0.69847,0.089320004,0.09,20525239644.89963,1.134,0.517,-941670016.0,3.599,111.55,264.0,325.0,231.0,3.0,4.0,223.16119972229004,234.36560028076173,-21.34228616217048,0.621,18.173,30404472832.0,0.33,12.15,0.60886,0.19931
UFBL,UNITED FOODBRANDS LIMITED,Consumer Cyclical,Restaurants,807.5,845.0,172.33999633789062,,67.85715,10.172331,,-0.17889,0.00135,275.522,,,0.434,-0.027,0.05669,0.42994,0.16537,0.0,31587510272.0,0.416,0.087,498932512.0,7.064,79.382,990.0,1205.0,775.0,1.66667,2.0,375.0675491333008,707.4359948730469,196.7113790592781,0.983,16.15,39197143040.0,-10.13,11.9,0.50289,0.18132
HGS,HINDUJA GLOBAL SOLS. LTD.,Industrials,Specialty Business Services,406.5,556.0,342.04998779296875,,3.773322,0.2276431,,-0.01757,-0.02231,23.327,-0.7348871685060122,-3.1758530183727034,-0.006,-0.0101,-0.15045999,0.39345002,0.026010001,1.23,18910494720.0,3.34,2.336,-1383650048.0,1016.982,1785.69,,,,,,421.71224960327146,421.10199768066406,-25.110536267173867,0.316,-6.659,-7451566592.0,-28.8,107.73,0.76991,0.04111
CAPACITE,CAPACITE INFRAPROJECT LTD,Industrials,Engineering & Construction,203.72999572753903,334.0,180.0,9.341128,6.2398157,0.9029744,,0.10633001,0.05526,25.274,-0.151,-0.137,0.067,0.0696,0.110489994,0.3079,0.15609,0.0,17236381334.532536,1.677,1.374,1739412480.0,12.016,225.621,322.0,394.0,271.0,1.0,3.0,240.05280044555664,229.27940063476564,-30.821733199477396,0.249,5.11,21234626560.0,21.81,32.65,0.52071,0.08916
NILKAMAL,NILKAMAL LIMITED,Consumer Cyclical,"Furnishings, Fixtures & Appliances",2043.699951171875,2105.0,1050.5,24.449097,17.49743,1.9334015,1.111322590909091,0.075679995,0.04606,26.499,0.22,0.217,0.08,0.03059,0.06068,0.42716998,0.08,0.98,30598880548.93086,2.327,1.062,1655229440.0,70.589,1057.049,1753.0,1753.0,1753.0,1.0,1.0,1398.6220007324218,1533.4219970703125,29.274458827928896,0.301,11.082,33495259136.0,83.59,116.8,0.69995004,0.14571999
EIHAHOTELS,EIH ASSOCIATED HOTELS LTD,Consumer Cyclical,Lodging,294.6499938964844,434.8999938964844,266.6499938964844,20.419264,,2.9805076,1.715904537815126,0.15308,0.09394,0.712,0.119,0.116,-0.04,0.23070998,0.04106,0.6828,0.30801,1.19,17954879116.074368,3.493,3.142,325191264.0,35.37,98.859,,,,,,328.5854991149902,313.88600036621096,-28.517713447205416,-0.039,13.488,15827245056.0,14.43,,0.76521003,0.13509
HATHWAY,HATHWAY CABLE & DATACOM,Communication Services,Entertainment,10.539999961853027,15.25,8.760000228881836,25.09524,23.422222,0.44574136,,0.0133,0.0158827252448691,0.212,-0.222,-0.21,0.065,0.03469,4.0000003e-05,0.45623,0.15010001,0.0,18656901052.475876,4.006597932164556,4.006133901770566,225500000.0,10.362,23.646,,,,,,11.300000023841855,11.060200061798096,-29.54545498010193,0.486,0.07,230500000.0,0.42,0.45,0.75,0.00333
NDRAUTO,NDR AUTO COMPONENTS LTD,Consumer Cyclical,Auto Parts,773.7999877929688,1186.5999755859375,605.0499877929688,28.385912,,5.1451178,1.3779568932038837,0.1877,0.084130004,17.248,0.206,0.206,0.196,0.0754,0.08563,0.24854,0.106350005,0.51,18459184860.798332,1.222,0.858,-262860128.0,9.713,150.395,,,,,,791.0622518920899,827.4129992675781,-26.054754274065097,0.887,20.764,18963490816.0,27.26,,0.00119,0.73178
MTNL,MAHANAGAR TELEPHONE NIGAM,Communication Services,Telecom Services,26.790000915527344,48.189998626708984,21.260000228881836,,,-0.056360256,,0.1226,-0.00773,,,,2.299,0.0,-0.43855998,0.38274,0.53388,0.0,16877700672.78223,0.35,0.068,-12633654272.0,12.316,-475.335,,,,,,31.332450017929077,28.715800170898437,-39.21034467655401,0.627,68.018,363514101760.0,-47.72,,0.56251,0.13149
IPL,INDIA PESTICIDES LIMITED,Basic Materials,Agricultural Inputs,138.05999755859375,245.83999633789065,125.0,14.765775,11.7,1.5746253,,0.12550999,0.07676,10.912,-0.347,-0.349,-0.085,0.10413,0.11757,0.46588,0.15865,0.55,15899472614.83911,3.192,1.792,-351762496.0,10.168,87.678,,,,,,160.12135047912597,153.73579986572267,-36.39546710059947,0.368,9.575,15707448320.0,9.35,11.8,0.76682997,0.0011
COSMOFIRST,COSMO FIRST LIMITED,Consumer Cyclical,Packaging & Containers,938.4500122070312,1058.5,560.7999877929688,14.720784,,1.5237992,0.5841580952380953,0.10119,0.03499,103.944,0.252,0.254,0.457,0.04167,0.08412,0.34684,0.102419995,0.43,24360431932.87202,1.226,0.567,-2812937472.0,159.899,615.862,,,,,,736.6699990844727,851.0549975585938,-8.808664418371304,0.501,9.031,37037121536.0,63.75,,0.47757998,0.016590001
TCIEXP,TCI EXPRESS LIMITED,Industrials,Integrated Freight & Logistics,544.6500244140625,780.0,447.5499877929687,25.654736,19.057207,2.5555546,18.324811428571422,0.102869995,0.06601,7.738,0.014,0.052,0.093,0.06523,0.07782,0.15939,0.09409001,2.19,20924906409.963737,3.115,2.812,-516975008.0,35.678,213.124,626.4,770.0,500.0,2.8,10.0,546.2992483520508,547.0120013427735,-21.863563022422817,0.247,17.057,20285771776.0,21.23,28.57974,0.72046,0.10381
SBC,SBC EXPORTS LIMITED,Industrials,Conglomerates,39.86000061035156,45.0,15.550000190734863,58.61765,,24.026522,0.3156577813677975,0.37219003,0.05584,283.225,1.857,1.769,0.663,0.07142,0.10422,0.14814,0.09084,0.0,18980933922.64331,1.218,0.487,-923708352.0,0.376,1.659,,,,,,33.4454000377655,41.1683999633789,108.58189082819854,0.314,50.583,20761782272.0,0.68,,0.54543,0.0
HINDWAREAP,HINDWARE HME INOVATON LTD,Consumer Cyclical,"Furnishings, Fixtures & Appliances",198.4499969482422,392.7000122070313,170.5,,12.84466,2.2526562,,-0.0513,0.02888,129.331,,,0.158,-0.00239,0.032279998,0.44419,0.07138,0.0,16599619328.73158,0.97,0.365,824601472.0,4.602,88.096,290.0,290.0,290.0,1.0,2.0,243.52490020751952,231.23439910888672,-34.82758720911586,0.431,13.956,26024235008.0,-0.74,15.45,0.5657,0.07375
DELTACORP,DELTA CORP LIMITED,Consumer Cyclical,Resorts & Casinos,59.52000045776367,98.8000030517578,48.29999923706055,20.219435,,0.71283996,,0.0347,0.0189,2.175,-0.901,-0.9,-0.085,-0.23273,0.12151,0.48908,0.18744,0.84,15937736826.575888,2.128,1.209,1447000064.0,10.395,83.497,,,,,,65.99139976501465,63.75599983215332,-36.61341907288477,0.581,10.856,13691812864.0,-5.84,,0.34465998,0.01035
UEL,UJAAS ENERGY LIMITED,Technology,Solar,190.7599945068359,284.20001220703125,92.31666564941406,1907.6,,28.698662,6.66294097100943,0.0389,0.0270065787226484,27.068,2.863,0.308,0.145,0.115200005,-0.96029997,0.3472,0.19827,0.0,25446966563.223915,2.652195710638176,2.2157465201307796,43415000.0,1.307,6.647,,,,,,149.45790042877198,158.58919982910157,64.28304104879194,-0.411,150.573,26851903488.0,0.1,,0.98581004,0.0
SHK,S H KELKAR AND CO. LTD.,Basic Materials,Specialty Chemicals,158.5399932861328,275.5,111.9800033569336,24.849527,16.24455,1.6113753,0.3214686545924967,0.05249,0.0311,75.521,0.773,0.776,0.141,0.03638,0.080819994,0.41055,0.09167,1.25,21945232478.661144,1.269,0.605,-71987504.0,4.666,98.388,270.0,270.0,270.0,1.0,1.0,151.0198500442505,145.61940002441406,-27.29190962290393,0.347,14.163,31796027392.0,6.38,9.75958,0.66877997,0.11476
SAKSOFT,SAKSOFT LIMITED,Technology,Information Technology Services,163.72000122070312,229.67999267578125,107.58999633789062,16.437752,4.795548,2.6868856,,0.19065,0.10484,5.607,-0.093,-0.094,-0.002,0.12934,0.16926001,0.47897997,0.17695999,0.61,21042798748.89598,2.166,1.997,854273728.0,19.617,60.933,,,,,,164.0906996154785,166.74080017089844,-20.624451866124193,0.391,10.632,18941927424.0,9.96,34.14,0.71194,0.00206
VIKRAN,VIKRAN ENGINEERING LTD,Industrials,Engineering & Construction,62.619998931884766,118.4000015258789,51.099998474121094,16.097685,,1.3059981,0.1348214824120603,0.10755,0.055630002,24.318,1.194,-0.294,-0.11,0.0731,0.07197,0.59534,0.13284001,0.0,16150387436.521317,1.98,1.734,-5298299904.0,37.647,47.948,,,,,,78.69360015869141,71.42220031738282,-34.573190334463376,2.0968,2.668,4366355968.0,3.89,,0.87297994,0.05409
GOCLCORP,GOCL CORPORATION LIMITED,Basic Materials,Specialty Chemicals,398.25,459.8999938964844,223.3500061035156,7.3207717,,0.6281457,,0.11849,-0.00632,0.02,-0.967,-0.967,0.263,31.88698,-1.4266601,0.53981996,-2.90225,2.52,19742242816.0,10.968,0.634,-15818377216.0,18.954,634.009,,,,,,325.09725067138675,407.85599914550784,4.913064698792069,0.801,-60.864,18823661568.0,54.4,,0.73629,0.01208
GTLINFRA,GTL INFRA.LTD,Technology,Communication Equipment,1.2100000381469729,1.6699999570846558,0.959999978542328,1.4578314,,-0.30227333,,-0.1416,0.2493400612423167,,,,-0.022,-1.3534501,0.13892001,0.52027,0.34616002,0.0,15499025896.628836,0.577,0.417,4736700000.0,0.085,-4.003,,,,,,1.247600001692772,1.3146000051498412,-20.91502870762324,1.2762,12.561,74601480192.0,0.83,,0.3123,0.02757
SOLARWORLD,SOLARWORLD ENERGY SOL LTD,Technology,Solar,149.82000732421875,388.5,139.19000244140625,10.028113,,1.5316044,0.0290081371131038,0.20828,0.07807,30.132,3.457,4.198,2.355,0.08754,0.09512,0.14139,0.107559994,0.0,12985298554.809525,1.882,1.188,-959267520.0,65.995,97.819,,,,,,218.43860038757325,186.7040005493164,-53.68778753501739,1.5685,7.119,10537335808.0,14.94,,0.78069,0.0853
ASIANTILES,ASIAN GRANITO IND. LTD.,Industrials,Building Products & Equipment,45.41999816894531,79.05999755859375,42.5,78.31034,2.409549,0.8844147,,0.01283,0.0109,28.468,-0.156,0.088,0.368,0.00885,0.03185,0.25115,0.055019997,0.0,13465906657.137548,1.745,0.875,-1562695808.0,2.789,51.356,,,,,,63.44675006866455,52.56800003051758,-29.40627796990266,0.364,16.022,17418612736.0,0.58,18.85,0.53393,0.00466
SHALBY,SHALBY LIMITED,Healthcare,Medical Care Facilities,154.57000732421875,274.70001220703125,125.81999969482422,44.16286,16.443619,1.6376023,1.1621805263157896,0.03467,0.02567,59.122,0.38,0.216,0.117,0.03342,0.068969995,0.23875,0.12369,0.0,16585169681.879572,1.25,0.543,-1504347520.0,7.608,94.388,,,,,,172.74854988098144,165.77759979248046,-21.82773951140542,0.629,15.336,22311073792.0,3.5,9.4,0.76562,0.00061
EMSLIMITED,EMS LIMITED,Industrials,Engineering & Construction,405.0,593.8499755859375,256.04998779296875,32.980457,,2.1309285,,0.08956,0.06521,14.575,-0.591,-0.591,-0.342,0.10464,0.152,0.23715,0.1736,0.38,22489976832.0,5.14,2.825,-810448000.0,10.616,190.058,,,,,,370.8387498474121,399.4509991455078,-27.672115158333337,0.342,20.272,22913533952.0,12.28,,0.69702005,0.00341
STUDDS,STUDDS ACCESSORIES LTD,Consumer Cyclical,Auto Parts,448.0,600.0,412.2999877929687,23.578947,16.0,3.3720975,,0.16999,0.10572,1.559,-0.393,-0.393,0.132,0.11411,0.08332,0.58176,0.17081,0.67,17630322688.0,2.698,1.572,246973744.0,21.462,132.855,670.0,670.0,670.0,1.0,1.0,492.6500008322976,457.8449993896484,-20.042832453971727,0.9261,15.106,16892890112.0,19.0,28.0,0.63363,0.091070004
EPACKPEB,EPACK PREFAB TECHN LTD,Industrials,Engineering & Construction,232.8999938964844,344.0,132.1699981689453,24.750265,16.517729,3.1850877,,0.17021999,0.07249,15.606,-0.032,0.134,0.239,0.0594,0.076799996,0.32994998,0.10268,0.0,23436961177.79707,1.601,1.008,-561583616.0,30.754,73.122,297.5,325.0,270.0,1.0,2.0,230.32529930114745,250.21300018310544,25.208322549531204,1.9725,12.482,20453953536.0,9.41,14.1,0.7525,0.02468
KRSNAA,KRSNAA DIAGNOSTICS LTD,Healthcare,Diagnostics & Research,550.0,894.4000244140625,515.0,18.524755,12.443439,1.8198965,,0.10888,0.059320003,54.501,-0.194,-0.193,0.221,0.11585,0.12748,0.78389,0.28667998,0.37,17841268736.0,2.683,2.385,-273542496.0,111.151,302.215,841.0,994.0,682.0,1.75,4.0,633.3779992675782,547.22,-32.93091784804051,0.062,7.932,19130775552.0,29.69,44.2,0.45686,0.1347
ARMANFIN,ARMAN FIN SERV LTD,Financial Services,Credit Services,1973.0999755859375,2158.60009765625,1301.0,17.92098,,2.2197573,0.0808708483754512,0.06263,0.02253,190.256,2.216,2.213,2.657,0.30789,0.48415002,1.0,0.0,0.0,20746673919.291977,493.864,492.957,-4795122000.0,379.347,888.881,,,,,,1646.477001953125,1852.9420043945313,29.09578278385321,0.205,19.74098835721335,34078822400.0,110.1,,0.30816,0.11351
SDBL,SOM DIST & BREW LTD,Consumer Defensive,Beverages - Brewers,73.56999969482422,143.77000427246094,61.79999923706055,132.83673,12.576069,1.947997,,0.01289,0.025139999,27.20676963047572,-0.9008797440674932,-3.388602149631546,-0.793,-0.03126,-0.4439,0.31685,0.03603,0.0,15295299520.553556,1.02,0.384,-1121225728.0,0.8103027267091032,37.767,,,,,,87.49100011825561,71.88059967041016,-47.5249634121004,0.462,22.116360883008888,17245077584.0,-1.45,5.85,0.5564,0.00174
CANTABIL,CANTABIL RETAIL LTD,Consumer Cyclical,Apparel Manufacturing,247.30999755859375,321.5,208.5,21.228327,,4.3214107,1.862133947368421,0.21983999,0.098409995,113.826,0.114,0.113,0.127,0.111619994,0.1757,0.71039003,0.33048,0.65,20684523315.80557,2.419,0.241,527259008.0,3.032,57.229,,,,,,251.34490005493163,241.56519958496096,-2.3647869802591703,-0.219,8.537,24622655488.0,11.65,,0.7446,0.03672
HITECH,HI-TECH PIPES LIMITED,Basic Materials,Steel,77.88999938964844,127.5,70.13999938964844,20.938171,13.78584,1.155004,,0.058790002,0.04844,20.061,-0.048,-0.042,0.785,0.01561,0.02944,0.06613,0.037720002,0.03,15789099908.275492,2.168,0.959,-1886788224.0,4.298,67.437,110.5,112.0,109.0,1.0,2.0,87.93860012054444,86.38020004272461,-11.448385402043336,0.775,9.567,17402408960.0,3.72,5.65,0.46468,0.13912
SAKAR,SAKAR HEALTHCARE LIMITED,Healthcare,Drug Manufacturers - Specialty & Generic,884.6500244140625,980.0,311.0,64.71471,21.629583,6.060243,0.5438210924369747,0.09996,0.06321,21.739,1.19,1.202,0.384,0.13272999,0.20153,0.52603,0.28444,0.0,19417989655.88651,1.282,0.46,68568752.0,0.117,145.976,1020.0,1020.0,1020.0,,1.0,600.3677494812011,857.8760021972656,175.89273078222936,0.452,25.973,20092672000.0,13.67,40.9,,
SPMLINFRA,SPML INFRA LIMITED,Industrials,Engineering & Construction,190.88999938964844,302.0,151.00999450683594,18.00849,,1.6141279,0.2058113142857142,0.08692,0.0187,37.764,0.875,0.871,0.823,0.08550999,0.092489995,0.18087,0.085760005,0.0,16063378380.638968,1.696,0.869,-623427520.0,20.149,118.262,,,,,,190.62394996643067,195.6686004638672,-34.16451410481459,0.601,21.17,18097620992.0,10.6,,0.61797,0.03285
ASIANENE,ASIAN ENERGY SERVICES LTD,Energy,Oil & Gas Equipment & Services,484.8999938964844,490.0,230.0,38.514694,,4.3921304,0.37612005859375,0.116000004,0.06329,32.051,1.024,1.153,1.351,0.06079,0.06182,0.20953,0.11188,0.21,23561957079.421787,2.111,1.944,-1150901120.0,31.062,110.402,,,,,,316.484449005127,375.50499633789065,39.72050452448064,0.838,21.484,22759161856.0,12.59,,0.68305,0.0
SURYODAY,SURYODAY SMALL FIN BK LTD,Financial Services,Banks - Regional,154.5399932861328,218.0,115.41000366210938,8.566518,4.3841133,0.79035246,0.0758098938053097,0.07588,0.00856,137.32320193248634,1.13,1.131,0.454,0.13635999,0.23868,0.0,0.0,0.99,16427083062.338432,,,5767406000.0,88.803,195.533,280.0,299.0,261.0,1.0,2.0,149.5825996017456,172.39139862060546,20.715503927987868,0.505,,37912150016.0,18.04,35.25,0.354,0.18934
JISLDVREQS,JAIN DVR EQUITY SHARES,Industrials,Conglomerates,21.350000381469727,35.47999954223633,18.5,0.89,,0.26783922,,-0.0068,0.02791,71.789,-1.7337507453786525,-13.642105263157896,-0.024,-0.0084,0.06005,0.43355,0.12946,0.0,15660444951.811966,1.163,0.491,-2234747392.0,1.829,79.712,,,,,,24.348450002670287,22.779200019836427,-31.67999877929687,0.245,7.167,59030052864.0,-0.74,,0.33443,0.0
WALCHANNAG,WALCHANDNAGAR INDUSTRIES,Industrials,Engineering & Construction,223.91000366210935,315.79998779296875,131.14999389648438,,,4.266903,,-0.04013,0.00839,61.011,,,0.838,-0.00982,0.04657,0.45797002,0.10146,0.0,15204503800.673822,1.141,0.523,-509212512.0,3.296,52.476,,,,,,201.83965034484865,248.74560028076172,20.530763047036427,1.196,52.975,17016839168.0,-0.47,,0.39426997,0.00224
NGLFINE,NGL FINE CHEM LIMITED,Healthcare,Drug Manufacturers - General,3033.300048828125,3602.0,1271.0,32.67938,,5.6918697,0.3297616548940464,0.15736,0.06782,37.232,0.991,0.991,0.336,0.10689,0.12958999,0.5086,0.15915,0.06,18739800365.661324,1.842,1.168,-714022144.0,71.703,532.918,,,,,,2264.1189990234375,3171.3899951171875,105.96863919323349,0.917,22.94,19566495744.0,92.82,,0.72493,0.0
WINDLAS,WINDLAS BIOTECH LIMITED,Healthcare,Drug Manufacturers - Specialty & Generic,988.2000122070312,1056.4000244140625,697.4000244140625,31.703562,,3.8838234,,0.122320004,0.05546,6.067,-0.002,-0.001,0.181,0.07053,0.07849,0.37983,0.10799,0.65,20392720635.90708,1.953,1.579,297831264.0,135.111,254.44,,,,,,816.7717501831055,866.0530029296875,-3.420641085070497,0.274,17.178,17477158912.0,31.17,,0.66216004,0.08842
JINDRILL,JINDAL DRILLING IND. LTD,Energy,Oil & Gas Equipment & Services,628.7000122070312,693.5,440.1000061035156,9.509908,,1.0008979,,0.12358,0.04915,5.119,-0.287,-0.287,0.084,0.18827,0.24888,0.49055,0.36901,0.16,18220421473.773266,1.579,1.138,1302792192.0,105.655,628.136,,,,,,551.4650003051757,592.39,-2.132629465499647,-0.356,4.332,16271714304.0,66.11,,0.71809995,0.00223
ASTEC,ASTEC LIFESCIENCES LTD,Basic Materials,Agricultural Inputs,601.7999877929688,941.75,513.4000244140625,,54.70909,3.4329917,,-0.25842,-0.03385,114.84,,,-0.083,-0.15114,-0.14042,0.34859002,0.01308,0.0,13409450736.00002,0.886,0.517,-953769024.0,4.51,175.299,670.0,740.0,600.0,3.0,2.0,678.5555023193359,680.3500024414062,-27.28810849501092,0.196,309.67,17845950464.0,-29.34,11.0,0.73078,0.03022
VENUSREM,VENUS REMEDIES LIMITED,Healthcare,Drug Manufacturers - Specialty & Generic,1765.5999755859375,2044.300048828125,424.0,20.317606,,3.555448,0.145855032304379,0.16785,0.09686,1.87,1.393,1.393,0.356,0.14317,0.1533,0.51015997,0.20587,0.57,23628480185.274124,2.443,1.328,934354496.0,77.344,496.59,,,,,,1072.0717514038083,1721.672001953125,257.6623108307328,0.351,13.623,22752575488.0,86.9,,0.48616,0.012560001
RAMCOSYS,RAMCO SYSTEMS LTD.,Technology,Software - Application,552.3499755859375,967.5,342.1000061035156,49.986423,24.015217,5.9001665,,0.12493,0.05126,12.101,-0.36,-0.363,0.071,0.05825,0.023740001,0.5424,0.19295,0.0,20766516330.112698,1.025,0.846,565081280.0,33.541,93.616,700.0,700.0,700.0,1.0,1.0,541.079750213623,687.6230041503907,28.513259951975662,0.583,14.472,19892305920.0,11.05,23.0,0.63771,0.05781
JGCHEM,J.G.CHEMICALS LIMITED,Basic Materials,Other Industrial Metals & Mining,619.9000244140625,663.0999755859375,298.3999938964844,32.370758,,4.6344895,0.5505230952380953,0.13518,0.08997,1.192,0.588,0.59,0.448,0.07023,0.102460004,0.18006,0.08946,0.2,24291443644.69108,18.642,12.911,-75817504.0,40.907,133.758,,,,,,402.0425006103516,488.693002319336,18.39191239846027,0.673,24.22,23197433856.0,19.15,,0.76453,0.02947
HESTERBIO,HESTER BIOSCIENCES LTD,Healthcare,Drug Manufacturers - Specialty & Generic,2413.10009765625,2683.60009765625,1239.300048828125,15.202546,,5.6984777,0.0330993816677552,0.16555001,0.06507,52.964,4.593,4.898,-0.082,0.41612,0.20368,0.74859,0.24203,0.46,20527917886.74858,1.368,0.724,288428736.0,7.686,423.464,,,,,,1780.3054992675782,2319.205993652344,19.55509653527516,0.425,28.38,22479210496.0,158.73,,0.68777,0.00242
ORIENTHOT,ORIENT HOTELS LTD,Consumer Cyclical,Lodging,137.2899932861328,149.5,80.0,36.80697,,3.2175584,,0.185,0.0692374751465328,17.136,-0.189,-0.201,0.036,0.13387,0.12926,0.64601,0.25739,0.47,24519879504.908863,0.5417843060853152,0.461930585295579,927925000.0,0.582,42.669,,,,,,110.437850189209,131.43760055541992,-0.9380208428524162,0.214,20.388,26116429824.0,3.73,,0.69324994,0.01481
MBEL,M AND B ENGINEERING LTD,Industrials,Engineering & Construction,278.1000061035156,535.9000244140625,223.0500030517578,15.846155,10.696154,2.4007044,3.521367777777778,0.19226,0.078660004,12.711,0.045,0.22,0.225,0.07355,0.09272,0.32963002,0.10931,0.36,15896397148.88136,1.917,0.686,-975276096.0,16.396,115.841,367.5,395.0,340.0,1.0,2.0,327.75585037231446,302.55099914550783,-40.03880693768925,1.7181,11.246,16143156224.0,17.55,26.0,0.71928,0.092700005
ACCELYA,ACCELYA SOLN INDIA LTD,Technology,Information Technology Services,1139.5,1527.0,1012.4000244140624,17.838133,18.202875,6.8001027,,0.36141,0.19558,6.276,-0.103,-0.103,-0.035,0.17919001,0.31774,0.71698,0.32521,7.05,17008474112.0,2.551,1.896,915209472.0,51.039,167.571,,,,,,1205.1230029296876,1128.2840087890625,-19.447192162716465,0.523,9.435,16332228608.0,63.88,62.6,0.7513,0.00139
GOODYEAR,GOODYEAR INDIA LIMITED,Consumer Cyclical,Auto Parts,762.9000244140625,1273.699951171875,711.25,32.644417,,2.9029572,,0.101730004,0.045739997,4.446,-0.539,-0.539,0.18,0.02078,-0.00342,0.27155,0.0454,3.48,17597440563.1472,1.428,0.906,951637504.0,100.293,262.801,,,,,,792.4624992038893,789.8610009765625,-40.103630865954585,0.353,13.175,15518938112.0,23.37,,0.75707,0.07709
SUMMITSEC,SUMMIT SECURITIES LTD,Financial Services,Capital Markets,1427.199951171875,2495.0,1312.0,12.993445,,0.18184769,0.1737091577540107,0.011360001,0.00824,,0.748,0.748,0.485,0.76057,0.96973,0.9997,0.96974,0.0,15623274985.488195,2659.445,2659.333,989156224.0,8974.388,7848.326,,,,,,1692.903500366211,1507.992001953125,-28.006460169727244,0.508,-53.873,-82245083136.0,109.84,,0.04404,0.74464
THEJO,THEJO ENGINEERING LIMITED,Industrials,Specialty Industrial Machinery,2101.199951171875,2286.60009765625,1443.5999755859375,40.697266,,6.4310174,0.5676048256624825,0.13971,0.08180001,10.776,0.717,0.715,0.31,0.08307,0.11156,0.80531,0.12245,0.24,22792668654.339188,2.704,1.805,-114359752.0,56.666,326.729,,,,,,1748.5129943847655,1930.6999951171872,8.59475552532345,0.544,27.966,23085477888.0,51.63,,0.0,0.00624
ASALCBR,ASSO ALCOHOLS & BREW LTD,Consumer Defensive,Beverages - Wineries & Distilleries,722.7999877929688,1277.0,660.6500244140625,17.05924,13.286764,1.9836161,,0.14562,0.0941,9.922,-0.285,-0.246,0.053,0.07995,0.081149995,0.35025,0.13182999,0.24,14513244938.89259,2.575,0.557,-208640496.0,13.857,364.385,960.0,960.0,960.0,1.0,1.0,857.85,801.7340026855469,-32.3600969205861,0.411,10.885,14831526912.0,42.37,54.4,0.66191,0.00153
GOCOLORS,GO FASHION INDIA LTD,Consumer Cyclical,Apparel Retail,330.1499938964844,760.9000244140625,237.0500030517578,33.11434,25.792969,2.5681016,,0.08529,0.04971,77.141,-0.238,-0.259,0.0,0.06373,0.118149996,0.63133997,0.3046,0.0,17364563646.979595,3.417,1.505,718033472.0,30.056,128.558,363.875,450.0,282.0,2.5,8.0,371.4729987335205,346.96399841308596,-52.41081169059685,0.187,8.331,21265801216.0,9.97,12.8,0.59034,0.32276002
DLINKINDIA,D-LINK INDIA LTD,Technology,Communication Equipment,438.3999938964844,549.2000122070312,367.6499938964844,14.506949,,3.078068,1.099011287878788,0.21211,0.09949,2.928,0.132,0.133,0.305,0.06415,0.07181,0.14302,0.07793,9.2,15565325095.295609,2.563,2.202,-14835875.0,56.855,142.427,,,,,,440.90324951171874,476.5659991455078,-10.912418520827083,0.362,10.708,13955747840.0,30.22,,0.59253,0.0057099997
ONEPOINT,ONE POINT ONE SOL LTD,Industrials,Specialty Business Services,56.61000061035156,65.8499984741211,40.58000183105469,33.49704,,3.3546667,0.4639479224376731,0.08809,0.041199997,47.642,0.722,0.728,1.294,0.11206,0.15774,0.37803,0.23682,0.0,14859964576.215551,2.642,1.71,-106660000.0,2.317,16.875,,,,,,53.750800113677975,57.018800048828126,23.36021216666495,0.59,17.373,16568029184.0,1.69,,0.60196996,0.02753
INDIANHUME,INDIAN HUME PIPE CO. LTD.,Industrials,Engineering & Construction,368.3500061035156,432.0,279.79998779296875,13.597268,15.809013,1.3073182,1.812969066666667,0.09864,0.02854,28.091,0.075,0.075,-0.015,0.10974,0.08295,0.2308,0.10823,0.55,19405330753.544018,2.028,1.749,1508614272.0,154.007,281.76,460.0,460.0,460.0,1.0,1.0,358.4117483520508,363.8059967041016,-4.9664601901112775,0.544,10.788,15190425600.0,27.09,23.3,0.74844,0.0221
AQYLON,AQYLON NEXUS LIMITED,Communication Services,Broadcasting,24.079999923706055,1714.9000244140625,20.8700008392334,21.5,,-106.07929,,0.5172,0.01089,,,,242.948,0.5486,0.55356,0.38141,0.28046,0.0,6109831660.641895,0.419,0.384,-205273504.0,0.103,-0.227,,,,,,335.7031514263153,34.786199989318845,-98.017372775462,0.004,101.236,6142794240.0,1.12,,0.78240997,0.0
JAGRAN,JAGRAN PRAKASHAN LIMITED,Communication Services,Publishing,61.790000915527344,78.9000015258789,59.5,7.135104,6.1178217,0.66743,,0.08794,0.03766,5.156,-0.126,-0.125,0.085,0.098450005,0.105349995,0.52353,0.13744001,11.37,13448857799.26844,3.563,3.074,1091552768.0,40.23,92.579,73.0,73.0,73.0,,1.0,66.43749998092652,63.59859985351562,-15.332970576443694,0.39,2.62,6898185728.0,8.66,10.1,0.69035006,0.04433
BFINVEST,BF INVESTMENT LIMITED,Financial Services,Asset Management,451.5,584.7000122070312,315.0,6.0320644,,0.19917603,0.224530489047104,0.036530003,0.0047999998,0.001,0.2686523520970258,,0.415,3.69471,0.80987,0.99933,0.85924006,2.16,17006934016.0,48.601,45.567,568562496.0,170.125,2266.839,,,,,,421.63550033569334,460.9970001220703,-2.5259093045537084,0.318,16.88,11070588928.0,74.85,,0.82222,0.0
GARUDA,GARUDA CONSTRUCT N ENG L,Industrials,Engineering & Construction,182.25,249.3000030517578,130.0,12.457279,,3.720299,0.2568511134020618,0.31127,0.19439,2.649,0.485,0.484,0.401,0.23417,0.31952,0.34789002,0.31604,0.03,16956857344.0,2.606,0.905,988392000.0,2.461,48.988,,,,,,182.1431998443603,177.57919952392578,-9.30128506734552,1.5547,9.093,16695318528.0,14.63,,0.3223,0.0
KALAMANDIR,SAI SILKS (KALAMANDIR) L,Consumer Cyclical,Apparel Retail,86.4800033569336,223.02999877929688,84.5,9.339093,7.1471076,1.0090544,,0.1271,0.0762178797237291,28.658,-0.147,-0.147,-0.01,0.08274,0.09867,0.42036,0.13670999,1.77,12742826478.644089,5.183293474547318,1.6987956952511103,2718800000.0,23.645,85.704,,,,0.0,,116.5921002960205,96.56200012207032,-53.29192211300653,0.98,5.591,12609080320.0,9.26,12.1,0.68776,0.077020004
AMRUTANJAN,AMRUTAJAN HEALTH LTD,Healthcare,Drug Manufacturers - Specialty & Generic,521.6500244140625,790.9500122070312,482.7999877929687,27.95552,,4.0741496,,0.16623,0.08299,0.48,-0.474,-0.475,0.095,0.10552,0.02232,0.51268,0.12462,1.5,15075728065.56839,2.311,1.897,129964000.0,61.822,128.039,,,,,,585.4632507324219,528.6629986572266,-27.80929393319311,0.379,19.849,12651654144.0,18.66,,0.49164,0.1095
RICOAUTO,RICO AUTO INDUSTRIES LTD,Consumer Cyclical,Auto Parts,131.5399932861328,157.99000549316406,78.91999816894531,59.252247,,2.2976017,,0.06911,0.036960002,92.781,-0.185,-0.194,0.389,0.0113699995,0.01017,0.35332,0.07546,0.43,17795386483.714554,0.836,0.442,-735825024.0,1.134,57.251,,,,,,122.343999710083,137.07600006103516,36.113404508384825,0.536,12.142,24640552960.0,2.22,,0.51397,0.01928
DOLPHIN,DOLPHIN OFF ENT (IND) L,Energy,Oil & Gas Equipment & Services,621.5999755859375,656.25,322.0,34.495003,,7.036848,1.1236157328990228,0.21903,0.06634,57.496,0.307,0.307,1.606,0.50425,0.47654,0.76689005,0.58412,0.0,24866845743.32569,5.543,5.415,-452683488.0,10.929,88.335,,,,,,409.1452490234375,410.57099853515626,41.7559807493586,-0.005,31.63,26388109312.0,18.02,,0.90182996,0.0
STEELXIND,STEEL EXCHANGE INDIA LTD,Basic Materials,Steel,10.539999961853027,13.949999809265137,7.0,42.16,,1.6980828,1.266066066066066,0.03663,0.04829,54.377,0.333,0.469,-0.101,0.03089,0.10386,0.26516,0.13223,0.0,13443964879.34283,2.258,0.751,-972030720.0,0.13,6.207,,,,,,9.715300018787383,11.841599979400634,4.150198429283303,0.634,12.767,17373270016.0,0.25,,0.61557996,0.0
SHANTIGOLD,SHANTI GOLD INTERNATION L,Consumer Cyclical,Luxury Goods,254.05999755859375,274.1000061035156,155.0,10.834115,8.357237,2.8041942,0.2025068224299065,0.37335998,0.19853,36.138,0.535,1.049,1.447,0.063990004,0.099020004,0.099180005,0.09395,0.0,18326677327.888588,3.315,1.753,-2631326208.0,6.821,90.6,350.0,350.0,350.0,1.0,1.0,209.66875579833984,222.6868231201172,2.7833987728273835,1.2627,8.324,19099897856.0,23.45,30.4,0.74885005,0.0051599997
GNA,GNA AXLES LIMITED,Consumer Cyclical,Auto Parts,566.1500244140625,601.6500244140625,291.79998779296875,18.369566,15.301352,2.420572,1.9960296609308044,0.12285,0.06509,21.71905085620807,0.092030526196859,0.6648338263441795,-0.0449389600647707,0.080790006,0.12595001,0.36895,0.15218,0.52,24305273880.115253,2.373,1.753,69461000.0,0.1198207347638525,233.891,739.0,739.0,739.0,1.0,1.0,402.3357499694824,493.49400207519534,74.14642072747108,0.493,11.027271858539596,26480967832.0,30.82,37.0,0.62127995,0.13077
ALGOQUANT,ALGOQUANT FINTECH LIMITED,Financial Services,Capital Markets,65.12999725341797,71.01000213623047,47.79999923706055,54.731087,,13.560274,0.0204785927561176,0.28374,0.12364,25.483,26.726,26.329,-0.0373561879919884,0.14182,0.26845,1.0,0.22421,0.0,18307783931.94669,2.317,1.991,1628344192.0,7.512,4.803,,,,,,59.46852573981652,62.5765998840332,-5.813455074120977,0.611,31.663,16718794752.0,1.19,,0.78523004,0.0
SIGNPOST,SIGNPOST INDIA LIMITED,Communication Services,Advertising Agencies,266.3500061035156,336.79998779296875,191.41000366210935,19.35683,,4.933504,0.879855909090909,0.273,0.10678001,69.752,0.22,0.224,0.106,0.124510005,0.18921,0.32532,0.26075,0.19,14236408134.232916,1.257,1.116,-790575360.0,4.485,53.988,,,,,,250.41049987792968,283.7150003051758,-3.636030396126788,0.758,10.439,16075084800.0,13.76,,0.74195,0.0
MCLOUD,MAGELLANIC CLOUD LIMITED,Technology,Information Technology Services,29.56999969482422,90.5,19.399999618530273,16.801136,,2.5256233,0.5201590092879256,0.18974,0.10104,42.501,0.323,0.321,0.315,0.16369,0.17924,0.42386,0.29648,0.1,17418714956.230976,1.995,1.485,-388161984.0,0.993,11.708,,,,,,28.697349967956544,28.84280002593994,-66.08556157032343,0.089,9.201,19036600320.0,1.76,,0.72291,0.00031
YATRA,YATRA ONLINE LIMITED,Consumer Cyclical,Travel Services,114.63999938964844,202.0,89.9000015258789,57.89899,18.917492,2.1780186,,0.05801,0.01843,12.403,-0.98,-0.979,-0.104,0.03164,0.0066799996,0.26962999,0.07733,0.0,17988872096.225956,2.079,1.681,76366248.0,13.923,52.635,173.0,250.0,135.0,1.0,5.0,129.45254981994628,110.72999969482422,-25.572940142711232,0.176,23.486,17882574848.0,1.98,6.06,0.64932996,0.14057
LANDMARK,LANDMARK CARS LIMITED,Consumer Cyclical,Auto & Truck Dealerships,509.2000122070313,662.7999877929688,339.5,46.84453,16.113924,3.6078165,0.4250864791288566,0.06664,0.03735,173.699,1.102,1.105,0.227,0.00875,0.027390001,0.16028,0.05817,0.29,21113934330.16349,1.118,0.225,1003742528.0,13.626,141.138,596.3333,739.0,480.0,1.0,3.0,450.5697497558594,486.8749993896485,-6.155540892319178,0.577,10.285,30734243840.0,10.87,31.6,0.55239,0.20973
NELCO,NELCO LTD,Technology,Communication Equipment,912.0,1120.0,500.1000061035156,556.0976,,16.153315,19.10988316151203,0.074,0.009557532314247,56.54,0.291,0.3,0.067,0.01238,0.03999,0.6834,0.08101,0.11,20810381312.0,0.8774703557312253,0.7027378771811433,-80200000.0,8.498,56.459,,,,,,750.0427485656738,917.0159985351562,8.687883033622645,0.314,84.321,21301526528.0,1.64,,0.56118,0.00669
ARFIN,ARFIN INDIA LIMITED,Basic Materials,Aluminum,82.70999908447266,106.1999969482422,32.0,75.19091,,8.283425,0.2506363666666666,0.094469994,0.07251,75.884,3.0,2.769,0.955,0.02555,0.042069998,0.14068,0.0689,0.26,13955036005.52996,1.695,0.225,-105303504.0,0.528,9.985,,,,,,79.698450050354,88.68399963378906,143.69476261376235,0.473,30.96,15399334912.0,1.1,,0.78164,0.0
RACLGEAR,RACL GEARTECH LIMITED,Consumer Cyclical,Auto Parts,1435.5,1691.9000244140625,859.0999755859375,33.705093,,4.7420683,4.377284805194805,0.1691,0.06852,66.889,0.077,0.077,0.315,0.09507,0.17181998,0.72089994,0.22883,0.21,16951697408.0,1.377,0.631,-121508496.0,11.834,302.716,,,,,,1231.0255004882813,1346.5840014648438,65.62824273470736,0.34,16.065,19176908800.0,42.59,,0.56587005,0.08514
KRISHNADEF,KRISHNA DEF AND ALD IND L,Industrials,Specialty Industrial Machinery,1037.9000244140625,1400.0,665.0,37.0414,,8.008921,1.639,0.25428,0.16063999,1.121,0.226,0.207,-0.152,0.18456,0.28765,0.48613998,0.21733,0.12,15499363692.584663,3.991,2.871,729577152.0,19.775,129.593,,,,,,1025.254500427246,1236.2640014648437,29.405902401431504,0.93,31.049,15821580288.0,28.02,,,
JYOTISTRUC,JYOTI STRUCTURES LTD,Industrials,Specialty Industrial Machinery,10.6899995803833,17.420000076293945,7.940000057220459,19.796295,,2.6886315,0.2675175,0.108059995,0.0075499997,439.045,0.74,0.744,0.61,0.07603,0.07071,0.24031,0.04563,0.0,12760223243.120396,6.001,5.269,-1665675008.0,0.815,3.976,,,,,,11.295300018787383,11.441999969482422,-32.936010904673786,0.501,84.554,32648298496.0,0.54,,0.10583,0.0057800002
MOBIKWIK,ONE MOBIKWIK SYSTEMS LTD,Technology,Software - Infrastructure,195.66000366210935,334.0,151.4600067138672,519.86,19.763638,2.842367,,-0.11015,0.04165,51.207,,,0.037,-0.01113,0.12292,0.55757,0.11238,0.0,15407622432.379831,1.474,1.128,4257553664.0,113.753,68.837,400.0,400.0,400.0,1.0,1.0,210.27195030212405,204.66039978027345,-14.886027707432705,1.6402,7.238,9186610176.0,-1.55,9.9,0.42519,0.15099
DYCL,DYNAMIC CABLES LIMITED,Industrials,Electrical Equipment & Parts,453.6000061035156,520.0,236.8000030517578,24.10202,,4.8072743,0.6514059459459459,0.20319,0.11589,9.424,0.37,0.37,0.332,0.07097,0.10065,0.19320999,0.10882,0.11,21980840231.76808,2.522,1.543,-41495124.0,8.757,94.357,,,,,,338.3433497619629,390.8270007324219,-5.499998728434241,0.091,15.46,21616683008.0,18.82,,0.68181,0.0
5PAISA,5PAISA CAPITAL LIMITED,Financial Services,Capital Markets,390.8999938964844,416.9500122070313,245.5,30.02304,25.219355,1.8835558,,0.0765,0.0231686414714671,58.31,-0.293,0.002,0.134,0.14894,0.19328,1.0,0.0,0.0,18325100257.87174,29.522045736928707,1.5626205476061137,-1106180000.0,318.604,207.533,,,,,,332.9788500976563,363.6289996337891,4.560649328503086,0.662,22.120413574250644,7656723968.0,13.02,15.5,0.71242,0.123500004
BHARATWIRE,BHARAT WIRE ROPES LTD.,Basic Materials,Steel,187.7599945068359,262.0,148.00999450683594,25.89793,,1.5885209,,0.09365,0.068730004,9.237,-0.395,-0.216,-0.08,0.11925,0.14532,0.48868,0.2173,0.0,12914692742.163786,6.569,1.731,-18362500.0,2.602,118.198,,,,,,192.03574989318847,203.3463998413086,4.154873277228388,0.627,10.567,13301176320.0,7.25,,0.51842,0.21577999
GANDHAR,GANDHAR OIL REFINE IND L,Energy,Oil & Gas Refining & Marketing,254.08999633789065,303.1700134277344,115.0,8.252355,,1.8372909,0.0130327779532533,0.1021,0.06112,22.511,6.332,6.331,0.918,0.05945,0.1579,0.14919,0.093109995,1.3,24870209177.554455,2.612,1.331,961052480.0,13.457,138.296,,,,,,160.61074981689453,212.10219940185547,67.76045495489006,0.509,5.674,26785255424.0,30.79,,0.66598,0.03609
SHRIRAMPPS,SHRIRAM PROPERTIES LTD,Real Estate,Real Estate - Development,77.66999816894531,99.44000244140624,60.56999969482422,14.517756,6.5268908,0.9081236,,0.07159,0.01323,42.189,-0.463,-0.464,-0.074,0.07304,-0.03322,0.27186,0.05113,0.0,13254726343.522474,1.63,0.109,-1412225024.0,9.117,85.528,125.0,125.0,125.0,1.0,1.0,83.12394994735718,86.24660018920899,-14.138847053915937,0.834,27.778,17746106368.0,5.35,11.9,0.49334,0.05804
VIDHIING,VIDHI SPCLTY F INGRDNTS L,Basic Materials,Specialty Chemicals,319.5,410.0,258.6000061035156,29.859814,,4.8728037,0.8531375428571428,0.15569,0.105500005,17.578,0.35,0.347,0.664,0.12174,0.16298,0.39867002,0.19202,2.22,15957427200.0,3.304,2.004,193845632.0,4.001,65.568,,,,,,313.5300003051758,302.2829986572266,-13.683640343554638,0.014,19.162,16130324480.0,10.7,,0.67511004,0.00051
SEPC,SEPC LIMITED,Industrials,Engineering & Construction,5.96999979019165,13.729999542236328,4.650000095367432,45.923077,,0.610367,1.979442974137931,0.031229999,0.01658,18.404,0.232,0.37,0.354,0.023039998,0.0583,0.13114999,0.05921,0.0,11614713447.815084,2.543,2.366,-2553447936.0,0.413,9.781,,,,,,7.792599992752075,6.371399974822998,-51.06557472519131,0.865,19.962,13309501440.0,0.13,,0.13038999,0.123730004
PASHUPATI,PASHUPATI COTSPIN LIMITED,Consumer Cyclical,Textile Manufacturing,86.7300033569336,118.3499984741211,66.4000015258789,1495.0,,8.017194,5.639381365522445,0.06525,0.0354,60.103,2.651,2.65,0.097,0.02238,0.07795,0.12698,0.04822,0.06,13689464337.85842,2.082,1.319,104590000.0,2.123,10.818,,,,,,87.83592506408691,86.5402001953125,28.16610862084399,-0.143,42.256,14248851456.0,-0.73,,0.88954,0.0
DOLLAR,DOLLAR INDUSTRIES LIMITED,Consumer Cyclical,Apparel Manufacturing,272.1499938964844,396.0,220.5,13.758846,10.97379,1.6270589,0.6225722171945701,0.11806,0.06622,30.541,0.221,0.221,0.014,0.059439998,0.09494001,0.5265,0.10574,1.12,15435291301.832285,2.306,1.174,527947264.0,0.023,167.265,387.0,451.0,323.0,2.0,2.0,295.6764008331299,266.05499969482423,-26.196611824682204,0.289,9.107,18168399872.0,19.78,24.8,0.73655,0.02822
UGROCAP,UGRO CAPITAL LIMITED,Financial Services,Credit Services,87.02999877929688,192.5,80.12000274658203,6.086014,4.395455,0.4576552,0.180593887240356,0.0706,0.015039999,373.984,0.337,0.989,0.067,0.24009001,0.34178,1.0,0.0,0.0,13299532613.457644,2.968,2.777,1705173000.0,140.969,190.165,154.0,154.0,154.0,1.0,1.0,123.18965015411376,95.93759963989258,-48.38996841648828,0.216,17.511395984839883,100613660672.0,14.3,19.8,0.47252998,0.13991
SURAKSHA,SURAKSHA DIAGNOSTIC LTD,Healthcare,Diagnostics & Research,305.1499938964844,333.0,224.1000061035156,44.353195,33.16848,6.4687424,1.1401849614395887,0.13843,0.087019995,53.533,0.389,0.384,0.207,0.10998999,0.21802,0.88411003,0.32974,0.16,15892442818.124285,1.049,0.823,76077752.0,5.064,47.173,285.0,285.0,285.0,,1.0,276.7409491729736,267.905998840332,-2.9266779158266254,0.5206,15.913,17078080512.0,6.88,9.2,0.61974996,0.22471
TIL,TIL LTD,Industrials,Farm & Heavy Construction Machinery,231.6000061035156,371.9500122070313,161.25,,3.6878982,14.675877,,-0.31823,0.011080001,344.424,-11.758741258741258,-2.021516393442623,0.862,-0.08133,0.04081,0.37041,0.060890004,0.0,19093987831.19711,1.071,0.515,-1231812480.0,2.058,15.781,,,,,,227.6186838531494,221.59440063476563,-20.041425519143896,0.907,85.486,19648917504.0,-4.36,62.8,0.69149,0.0
ESAFSFB,ESAF SMALL FINANCE BANK L,Financial Services,Banks - Regional,43.27000045776367,44.25,19.780000686645508,,,1.2489537,,-0.089090005,-0.0057300003,126.09524046214776,,,0.742,-0.0028,0.18128,0.0,0.0,0.0,22328105196.214355,,,-22434679000.0,8.034,34.645,,,,,,28.934949941635132,36.27720001220703,44.61898511840956,1.02,,45001154560.0,-0.1,,0.73933,0.0361
SESHAPAPER,SESHASAYEE PAPER & BOARDS,Basic Materials,Paper & Paper Products,230.36000061035156,293.1099853515625,209.9600067138672,14.012165,,0.67943984,0.1309548130841121,0.040949997,0.01186,0.0,1.07,1.068,0.277,0.05449,0.06564,0.30967,0.06318,0.88,14528376870.493736,2.406,0.892,1898012544.0,11.769,339.044,,,,,,242.7577498626709,227.0687997436523,-12.676265629269478,-0.126,11.278,12947725312.0,16.44,,0.69095004,0.08039
SUMEETINDS,SUMEET IND LIMITED,Consumer Cyclical,Textile Manufacturing,13.380000114440918,40.5,12.239999771118164,43.16129,,3.1586401,,0.13763,0.04882,75.265,-0.99,-0.857,0.096,0.01907,0.0152900005,0.21205,0.04895,0.0,7042238012.233195,1.564,0.753,-815682880.0,1.015,4.236,,,,,,28.208504252433777,25.33400007247925,-40.95322063310171,-0.029,11.528,6063046144.0,0.31,,0.73528,0.0
PRECAM,PRECISION CAMSHAFTS LTD.,Consumer Cyclical,Auto Parts,130.67999267578125,262.0,103.9800033569336,30.320185,,1.4854556,,0.06295,0.01361,13.008,-0.29,-0.29,-0.089,0.053379998,0.13286,0.60582,0.07304,0.76,12412747080.30303,3.821,3.208,270109120.0,30.056,87.973,,,,,,150.00205001831054,144.13139953613282,-28.087171583788734,0.616,18.696,10456543232.0,4.31,,0.78547996,0.00092
GPTINFRA,GPT INFRAPROJECTS LTD,Industrials,Engineering & Construction,112.87000274658205,150.0,96.22000122070312,14.489089,,2.36724,3.0185602083333336,0.17464,0.081870005,49.76,0.048,0.049,-0.034,0.07697,0.12538,0.36551997,0.14204,3.54,14262773083.070744,1.586,1.13,-620578112.0,1.453,47.68,,,,,,113.31584983825684,121.11320007324218,-7.011035343054672,-0.012,9.313,16923431936.0,7.79,,0.69368,0.11409
ALLTIME,ALL TIME PLASTICS LIMITED,Consumer Defensive,Household & Personal Products,208.2100067138672,334.8999938964844,186.0,36.78622,,2.2178314,,0.08208,0.056550004,14.078,-0.25,-0.085,0.023,0.05589,0.09409001,0.39317,0.13857001,0.0,13639375287.810534,3.632,2.376,-843603648.0,19.689,93.88,,,,,,241.38589958190917,232.2445999145508,-29.87200707506225,1.8322,15.384,13094172672.0,5.66,,0.70146006,0.09698
INFOBEAN,INFOBEANS TECHNO. LTD.,Technology,Software - Application,156.77999877929688,257.5,116.5,17.897259,,3.6757948,,0.2324,0.135,3.547,-0.067,-0.073,0.366,0.15322,0.16724001,0.36835,0.2215,0.32,15201300361.641312,10.136,9.904,477724992.0,23.541,42.652,,,,,,172.70313789367677,163.5122006225586,-7.196449113253789,0.66,10.715,13160521728.0,8.76,,0.78411,0.01031
BETA,BETA DRUGS LIMITED,Healthcare,Drug Manufacturers - Specialty & Generic,2295.0,2807.89990234375,990.0999755859376,51.981876,,9.500981,1.890250036363636,0.18776,0.07849,60.386,0.275,0.351,0.253,0.111140005,0.18337,0.57102,0.2052,0.0,23166998528.0,3.099,2.256,-335897056.0,116.775,241.554,,,,,,1627.4142468261718,2241.723986816406,17.175535004968268,-0.447,30.749,25880289280.0,44.15,,0.0,0.0
GODAVARIB,GODAVARI BIOREFINERIES L,Basic Materials,Chemicals,245.8000030517578,353.0,227.4199981689453,4916.0,,1.5963423,,0.00449,0.022650002,67.331,-0.265,-0.265,0.046,0.00011,-0.02503,0.27748,0.06067,0.0,12579054748.17668,1.134,0.167,-50717000.0,6.291,153.977,,,,,,279.55294921875,269.76599884033203,-5.606755448132006,0.9597,14.428,17617967104.0,0.05,,0.63311,0.08898
NAVKARCORP,NAVKAR CORPORATION LTD.,Industrials,Integrated Freight & Logistics,96.87999725341795,132.5,74.05000305175781,36.42105,7.670625,0.74477243,0.0882934545454545,0.0204,0.0136382078290305,9.055,4.125,4.019,0.383,0.053790003,0.10217,0.21507,0.17228001,0.0,14582298210.586714,1.6048064458255642,1.5733075135445689,216074000.0,1.246,130.08,,,,,,99.23425006866456,104.72300018310548,-22.040717896146056,0.419,12.688,16246017024.0,2.66,12.63,0.71692,0.01773
PNBGILTS,PNB GILTS LIMITED,Financial Services,Capital Markets,79.11000061035156,109.98999786376952,58.599998474121094,13.927817,,0.8349781,,0.0691,0.0094334842361073,1480.222,-0.496,-0.496,-0.481,0.37655,0.87279,0.90559,0.0,2.54,14240601197.86946,1.062499316738603,1.062499316738603,-1978708000.0,56.272,94.745,,,,,,80.31874977111816,86.4063998413086,-26.230881959875095,0.535,14.597159797821774,257109377024.0,5.68,,0.75917,0.00046
SYNCOMF,SYNCOM FORMU (I) LTD,Healthcare,Drug Manufacturers - Specialty & Generic,15.460000038146973,18.700000762939453,10.210000038146973,17.177778,,3.4733765,0.2496770058139535,0.20191,0.09357,0.355,0.688,0.423,-0.09,0.15626,0.14422,0.41887,0.15463,0.65,14532400163.858154,3.185,2.153,410527136.0,1.21,4.451,,,,,,13.904649987220765,13.984399967193603,-11.149423120201009,0.732,17.424,13179656192.0,0.9,,0.50569,0.0011999999
SPIC,SPIC LTD,Basic Materials,Agricultural Inputs,68.02999877929688,128.1999969482422,55.099998474121094,6.75571,,1.0098866,0.1309246124031007,0.16465001,0.06687,51.296,0.516,0.52,-0.226,0.07154,0.06034,0.24833,0.101330005,2.96,13853651719.415607,0.934,0.152,222775008.0,6.165,67.364,,,,,,72.19540002822876,67.90640014648437,-39.95057089811287,0.629,6.523,19538712576.0,10.07,,0.0,0.0028600001
TINNARUBR,TINNA RUBBER AND INFR LTD,Basic Materials,Specialty Chemicals,1047.4000244140625,1322.0,527.4500122070312,30.61678,,6.210127,0.4562858420268255,0.22084999,0.111090004,42.978,0.671,0.752,0.199,0.10787,0.18946,0.38707,0.18511999,0.31,18869703095.837788,1.115,0.419,-724966848.0,2.101,168.66,,,,,,814.1375009155273,1014.4580041503906,27.965794064027193,0.531,19.041,20152090624.0,34.21,,0.69496,0.05093
CLSEL,CHAMAN LAL SETIA EXP LTD,Consumer Defensive,Packaged Foods,278.45001220703125,321.0,203.75,11.05838,,1.6508567,0.2303829166666666,0.14608,0.0947,9.87,0.48,0.478,0.126,0.08464,0.122200005,0.2334,0.115600005,0.9,13846100575.002245,6.937,2.884,954086720.0,25.985,168.67,,,,,,268.5650508117676,285.357001953125,-1.6077695381515045,0.533,7.844,13404469248.0,25.18,,0.75931,0.045489997
DCW,DCW LTD,Basic Materials,Chemicals,44.0099983215332,81.30999755859375,37.11000061035156,18.26141,,1.2136672,0.09130705,0.04571,0.03449,26.985,2.0,2.033,0.14,0.032279998,0.01754,0.29125,0.092209995,0.46,12989771280.592125,1.006,0.486,3985869568.0,6.929,36.262,,,,,,50.26599992752075,47.24779960632324,-45.39024653008797,-0.144,6.687,13627686912.0,2.41,,0.52597,0.06626
JAGSNPHARM,JAGSONPAL PHARMACEUTICALS,Healthcare,Drug Manufacturers - Specialty & Generic,232.9900054931641,264.5,155.0,34.774628,,5.9136024,1.3744912252964427,0.16695,0.10217,2.956,0.253,0.222,0.088,0.15476,0.18360001,0.63902,0.21100001,1.74,15360908650.16142,5.057,4.358,397702496.0,16.092,39.399,,,,,,201.70100006103516,227.7118002319336,-4.531857168732822,-0.278,22.913,14206264320.0,6.7,,0.76088995,0.02585
OMAXE,OMAXE LIMITED,Real Estate,Real Estate - Development,103.16000366210938,108.61000061035156,62.5,,14.7371435,-2.0927498,,-0.2726,-0.029070001,,,,0.439,-0.37043,-0.0013799999,-0.24738,-0.37278998,0.0,18945778336.562138,0.966,0.075,-793962496.0,50.501,-49.294,,,,,,78.55085025787353,86.81580047607422,12.02085760064686,-0.043,-4.588,23555600384.0,-27.89,7.0,0.76919997,0.040310003
WENDT,WENDT (INDIA) LIMITED,Industrials,Tools & Accessories,8109.5,10585.0,5841.5,96.01587,95.7212,6.388703,1.5192384493670887,0.05849,0.03669,0.075,0.632,0.635,0.366,0.066360004,0.10424,0.60063,0.14437,0.25,16218999808.0,3.835,2.619,68262496.0,377.0,1269.35,,,,,,7418.4175,7919.53,-20.08376447400838,0.31,41.171,15182900224.0,84.46,84.72,0.40595,0.112270005
ALLCARGO,ALLCARGO LOGISTICS LTD,Industrials,Integrated Freight & Logistics,10.510000228881836,36.54999923706055,7.110000133514404,52.55,10.51,2.8169394,,0.00373,0.0038800002,120.732,-0.8769230769230769,-0.1999999999999999,-0.857,0.01467,0.03663,0.19498,0.12553,0.0,15741652310.814293,1.06,0.843,6646750208.0,0.842,3.731,,,,,,10.212349989414214,8.633200044631957,-69.71181556829589,0.643,8.042,21331111936.0,0.2,1.0,0.45452,0.0547
EXPLEOSOL,EXPLEO SOLUTIONS LIMITED,Technology,Information Technology Services,883.1500244140625,1175.0999755859375,640.0,11.050426,7.556041,1.7655619,0.1509621038251366,0.17559,0.10507,1.011,0.732,0.731,0.127,0.11139,0.1593,0.35649,0.15003,13.39,13706257786.899876,5.553,5.078,936921280.0,228.611,500.209,1140.0,1140.0,1140.0,1.0,1.0,875.3032507324219,824.9080017089843,-15.16330216963857,0.435,5.505,9193871360.0,79.92,116.88,0.71045,0.00053
GREENPOWER,ORIENT GREEN POWER CO LTD,Utilities,Utilities - Independent Power Producers,9.539999961853027,14.93000030517578,7.980000019073486,17.666666,,0.97119004,,0.06458,0.03462,45.393,-0.2,-0.19,-0.068,0.22264,0.39838,0.80046,0.59241,0.0,11190722515.252392,1.818,1.116,116825000.0,0.576,9.823,,,,,,10.883350019454957,10.22420000076294,-33.74999850988384,0.804,9.203,15651188736.0,0.54,,0.27975,0.01793
IMPAL,IND MOTOR PART & ACC LTD,Consumer Cyclical,Auto Parts,1106.5999755859375,1238.9000244140625,928.0,14.122001,32.21543,0.5983255,0.9173818506754654,0.0378,0.0380176483790818,0.0,0.1539380901159317,1.0527607361963192,0.0604421478662611,0.10674,0.07482,0.15783,0.07631,2.94,13810367183.312511,9.10299727520436,6.459945504087194,-13400000.0,19.647435897435894,1849.495,,,,,,1052.3429995727538,1104.1759985351562,4.781744263556287,0.193,11.69612647697879,13565167488.0,78.36,34.35,0.54491,0.0
AURUM,AURUM PROPTECH LIMITED,Real Estate,Real Estate Services,229.8000030517578,264.6400146484375,151.89999389648438,30.396826,109.42858,2.7975264,,-0.02928,-0.01199,44.065,,,0.635,0.10419,0.01833,0.7388,0.2935,0.0,17633976554.180264,1.214,0.691,358275008.0,18.374,82.144,350.0,350.0,350.0,1.0,1.0,187.77394989013672,221.82980041503907,29.735220864353984,-0.029,14.745,18500335616.0,7.56,2.1,0.6017,0.03906
ASIANHOTNR,ASIAN HOTELS (NORTH) LTD,Consumer Cyclical,Lodging,301.70001220703125,402.5499877929687,247.5,99.85,,1.1789947,,-0.17289,0.01377,36.252,-0.903,-0.82,0.104,-0.26475,0.12086,0.64249,0.14762999,0.0,12862446088.425177,0.603,0.52,-4103865600.0,43.145,255.896,,,,,,306.5695002746582,305.2840002441406,-10.527876249958146,-0.005,27.628,14211393536.0,-37.91,,0.88848,0.02399
ATULAUTO,ATUL AUTO LIMITED,Consumer Cyclical,Auto Manufacturers,487.3500061035156,596.5499877929688,380.0499877929687,28.633959,,5.908992,0.5104092513368983,0.1261999999999999,0.0549709275856237,29.896800612164704,0.561,0.559,0.253,0.08078,0.09268,0.26935,0.12717,0.0,13524586665.38037,1.584744608399546,1.1677639046538024,364700000.0,26.028,82.476,,,,,,464.319748840332,492.8300006103516,6.606149537403172,0.623,16.014,10158974976.0,17.02,,0.62022996,1.0000001e-05
BOROSCI,BOROSIL SCIENTIFIC LTD,Consumer Cyclical,Packaging & Containers,127.6999969482422,180.8000030517578,96.63999938964844,26.329897,,2.5730922,0.1240805702167766,0.08174,0.05075,1.955,2.122,2.138,0.112,0.09024999,0.03343,0.65364,0.1388,0.0,11358537456.55516,3.615,2.285,221454128.0,15.267,49.629,,,,,,127.7235998916626,152.73780059814453,-9.090912053454748,0.637,15.415,10229531648.0,4.85,,0.7374,0.0
APEX,APEX FROZEN FOODS LIMITED,Consumer Defensive,Farm Products,398.7000122070313,514.5,208.7400054931641,24.251825,23.180233,2.3614213,0.026882825994178,0.0788,0.0655561870638598,7.972,9.021307880820329,2.9637057775515396,0.145,0.03447,0.039809998,0.35235,0.050780002,0.52,12459375997.469744,5.959820934598369,2.82428597952413,891382000.0,4.449,168.839,,,,,,369.6646495819092,397.1219982910157,71.45438364077185,-0.097,25.155,12239043584.0,16.44,17.2,0.76791,0.0
IVALUE,IVALUE INFOSOLUTIONS LTD,Technology,Information Technology Services,279.6499938964844,340.0,207.3500061035156,14.757255,9.447635,2.6902616,0.2763530898876404,0.19117,0.061139997,12.223,0.534,0.523,-0.211,0.1029,0.087740004,0.20076999,0.13488,0.0,15277385394.562624,1.545,1.482,1304824960.0,50.455,103.949,394.0,394.0,394.0,,1.0,261.6456497955322,280.1176010131836,-0.7805613480182938,1.4453,9.68,13152755712.0,18.95,29.6,0.51915,0.12045
AWHCL,ANTONY WASTE HDG CELL LTD,Industrials,Waste Management,381.1499938964844,616.0,372.5,18.493448,11.655963,1.4635522,,0.1058,0.04409,50.103,-0.957,-0.957,0.055,0.054770004,0.057189997,0.57637,0.17695999,0.13,10813865810.833006,1.18,1.033,449625504.0,42.986,260.428,600.0,600.0,600.0,1.0,1.0,472.5737501525879,441.47999877929686,-37.11952840966646,0.834,8.452,15955612672.0,20.61,32.7,0.53029996,0.07539
SULA,SULA VINEYARDS LIMITED,Consumer Defensive,Beverages - Wineries & Distilleries,145.2100067138672,296.79998779296875,138.60000610351562,49.39116,18.698196,2.0876105,,0.043709997,0.03704,56.679,-0.435,-0.454,0.03,0.044299997,0.05599,0.64891,0.16774,1.38,12262583862.967531,1.425,0.847,182675008.0,0.851,69.558,186.25,240.0,155.0,2.25,4.0,179.65559944152832,154.43899841308593,-43.48705981112476,0.41,16.568,15538561024.0,2.94,7.76599,0.28378,0.16422
FAZE3Q,FAZE THREE LIMITED,Consumer Cyclical,Textile Manufacturing,490.7000122070313,650.0499877929688,322.1000061035156,39.19329,,2.6382148,,0.07697,0.04302,60.909,-0.246,-0.245,0.082,0.03237,0.05802,0.46604002,0.08614001,0.0,12046568747.679716,1.26,0.464,-837012480.0,12.673,185.997,,,,,,490.1315007019043,563.3110009765625,-1.4361743113040617,0.14,17.711,14349122560.0,12.52,,0.82389,0.0
INDSWFTLAB,IND SWIFT LABORATORIES LT,Healthcare,Drug Manufacturers - Specialty & Generic,333.510009765625,351.29998779296875,87.1500015258789,51.230415,,2.0119205,0.3590078135949544,0.032390002,0.00582,1.481,1.427,1.813,0.254,0.085,0.13502,0.57342,0.10463,0.0,29002552145.234028,3.796,2.489,-1407192576.0,50.825,165.767,,,,,,149.7199500274658,230.0460006713867,233.31003188394655,0.707,33.698,23779053568.0,6.51,,0.63734,0.05748
AYMSYNTEX,AYM SYNTEX LIMITED,Consumer Cyclical,Textile Manufacturing,262.5,281.2200012207031,141.52999877929688,81.7757,,2.6142554,0.2590297751029458,0.01123,0.018509999,31.914,3.157,3.45,0.075,0.01351,0.047059998,0.45273998,0.07994,0.0,15417699328.0,1.146,0.357,67046500.0,2.49,100.411,,,,,,200.59540000915527,240.25859954833984,36.038552480593,0.417,15.529,17250383872.0,3.21,,0.78489995,0.025910001
EKC,EVEREST KANTO CYLINDERLTD,Industrials,Specialty Industrial Machinery,112.8000030517578,154.5500030517578,90.25,10.098478,7.09434,0.9042737,,0.11256,0.05448,19.067,-0.417,-0.418,-0.105,0.08762,0.09359,0.44734,0.13144,0.6,12657027414.430683,3.736,1.367,-1185200000.0,13.623,124.741,,,,,,115.50094982147216,113.52100006103517,-20.32210410682036,0.626,7.28,13683106816.0,11.17,15.9,0.67556,0.00242
DEN,DEN NETWORKS LTD,Communication Services,Entertainment,27.75,37.54999923706055,22.520000457763672,8.92283,-26.428572,0.34757885,,0.0285,0.0387019520353818,0.524,-0.325,-0.323,0.006,0.15194,-0.03014,0.34814,0.06369,0.0,13230254080.0,8.35806006904759,8.35806006904759,-576350000.0,68.859,79.838,,,,,,28.83370002746582,28.63020004272461,-25.623160068106294,0.602,-30.828,-19160047616.0,3.11,-1.05,0.74899,0.0013400001
ICEMAKE,ICE MAKE REFRIGERAT LTD,Industrials,Specialty Industrial Machinery,726.0499877929688,920.0,660.2999877929688,94.04793,,8.612692,,0.094639994,0.04054,119.455,-0.136,-0.136,0.419,0.01824,0.06603,0.29069,0.06782,0.28,11456877375.376266,1.172,0.571,-617626624.0,4.554,84.3,,,,,,770.7942510986328,791.9120031738281,-1.345203376568127,-0.183,29.495,13366294528.0,7.72,,0.0,7e-05
SOLEX,SOLEX ENERGY LIMITED,Technology,Solar,772.2999877929688,1985.0,766.1500244140625,10.444955,,3.2979326,,0.47055998,0.11924,132.242,-0.67,-0.67,0.005,0.049289998,0.07206,0.19936001,0.10463,0.07,8342761852.133683,1.231,0.715,-256872992.0,114.25,234.177,,,,,,1179.635497436523,985.4719982910156,-45.149148594249375,-0.251,6.32,10707801088.0,73.94,,,
IGPL,I G PETROCHEMICALS LTD,Basic Materials,Chemicals,471.0499877929687,532.4500122070312,315.0,17.78218,12.363517,1.0883076,0.371235490605428,0.00166,0.0183,27.136,0.479,0.481,0.314,0.039389998,0.15299,0.24195999,0.11868,1.05,14505912968.086329,1.374,0.896,-1309490176.0,64.833,432.828,570.0,570.0,570.0,1.0,1.0,407.5067489624024,455.06199645996094,7.643962802308657,0.202,6.623,16291049472.0,26.49,38.1,0.73490995,0.0014300001
DHANBANK,DHANLAXMI BANK LIMITED,Financial Services,Banks - Regional,32.4900016784668,36.849998474121094,19.450000762939453,11.126713,,0.84894574,0.1078169864341085,0.07915,0.00566,49.97761072514112,1.032,1.045,0.25,0.14882,0.18077,0.0,0.0,0.0,12823766678.488934,,,5979500000.0,19.325,38.271,,,,,,28.245200052261353,33.27420009613037,18.75000348565168,0.668,,13685685248.0,2.92,,0.51176,0.059899997
UNITECH,UNITECH LTD,Real Estate,Real Estate - Diversified,3.9700000286102295,7.929999828338623,3.0999999046325684,,1.7186148,-0.1106281,0.13,0.52,-0.00024000001,,,,0.01,0.0,0.04853,0.50648,0.01994,0.0,10386715722.852976,0.623,0.026,10619378688.0,1.225,-35.886,,,,,,5.0385499966144565,4.480200023651123,-44.005642550499005,1.074,617.487,63192248320.0,-9.31,2.31,0.16192,0.00337
DOLATALGO,DOLAT ALGOTECH LIMITED,Financial Services,Capital Markets,74.9000015258789,95.76000213623048,64.95999908447266,10.232241,,1.1681223,0.5748449999999999,0.12114,0.09666,25.082,0.178,0.178,-0.034,0.35776,0.61439,1.0,0.0,0.14,13182400780.554695,1.625,0.025,518470000.0,0.47,64.12,,,,,,76.42090003967286,71.57039978027343,-9.212119362571023,0.072,7.000615182422757,14996711424.0,7.32,,0.3082,0.00017999999
SMCGLOBAL,SMC GLOBAL SECURITIES LTD,Financial Services,Capital Markets,81.12999725341797,94.9000015258789,54.439998626708984,16.659138,,1.3028327,0.0361291216655823,0.081750005,0.01936,163.316,4.611,4.657,0.238,0.06163,0.05548,0.45183998,0.0,1.48,16988621248.865732,1.528,0.766,-1180447000.0,21.17,62.272,,,,,,72.50067502975463,76.40240005493165,18.40338766512122,0.554,9.664716815926411,33949607936.0,4.87,,0.71699,0.0025600002
DIGITIDE,DIGITIDE SOLUTIONS LTD,Industrials,Specialty Business Services,96.56999969482422,219.0,69.9000015258789,816.83,,1.7210222,,0.00607,0.04358,57.944,-1.141464132137017,-1.3299023028611303,0.053,-0.0076800003,0.02802,1.0,0.11768,0.0,14399630290.494995,1.474,1.353,1515105024.0,17.661,56.112,,,,,,106.5994002532959,97.39140075683594,-54.31018195687183,1.3798,4.711,17293502464.0,-1.61,,0.63748,0.14753
LAXMIDENTL,LAXMI DENTAL LIMITED,Healthcare,Medical Instruments & Supplies,198.17999267578125,377.0499877929687,155.8800048828125,35.263344,16.423752,4.4858413,1.5331888695652172,0.12772,0.05946,5.329,0.23,0.228,0.139,0.10764,0.13442001,0.71886003,0.16273001,0.0,10892398189.445202,6.129,2.201,-952836224.0,4.036,44.179,323.33334,400.0,280.0,1.0,3.0,224.3571491241455,218.09939971923828,-43.20676723226434,1.3958,22.911,10698733568.0,5.62,12.06667,0.6817,0.17042999
LINCOLN,LINCOLN PHARMA LTD,Healthcare,Drug Manufacturers - Specialty & Generic,622.5999755859375,770.0,440.0,12.930425,,1.6456053,0.418460355987055,0.12299,0.06162,0.584,0.309,0.309,0.151,0.13893,0.13283,0.5291,0.14596,0.3,12470508054.992971,5.251,3.626,25926750.0,120.418,378.341,,,,,,576.1824983215332,607.8379992675781,11.727227561406451,0.391,9.711,9840598016.0,48.15,,0.56119996,0.01082
PUNJABCHEM,PUNJAB CHEM & CROP PROT L,Basic Materials,Chemicals,1167.0,1533.9000244140625,876.5999755859375,21.890827,,3.3792195,3.127261,0.16229999,0.06914,36.418,0.07,0.07,0.087,0.06184,0.09645,0.38959,0.11181,0.26,14309969920.0,1.52,0.744,153687504.0,8.498,345.346,,,,,,1120.7742501831056,1102.1300024414063,-4.297197258072993,0.502,13.207,15616764928.0,53.31,,0.80903,0.03477
TTKHLTCARE,TTK HEALTHCARE LIMITED,Healthcare,Drug Manufacturers - General,1082.0999755859375,1216.800048828125,735.0,20.666538,,1.3715229,0.3244354474097331,0.06026,0.00834,2.187,0.637,0.637,0.137,0.08325,0.048899997,0.50777,0.042379998,0.91,15290432167.021189,5.905,5.253,-247844368.0,662.575,788.977,,,,,,967.8487487792968,994.8249963378906,-5.691131901576474,0.33,17.029,6412024832.0,52.36,,0.75613,0.03597
ANDHRAPAP,ANDHRA PAPER LIMITED,Basic Materials,Paper & Paper Products,60.34000015258789,86.88999938964844,58.0,43.410072,,0.6186941,1.0311180997624705,0.0095999995,-0.00973,11.971,0.421,0.423,0.001,0.016239999,0.05534,0.32808998,0.06235,0.82,11998620702.34213,2.945,1.917,-1979234432.0,26.081,97.528,,,,,,64.86134983062745,61.76839981079102,-20.615710489729626,0.084,8.747,9279174656.0,1.39,,0.77555,0.05238
IFGLEXPOR,IFGL REFRACTORIES LIMITED,Basic Materials,Building Materials,215.9199981689453,338.0,119.68000030517578,38.081127,13.1658535,1.32463,0.6565711551724139,0.03041,0.03159,17.764,0.58,0.578,0.129,0.020969998,0.04559,0.46225,0.072340004,0.97,15563215740.020103,2.339,1.292,-430423616.0,16.577,163.004,,,,,,191.3821007537842,207.84860076904295,-19.85747627955604,1.009,11.893,16799309824.0,5.67,16.4,0.75938004,0.13169
PLATIND,PLATINUM INDUSTRIES LTD,Basic Materials,Specialty Chemicals,211.07000732421875,342.3999938964844,183.5,23.042578,,2.6118648,,0.12031,0.06625,2.293,-0.125,-0.124,-0.056,0.11346,0.1067,0.29966998,0.13176,0.0,11592993170.281776,4.168,3.036,-373866240.0,26.003,80.812,,,,,,232.1050003051758,226.5406008911133,-24.075536933734263,0.541,17.298,10119676928.0,9.16,,0.73322,0.03681
JARO,JARO INS OF TEC MG N RE L,Consumer Defensive,Education & Training Services,440.0499877929687,890.0,383.5,16.630764,,2.6469011,0.4017092753623188,0.19894,0.110410005,2.159,0.414,0.483,0.166,0.19916001,0.18476999,0.99404997,0.23251,1.37,9800083184.1447,10.077,8.601,-143650752.0,43.356,166.251,,,,,,500.8704978942871,492.8280017089844,-40.87336408559372,1.0652,13.186,8705454080.0,26.46,,0.69884,0.04881
CAPITALSFB,CAPITAL SMALL FIN BANK L,Financial Services,Banks - Regional,287.45001220703125,323.70001220703125,206.5500030517578,8.684291,5.5851684,0.877509,0.3047119649122807,0.10521,0.012519999,34.18320437746124,0.285,0.29,0.214,0.29315,0.36598,0.0,0.0,1.74,13068968490.994955,,,-4124711000.0,83.698,327.575,423.66666,490.0,381.0,1.0,3.0,270.86690086364746,291.3360009765625,-3.3456563193193567,0.849,,16120074240.0,33.1,51.46667,0.40945,0.17017001
ALLDIGI,ALLDIGI TECH LIMITED,Industrials,Specialty Business Services,802.8499755859375,1000.0,700.0,14.321262,,4.8745313,0.15,0.32217,0.13793999,68.009,0.217,0.217,0.044,0.14124,0.16841999,0.42253,0.21832001,7.39,12234089099.97057,2.609,2.029,761000000.0,94.387,164.703,,,,,,825.079501953125,817.6229992675782,-16.18645420987095,0.339,9.576,12648978432.0,56.06,,0.75945,0.01312
SALASAR,SALASAR TECHNO ENGG. LTD.,Basic Materials,Steel,6.010000228881836,10.989999771118164,5.590000152587891,75.12501,,1.2599581,,0.021760002,0.02796,50.613,-0.4,-0.414,-0.015,0.00914,0.05205,0.19392,0.07037,0.0,10505182608.074108,1.162,0.54,719550144.0,0.266,4.77,,,,,,7.601800012588501,6.182600040435791,-24.497484923619194,0.448,13.157,13870413824.0,0.08,,0.45484,0.00187
MOL,MEGHMANI ORGANICS LIMITED,Basic Materials,Agricultural Inputs,61.43000030517578,88.87999725341797,36.5,24.280632,,0.9980342,0.0867165428571428,0.01878,0.011770001,46.995,2.8,2.8,-0.115,0.030550001,0.12547,0.41147998,0.100200005,0.0,15622521933.610537,1.072,0.57,950409856.0,1.044,61.551,,,,,,55.132500133514405,52.33779998779297,-29.56890685001006,0.532,10.766,22688182272.0,2.53,,0.50337005,0.0093
BLKASHYAP,B.L.KASHYAP & SON LTD,Industrials,Engineering & Construction,53.97999954223633,75.4000015258789,40.31999969482422,1799.3334,51.409527,2.2911716,,0.0029499999,0.03422,56.784,-0.083,-0.078,0.026,0.0005,0.070700005,0.17803,0.07556,0.0,12171539352.782354,1.303,0.513,657848000.0,1.908,23.56,,,,,,52.31034984588623,54.870399932861325,-23.551906138458868,0.321,13.723,14390201344.0,0.03,1.05,0.62915003,0.00122
WEL,WONDER ELECTRICALS LTD,Consumer Cyclical,"Furnishings, Fixtures & Appliances",136.0399932861328,183.52999877929688,75.01000213623047,149.49449,,20.374418,0.5436163272727274,0.08762,0.031229999,107.754,2.75,2.587,0.509,0.01633,0.02963,0.11217,0.04398,0.14,18230447228.288097,1.235,0.972,157346880.0,2.158,6.677,,,,,,126.54069988250733,110.76059951782229,-13.61991965132181,-0.185,63.107,20360521728.0,0.91,,0.82971,0.0
HUHTAMAKI,HUHTAMAKI INDIA LIMITED,Consumer Cyclical,Packaging & Containers,274.6000061035156,330.0,148.60000610351562,15.196459,10.095588,1.5375915,0.2012776026490066,0.1058,0.0481,10.717,0.755,0.753,0.225,0.05223,0.081140004,0.32696998,0.08324,0.75,20738324940.949333,2.196,1.525,687712512.0,52.416,178.591,463.0,463.0,463.0,1.0,1.0,202.4618999481201,242.6825997924805,25.028456949692888,-0.187,8.157,17731749888.0,18.07,27.2,0.69601,0.0069199996
KROSS,KROSS LIMITED,Consumer Cyclical,Auto Parts,210.36000061035156,237.6000061035156,150.52000427246094,24.013699,,2.770848,0.9964190456431536,0.11948,0.08136,10.969,0.241,0.244,0.323,0.080520004,0.106029995,0.45424,0.13092,0.0,13570202663.373428,3.458,2.145,-924797504.0,3.927,75.919,,,,,,189.77484992980956,194.2708010864258,22.323660590302264,1.4894,13.928,13095956480.0,8.76,,0.68565005,0.04893
RUPA,RUPA & COMPANY LTD,Consumer Cyclical,Apparel Manufacturing,155.2899932861328,212.83999633789065,109.20999908447266,16.415432,14.93173,1.1591574,0.3237757790927021,0.06958,0.04013,24.224,0.507,0.496,0.101,0.05888,0.0592,0.28966,0.09354,2.0,12352457193.949123,2.592,1.604,118351504.0,32.065,133.968,207.0,207.0,207.0,1.0,1.0,155.32855003356934,162.84679962158202,-22.0783789865588,0.633,10.019,11974650880.0,9.47,10.4,0.7332,0.03513
HARDWYN,HARDWYN INDIA LIMITED,Industrials,Building Products & Equipment,9.3100004196167,20.200000762939453,7.764285087585449,49.000004,,1.5715734,0.6550802673796792,0.03258,0.02599,1.563,0.748,0.842,0.252,0.06607,0.09116,0.14595,0.10609,0.0,6366137118.932043,2.126,0.895,35162124.0,0.03,5.924,,,,,,13.939399604797364,13.965456867218018,-8.853135450654104,-0.29,37.701,7994076672.0,0.19,,0.80187,0.0
TEXINFRA,TEXMACO INFRA & HOLDG LTD,Real Estate,Real Estate Services,108.61000061035156,118.0,82.5,150.84721,,1.2356367,,0.009330001,-0.0030500002,2.626,-0.5,-0.554,-0.108,0.53251,-0.64865994,0.94791,-0.33258998,0.14,13839802445.77502,0.481,0.037,-412670368.0,0.263,87.898,,,,,,101.29735023498534,110.85040023803712,10.208013441978617,0.216,-223.809,12671323136.0,0.72,,0.69351,0.01461
NELCAST,NELCAST LIMITED,Industrials,Metal Fabrication,116.62999725341795,173.1999969482422,85.9800033569336,24.709745,26.327314,1.7006911,5.615851136363637,0.0908,0.0404044912287961,43.10682638303435,0.044,0.048,0.273,0.05761,0.08154,0.54029,0.105670005,0.6,10175227664.378136,1.3062221250580768,0.932936272661712,738431000.0,9.743934566419773,68.578,,,,,,121.74015022277833,130.27019958496095,-28.474181896446847,1.2513,10.486707150253588,11899423904.0,4.72,4.43,0.80537003,0.0
ORIENTTECH,ORIENT TECHNOLOGIES LTD,Technology,Information Technology Services,243.1499938964844,466.7272644042969,220.8000030517578,276.61,,3.3081632,,0.01372,0.03348,18.579,-0.484,-0.484,-0.05,-0.00033,0.03249,0.091239996,0.04547,0.0,11137707752.422884,2.003,1.607,-758746368.0,15.959,73.5,,,,,,295.2612868499756,258.8232012939453,-13.385686134744146,1.5947,27.935,10909461504.0,-0.07,,0.73241997,0.0
DIFFNKG,DIFFUSION ENGINEERS LTD,Industrials,Specialty Industrial Machinery,401.7999877929687,453.8999938964844,216.8000030517578,27.333332,,3.696174,0.7367474932614555,0.13011,0.06584,7.057,0.371,0.362,0.365,0.12553,0.111499995,0.32072,0.1396,0.37,14917330490.7986,3.281,2.288,-325576256.0,26.26,108.707,,,,,,322.72979957580566,395.42999877929685,14.196385056977268,1.0874,23.667,14407133184.0,14.7,,0.75359,0.04346
HARIOMPIPE,HARIOM PIPE INDUSTRIES L,Basic Materials,Steel,347.5,572.2000122070312,268.04998779296875,15.653152,,1.6644235,,0.12392,0.07455,62.241,-0.297,-0.297,-0.069,0.04202,0.08031,0.17593001,0.124989994,0.18,10761133056.0,1.675,0.522,-339656256.0,0.934,208.781,,,,,,368.72650100708006,393.70500244140624,-31.12674493957391,0.703,7.249,14815181824.0,22.2,,0.59761,0.09661999
JAYBARMARU,JAY BHARAT MARUTI LTD,Consumer Cyclical,Auto Parts,127.19000244140624,207.0,74.1500015258789,9.960062,,1.977887,,0.22193001,0.06705,76.31,-0.06,-0.062,0.126,0.05274,0.06184,0.25041,0.104329996,0.56,13768318216.28224,0.851,0.329,-327353888.0,6.699,64.306,,,,,,111.72059986114502,161.3472001647949,51.25461764837171,0.596,6.65,18183092224.0,12.77,,0.78208,0.00017000001
ANDHRSUGAR,ANDHRA SUGARS LTD,Basic Materials,Chemicals,102.73999786376952,107.2300033569336,66.5,13.3776045,,0.82490283,0.1420127866242038,0.049689997,0.03652,0.032,0.942,0.941,0.046,0.04225,0.085480005,0.27221,0.091630004,0.8,13924905694.465174,4.793,3.179,2216131840.0,30.968,124.548,,,,,,80.89619995117188,86.99919967651367,28.762998727796795,0.345,4.511,10304990208.0,7.68,,0.0,0.00783
PNGSREVA,PNGS REVA DIAMOND JEWEL L,Consumer Cyclical,Luxury Goods,552.5,644.0,324.25,20.73949,,3.3993306,0.1368040237467018,0.21013,0.12511,32.942,1.516,2.653,1.195,0.16774,0.28456,0.29069,0.23169,0.0,17513365504.0,3.605,1.867,-1215035008.0,111.883,162.532,,,,,,410.3228808904098,444.0420001220703,34.19965596750205,,13.756,16039652352.0,26.64,,0.79057,0.05835
BUTTERFLY,BTRFLY GANDHI APPL LTD,Consumer Cyclical,"Furnishings, Fixtures & Appliances",647.0499877929688,823.8499755859375,565.7999877929688,24.053904,,3.107784,0.631336062992126,0.13085,0.06863,2.054,0.381,0.381,0.141,0.0496,0.0418,0.37689,0.0769,0.0,11568963365.74376,2.101,1.175,732571520.0,84.555,208.203,,,,,,657.8437484741211,696.8080041503906,-12.448413709435323,0.023,13.769,10266810368.0,26.9,,0.81088996,0.0028600001
LGHL,LAXMI GOLDORNA HOUSE LTD,Consumer Cyclical,Luxury Goods,174.14999389648438,399.5833435058594,168.0,420.19,,12.351063,36.933959012984914,0.06468,0.0542,153.423,0.1137679282776789,-0.1243745936625491,-0.045,0.04203,-0.0736,0.21948,0.15852,0.0,8723618510.259295,4.626,0.85,3281928.0,0.375,14.1,,,,,,253.3737002563477,209.6042007446289,-39.11283116227969,-0.137,61.542,10186672128.0,-0.3,,,
SRM,SRM CONTRACTORS LIMITED,Industrials,Engineering & Construction,481.1000061035156,649.9500122070312,361.3500061035156,9.359922,,2.974288,0.1717416880733944,0.32252,0.13524,32.634,0.545,0.546,0.378,0.1093,0.14227,0.3814,0.16582,0.0,11040536716.066698,1.586,0.609,-707790848.0,80.212,161.753,,,,,,493.19199920654296,501.34600036621094,-2.47313642638346,0.556,6.288,11255411712.0,51.4,,0.75235003,0.0
BLUSPRING,BLUSPRING ENTERPRISES LTD,Industrials,Specialty Business Services,117.95999908447266,131.82000732421875,43.97999954223633,98.35,,2.5989249,,-0.030439999,0.01198,18.377,,,0.191,-0.0031299999,0.00709,0.12966,0.02604,0.0,17635268471.12673,1.333,1.237,493380000.0,3.371,45.388,,,,,,76.55815006256104,111.17820007324218,40.12829491189718,0.9087,22.76,20941879296.0,-0.74,,0.69688004,0.09078
SHREEPUSHK,SHRE PUSH CHEM & FERT LTD,Basic Materials,Specialty Chemicals,406.6499938964844,476.0,272.45001220703125,18.492496,25.179567,2.154711,2.6800718840579707,0.12202,0.05175,21.542,0.069,0.094,0.1,0.07191,0.091400005,0.33606997,0.102390006,0.54,13150121786.626398,1.676,1.08,-358415360.0,40.775,188.726,,,,,,367.5927503967285,399.7559991455078,20.115199692507566,0.067,12.153,12471045120.0,21.99,16.15,0.70678,0.0
GALAPREC,GALA PRECISION ENG LTD,Industrials,Specialty Industrial Machinery,1029.5999755859375,1260.0,671.2000122070312,36.394485,,4.4987416,1.4854891836734696,0.1292,0.085159995,13.04,0.245,0.254,0.195,0.11372,0.12059,0.58763003,0.18082,0.0,13195558599.104507,3.437,1.343,-165512496.0,8.947,228.864,,,,,,856.385998840332,1103.8249951171874,26.277059718562313,0.8848,22.497,13285687296.0,28.29,,0.72059,0.028269999
IGARASHI,IGARASHI MOTORS INDIA LTD,Consumer Cyclical,Auto Parts,446.7999877929687,558.0,271.04998779296875,85.59387,,3.0137467,0.5070726895734597,0.02606,0.02441,31.472,1.688,1.696,0.225,0.01799,0.03513,0.32144,0.092609994,0.3,14063050367.78313,1.099,0.674,103556376.0,0.988,148.254,,,,,,407.4069984436035,454.7289965820312,-10.862845328086037,0.424,18.057,15251866624.0,5.22,,0.7664,0.03063
IKIO,IKIO TECHNOLOGIES LIMITED,Technology,Electronic Components,195.6999969482422,252.8999938964844,103.52999877929688,32.89076,,2.5117435,0.0905333333333333,0.07095,0.0405,11.438,3.633,4.099,0.409,0.07215,0.08578,0.40337002,0.129,0.0,15123833620.158009,3.147,1.179,-1070717504.0,2.815,77.914,,,,,,167.09589965820314,191.17539978027344,-16.413961104133335,0.84,18.807,15634804736.0,5.95,,0.73841006,0.01189
RATNAVEER,RATNAVEER PRECISION ENG L,Basic Materials,Steel,269.239990234375,270.5,130.5,14.648531,16.933332,2.7352893,,0.12364,0.054029997,50.053,-0.097,0.22,0.189,0.06042,0.078839995,0.16739,0.10549,0.0,19230917958.47385,1.765,0.541,-3541362432.0,13.467,98.432,255.0,255.0,255.0,,1.0,164.2718497467041,191.77479949951172,80.98951342862726,0.451,16.488,19458846720.0,18.38,15.9,0.57532,0.01364
QUADFUTURE,QUADRANT FUTURE TEK LTD,Industrials,Railroads,337.79998779296875,502.3999938964844,248.5500030517578,,,4.820411,,-0.15451,-0.10049,10.233,-0.261,-0.311,0.413,-0.23405,-0.17113,0.20402999,-0.17517,0.0,13511998999.718767,5.959,2.51,-739193728.0,8.113,70.077,,,,,,326.97800018310545,394.8790002441406,-13.228872749769485,1.7256,-46.861,13529430016.0,-9.61,,0.73460996,0.01764
GPTHEALTH,GPT HEALTHCARE LIMITED,Healthcare,Medical Care Facilities,151.41000366210938,175.0,115.0,26.286457,15.141001,4.6112385,0.4050301540832048,0.16324,0.08595,33.842,0.649,0.657,0.178,0.096149996,0.13709,0.59795,0.16687,1.95,12423921964.49376,1.123,0.926,206689376.0,5.752,32.835,136.0,136.0,136.0,,1.0,140.59244972229004,155.18600036621095,-4.635636714930902,0.331,15.945,13081209856.0,5.76,10.0,0.66772,0.07438
EXCELINDUS,EXCEL INDUSTRIES LTD,Basic Materials,Specialty Chemicals,1114.5,1348.800048828125,800.0499877929688,19.628391,,0.82257354,,0.04597,0.022650002,0.463,-0.127,-0.127,-0.051,0.06616,0.11156,0.462,0.10231,1.21,14010036224.0,2.493,1.8,-255744624.0,115.267,1354.894,,,,,,945.6475012207032,955.9490014648436,-10.345103218694994,0.433,11.666,12875917312.0,56.78,,0.57414,0.06964
HMAAGRO,HMA AGRO INDUSTRIES LTD,Consumer Defensive,Packaged Foods,21.940000534057617,34.2400016784668,20.0,6.6890244,,1.1609694,0.001351318060606,0.18639,0.038629998,88.318,49.5,61.973,0.861,0.02716,0.00118,0.11737,0.020539999,1.37,10986889483.43992,1.262,0.187,-2647221248.0,4.892,18.898,,,,,,25.357850008010864,21.905199966430665,-30.37130950590228,0.435,10.638,17273874432.0,3.28,,0.78897005,0.0
UDS,UPDATER SERVICES LIMITED,Industrials,Specialty Business Services,212.75,266.20001220703125,125.0999984741211,16.479473,10.985368,1.3530961,6.591789199999999,0.08194,0.046269998,4.253,0.025,0.04,0.091,0.028900001,0.0437,0.18247,0.058390003,1.85,14368223232.0,2.32,2.157,1373418752.0,48.463,157.232,245.0,315.0,170.0,1.66667,3.0,175.8165495300293,196.32000061035157,-13.322467856920618,0.712,6.695,11741662208.0,12.91,19.36667,0.67697,0.11771
BHARATSE,BHARAT SEATS LIMITED,Consumer Cyclical,Auto Parts,230.2599945068359,263.17999267578125,129.10000610351562,31.285324,,6.2964177,1.9193450306748463,0.1991,0.05756,47.94,0.163,0.164,0.462,0.02165,0.03531,0.13474,0.049250003,0.66,14460327591.029305,0.877,0.69,314074368.0,2.599,36.57,,,,,,186.6275998687744,219.08059997558593,70.08419722406818,0.888,15.826,15205337088.0,7.36,,0.60024,0.16383
MONTECARLO,MONTE CARLO FASHIONS LTD.,Consumer Cyclical,Apparel Manufacturing,541.5,860.9500122070312,464.0,10.710047,10.638507,1.2373551,0.2814291081223697,0.12880999,0.055560004,63.989,0.3805593199457928,,0.076,0.08151,-0.20041999,0.49104,0.17802,3.67,11226413056.0,1.68,0.846,87387504.0,55.911,437.627,,,,,,590.931499633789,537.948998413086,-7.931653911013104,0.213,6.961,15942612992.0,50.56,50.9,0.74489,0.02319
MOTISONS,MOTISONS JEWELLERS LTD,Consumer Cyclical,Luxury Goods,16.59000015258789,20.809999465942383,10.619999885559082,24.397058,,3.4497817,0.6505882133333334,0.13962,0.09846,7.795,0.375,0.376,0.233,0.13088,0.14821,0.2236,0.17809,0.0,18871234733.569733,8.672,0.262,53932752.0,0.157,4.809,,,,,,14.120250029563904,14.448200016021728,-19.073169987376147,0.516,18.641,16924590080.0,0.68,,0.62747,0.0
RIIL,RELIANCE INDUSTRIAL INFRA,Industrials,Engineering & Construction,737.7999877929688,964.9000244140624,617.3499755859375,91.65217,88.78459,2.3508196,1.07,0.0241,0.0233861834654586,,-0.083,-0.084,-0.307,0.29159,-0.41204,0.86106,-0.21478,0.48,11140779847.673828,9.136550589525635,9.134357005758158,-356900000.0,212.57,313.848,,,,,,771.0707504272461,783.3310034179688,-17.912772828951685,0.113,-87.69,7835095040.0,8.05,8.31,0.48313,0.00604
ARIHANTSUP,ARIHANT SUPERSTRUCT LTD,Real Estate,Real Estate - Development,247.8500061035156,465.0,188.8000030517578,25.18801,,2.9545348,,0.111269996,0.046090003,194.333,-0.371,-0.385,0.088,0.07108,0.20396,0.37715998,0.20877,0.1,10719510791.977003,2.903,0.215,-2093305088.0,2.868,83.888,,,,,,280.71119995117186,260.3209994506836,-40.15453102591013,0.67,22.93,26884823040.0,9.84,,0.78836,0.0
ELECTHERM,ELECTROTHERM (I) LTD.,Basic Materials,Steel,1012.9000244140624,1277.0,551.0,,,-8.384865,,0.0285,-0.00014,,-0.927,-0.927,-0.018,-0.00424,0.0117999995,0.26599002,0.0116,0.0,12907196727.10386,0.528,0.171,2509637376.0,71.791,-120.801,,,,,,865.6967489624024,1067.502998046875,34.18560736228662,0.695,52.53,22503901184.0,-12.3,,0.71782,0.01285
MWL,MANGALAM WORLDWIDE LTD,Basic Materials,Steel,41.16999816894531,43.939998626708984,18.260000228881836,23.525713,,4.0802774,1.336688238636364,0.17683001,0.066139996,160.456,0.176,0.178,0.147,0.04157,0.08214,0.2343,0.08372,0.07,12227766752.164425,1.508,0.333,-2666953984.0,0.217,10.09,,,,,,31.010130052566527,38.18750015258789,120.92834807233945,0.569,16.404,17146516480.0,1.75,,0.72853,0.0
IZMO,IZMO LIMITED,Technology,Software - Application,866.4500122070312,1374.699951171875,402.1000061035156,28.15892,,3.1700473,1.06,0.12384,0.046430003,4.055,1.497,1.511,0.823,0.16695,0.096379995,0.59613997,0.18284,0.0,12964324534.648638,2.615,1.854,-422942624.0,6.877,273.324,,,,,,831.329750366211,1013.91400390625,112.3391834646102,0.806,27.107,14119815168.0,30.77,,0.44766,0.03241
TARSONS,TARSONS PRODUCTS LIMITED,Healthcare,Medical Instruments & Supplies,337.29998779296875,375.0,164.4499969482422,161.38756,25.946154,2.8126144,,0.022650002,0.01181,61.913,-0.589,-0.59,0.207,0.025139999,-0.00942,0.66409,0.27586,0.0,17946477942.509266,1.006,0.426,-144532496.0,4.722,119.924,,,,,,233.57875007629391,295.1575994873047,2.2276027622407435,0.289,18.09,22026506240.0,2.09,13.0,0.73872,8.9999994e-05
RGL,RENAISSANCE GLOBAL LTD,Consumer Cyclical,Luxury Goods,130.50999450683594,147.89999389648438,85.0,32.066338,,0.92862576,0.1062855087835598,0.06087,0.050890002,41.552,3.017,2.98,0.472,0.03562,0.0582,0.23999001,0.08048,0.0,14016312754.05357,3.006,1.555,-66965624.0,18.922,140.541,,,,,,114.87124984741212,117.75519973754882,16.944441121206545,0.229,7.577,18677745664.0,4.07,,0.66313004,0.0
ALICON,ALICON CASTALLOY LIMITED,Industrials,Metal Fabrication,746.75,1022.0,580.0,33.411633,9.393082,1.941673,1.427847564102564,0.05638,0.04452,56.406,0.234,0.229,0.383,0.0189,0.049239997,0.44487,0.10897,0.8,12199535616.0,1.112,0.821,523805376.0,12.142,384.591,,,,,,733.7960003662109,672.5879956054688,-10.947467548664902,0.549,7.408,15617639424.0,22.35,79.5,0.71593004,0.105349995
INDOBORAX,INDO BORAX & CHEMICAL LTD,Basic Materials,Chemicals,498.1499938964844,509.8999938964844,224.0,28.352304,,4.135123,0.6750548571428572,0.13925,0.07443,0.37,0.42,0.419,0.252,0.23332001,0.26240999,0.46443,0.22393,2.3,15985633084.138187,20.848,14.245,178776128.0,65.85,120.468,,,,,,300.47855018615724,410.1009997558594,86.18950350390404,0.809,24.507,11823409152.0,17.57,,0.50231,0.2
MANAKCOAT,MAN COAT METAL & IND LTD,Industrials,Metal Fabrication,126.91000366210938,182.82000732421875,94.1999969482422,30.073462,,2.9604144,,0.2673999999999999,0.0539046080209261,33.071,-0.07,0.007,0.049,0.04547,0.09482,0.26514998,0.09251001,0.04,13532927366.505548,1.7896938583316029,0.6969472764064696,-572391000.0,3.198,42.869,,,,,,119.94980003356932,118.18240005493163,-15.286025144969194,0.373,16.921,14039026688.0,4.22,,0.74977,0.0
TBZ,TRIB BHIMJI ZAVERI LTD,Consumer Cyclical,Luxury Goods,248.8500061035156,295.70001220703125,110.5,7.771705,83.78788,1.9806433,0.1257557443365695,0.27058,0.10941,105.734,0.618,0.508,0.348,0.06249,0.075780004,0.17588,0.112440005,1.01,16605915543.291391,1.654,0.091,-812721856.0,15.252,125.641,,,,,,175.56395000457763,234.49100128173828,28.897756785679853,0.434,6.347,24404473856.0,32.02,2.97,0.75161004,0.0
OAL,ORIENTAL AROMATICS LTD,Basic Materials,Specialty Chemicals,334.8999938964844,400.0,228.0,213.31209,,1.6960224,0.533280225,0.0049900003,0.01973,60.585,4.0,3.989,0.152,0.005,0.046490002,0.20347,0.063990004,0.15,11270582066.59488,1.589,0.602,-494573504.0,3.901,197.462,,,,,,307.3790503692627,349.1930010986328,-0.7262523084939465,0.692,22.596,15400931328.0,1.57,,0.76512,0.0
BALAJITELE,BALAJI TELEFILMS LIMITED.,Communication Services,Entertainment,91.47000122070312,141.32000732421875,69.5199966430664,,,1.7621222,,-0.07782,-0.05472,3.047,-1.5638933260450412,-1.1498128856935586,2.299,-0.055180002,0.1013,0.07143,-0.033350002,0.0,11150402708.806507,2.597,0.834,-571804032.0,10.454,51.909,,,,,,97.23685009002683,88.21120056152344,-0.3160428386834724,0.62,-79.661,10050618368.0,-1.78,,0.72655,0.080620006
VHL,VARDHMAN HOLDINGS LIMITED,Financial Services,Credit Services,3510.0,4275.0,2870.0,4.454767,,0.29754913,,0.0391,0.0573087872058749,,-0.183,-0.183,-0.114,14.548559,0.91814005,1.0,0.86496,0.16,11202291712.0,,,-57500000.0,4.856,11796.371,,,,,,3460.8504931640623,3514.471982421875,-9.323410872113548,-0.135,74.445,10273914880.0,787.92,,0.85521007,6.0000002e-05
AVTNPL,AVT NATURAL PRODUCTS LTD,Basic Materials,Specialty Chemicals,88.47000122070312,92.4499969482422,53.5,20.767605,49.702248,2.4087234,0.1339845483870967,0.12162,0.06138,20.311,1.55,1.567,0.822,0.10193,0.15254,0.49682,0.13713999,1.04,13472565433.89355,2.713,1.404,-375659360.0,9.663,36.729,,,,,,67.74405004501342,72.28179962158202,20.695767445239575,0.426,11.399,12850749440.0,4.26,1.78,0.77271,0.0
PAUSHAKLTD,PAUSHAK LIMITED,Basic Materials,Specialty Chemicals,787.4000244140625,814.6500244140625,342.5,45.805702,,3.9531684,1.789285234375,0.08222,0.04014,15.666,0.256,0.255,0.495,0.17216,0.20637,0.71917,0.26797,0.32,19414854233.975426,2.012,1.421,-518252992.0,11.098,199.182,,,,,,519.301936028412,584.8270043945313,33.8774108185238,0.489,29.815,19673909248.0,17.19,,0.75624,0.0
GENESYS,GENESYS INTL CORPN LTD,Technology,Software - Application,183.5500030517578,647.9000244140625,168.5,33.99074,13.496324,1.0610011,,0.051960003,0.031689998,24.515,-0.359,-0.348,0.107,0.099379994,0.16308,0.46131,0.33356997,0.0,11242086586.914328,2.606,1.269,-564734720.0,25.545,172.997,,,,,,316.94024436950684,280.54277557373047,-69.42362039243277,-0.182,7.386,8076639232.0,5.4,13.6,0.44469002,0.0025099998
SALZERELEC,SALZER ELECTRONICS LTD,Industrials,Electrical Equipment & Parts,568.5499877929688,952.5,488.7999877929687,22.981003,,1.6963439,,0.09309,0.05866,88.776,-0.543,-0.535,0.129,0.02407,0.048860002,0.22275999,0.07541,0.44,10053519144.146294,1.414,0.662,-1182497024.0,11.585,335.162,,,,,,636.8822505187989,606.3809985351562,-33.9279502855353,0.298,11.219,15357801472.0,24.74,,0.4403,0.04166
GULPOLY,GULSHAN POLYOLS LIMITED,Basic Materials,Chemicals,191.9199981689453,227.6300048828125,121.5,8.362527,,1.6655096,0.0272750391389432,0.16091,0.08778,43.497,3.066,3.072,0.079,0.062529996,0.11627,0.36051998,0.11869001,0.82,11934242702.13875,1.23,0.545,989197760.0,4.507,115.232,,,,,,166.81519981384278,194.2973989868164,13.83830733603928,0.39,5.073,14205348864.0,22.95,,0.6892,0.0
AEROENTER,AEROFLEX ENTERPRISES LTD,Basic Materials,Steel,130.64999389648438,149.5500030517578,62.20000076293945,9.8159275,,1.7910264,0.0115781168907761,0.09559,0.06854,4.218,8.478,8.486,1.477,0.16426,0.45742,0.54881,0.31425,0.31,14784901453.300564,4.254,2.196,-691225856.0,12.908,72.947,,,,,,95.51779983520508,126.3554002380371,40.665372265260814,1.576,5.213,15026458624.0,13.31,,0.67866,0.0
IRMENERGY,IRM ENERGY LIMITED,Utilities,Utilities - Regulated Gas,285.6000061035156,393.0,165.39999389648438,16.035936,11.704919,1.1746802,0.1122964705882353,0.054619998,0.03304,7.333,1.428,1.429,0.241,0.06469,0.13919,0.27542,0.12861,0.52,11726644474.608389,1.83,1.657,706540032.0,67.306,243.13,402.0,402.0,402.0,,1.0,264.27124977111816,271.42799987792966,2.255645752199875,2.061,6.708,9748299776.0,17.81,24.4,0.75407,0.02327
MADRASFERT,MADRAS FERTILISERS LTD,Basic Materials,Agricultural Inputs,65.04000091552734,96.38999938964844,52.560001373291016,13.034069,,11.364669,,2.6954901,0.02637,689.616,-0.215,-0.215,0.211,0.02905,0.060170002,0.41939998,0.04003,0.0,10478028947.492647,0.711,0.545,8967012352.0,40.77,5.723,,,,,,70.50645021438599,67.79560012817383,-30.779053268131072,0.248,10.535,10298559488.0,4.99,,,
GKSL,GUJARAT KIDNEY N SUP SP L,Healthcare,Medical Care Facilities,156.41000366210938,162.22000122070312,98.36000061035156,63.06855,,3.8555968,0.2815560267857142,0.11929,0.07876,11.427,2.24,2.946,2.126,0.18896,0.15667,0.72255,0.32848,0.0,12331872544.732594,3.76,1.923,-1309425920.0,9.045,40.567,,,,,,120.1076545715332,132.00600006103517,49.61737353388311,0.5808,30.596,8242518016.0,2.48,,0.74789,1.0000001e-05
SURAJEST,SURAJ ESTATE DEVELOPERS L,Real Estate,Real Estate - Development,198.55999755859375,349.3500061035156,171.3000030517578,10.172131,7.0162544,0.9268716,,0.09527001,0.071830004,64.98,-0.342,-0.41,-0.276,0.16242,0.49220002,0.48470002,0.39173,0.0,9520141194.944538,4.452,0.41,-1215045760.0,11.629,214.226,280.0,280.0,280.0,,1.0,224.98550048828125,200.0588003540039,-38.29707734907123,0.942,7.279,15848859648.0,19.52,28.3,0.74448997,0.00025
SKMEGGPROD,SKM EGG PROD EXPORT(I) LT,Consumer Defensive,Packaged Foods,255.47999572753903,372.0,143.10000610351562,12.0794325,,3.4007773,0.2592152896995708,0.29677,0.17001,35.857,0.466,0.465,0.049,0.14335,0.14805001,0.33535,0.22087999,0.49,13470289694.732714,2.857,1.635,168068496.0,32.314,75.124,,,,,,211.2528997039795,280.3448001098633,59.55034861985264,-0.129,7.615,13061586944.0,21.15,,0.60974,0.00373
INDORAMA,INDO RAMA SYNTHETICS LTD,Consumer Cyclical,Textile Manufacturing,61.290000915527344,75.0,29.0,9.93355,,3.0775797,0.4775745192307692,0.33855,0.060949996,219.556,0.208,0.208,-0.283,0.0355,0.09873,0.23997,0.07855,0.0,16003625199.056229,0.752,0.118,-773862528.0,0.699,19.915,,,,,,44.5176501083374,51.094800033569335,10.43243408203125,0.193,7.267,25920708608.0,6.17,,0.87864,1.0000001e-05
JPOLYINVST,JIND POL INV & FIN CO LTD,Financial Services,Asset Management,954.4000244140624,1487.699951171875,716.0499877929688,1.2407374,,0.6250598,,0.54803,0.38566002,1.462,-0.779,-0.779,0.057,0.77975,0.98867,1.0,0.0,0.0,10032585984.63891,0.006,0.006,6446903808.0,0.038,1526.894,,,,,,1068.2577459716797,1068.2519982910155,32.30748689480767,-0.871,1.126,10611773440.0,769.22,,0.80855006,0.0
CENTRUM,CENTRUM CAPITAL LIMITED,Financial Services,Financial Conglomerates,23.559999465942383,40.0,19.65999984741211,11.57,,3.6801,,-0.19118,-0.01277,1218.677,,,1.377,-0.20095,-0.41333,0.82601,0.0,0.0,11179394818.585691,1.351,1.294,-20453231000.0,27.875,6.402,,,,,,25.74075004577637,23.864800033569335,-37.73784521422338,0.013,13.489477317605026,168701820928.0,-4.7,,0.74132,1.0000001e-05
DAMCAPITAL,DAM CAPITAL ADVISORS LTD,Financial Services,Capital Markets,145.5399932861328,286.0,119.22000122070312,14.171371,,2.7405565,,0.24398,0.17028,25.432,-0.333,-0.348,-0.032,0.31952,0.0064999997,0.96079004,0.0,0.69,10287639077.423626,34.7,33.923,311200000.0,39.791,53.106,,,,,,171.11180042266847,153.1770004272461,-35.7098727153607,1.608,8.433886613805191,8723550208.0,10.27,,0.42556,0.08509
CENTENKA,CENTURY ENKA LTD,Consumer Cyclical,Textile Manufacturing,567.0,671.6500244140625,371.2000122070313,8.417459,,0.82824385,0.0279556924609764,0.06922,0.031770002,1.482,3.011,3.012,0.38,0.0792,0.12865,0.28835,0.11446,1.93,12389283840.0,4.225,2.553,703025024.0,162.527,684.581,,,,,,470.9265017700195,554.2150036621093,12.355098951275334,0.219,4.289,9123050496.0,67.36,,0.38849998,0.10767
KAPSTON,KAPSTON SERVICES LIMITED,Industrials,Specialty Business Services,524.7999877929688,600.0,237.1999969482422,56.673862,,13.726722,1.4682347668393785,0.27415,0.07697,158.273,0.386,0.385,0.162,0.03541,0.06059,0.07327,0.0572,0.0,15970809484.513388,1.429,1.169,-174122752.0,4.985,38.232,,,,,,354.4371669006348,437.9310052490234,113.89850203286748,0.093,35.766,17618546688.0,9.26,,,
FINOPB,FINO PAYMENTS BANK LTD,Financial Services,Banks - Regional,146.16000366210938,339.0,110.02999877929688,58.23108,7.1892447,1.516214,,0.067600004,0.01102,190.67075669701072,-0.705,-0.704,-0.361,0.01589,-0.05053,0.0,0.0,0.0,12163202352.7549,,,-4494300000.0,162.426,96.398,390.0,390.0,390.0,2.0,1.0,187.61820049285888,153.5484014892578,-43.32686811897525,0.583,,14072767488.0,2.43,20.33037,0.77484,0.00081
RSL,RAJPUTANA STAINLESS LTD,Basic Materials,Steel,165.5500030517578,171.99000549316406,101.6999969482422,23.515625,,3.1758974,0.4760247975708502,0.19338,0.1011,18.946,0.494,0.805,0.324,0.054369997,0.08698,0.19428,0.09268,0.3,13834626303.028255,2.278,1.207,36968752.0,16.05,52.127,,,,,,132.63672873238536,138.4763996887207,46.46554440384614,,13.115,13151751168.0,7.04,,0.73394996,0.0347
ROTO,ROTO PUMPS LIMITED,Industrials,Specialty Industrial Machinery,65.52999877929688,89.80000305175781,47.5,44.578228,,5.140011,0.9191387216494846,0.10709,0.065809995,13.234,0.485,0.468,0.147,0.094119996,0.15074,0.69235003,0.18298,0.39,12379348761.395544,2.205,1.036,138455872.0,1.207,12.749,,,,,,62.14105016708374,68.15800033569336,-25.98825604054764,0.35,23.29,12544294912.0,1.47,,0.70537,1.0000001e-05
MICEL,MIC ELECTRONICS LTD,Technology,Electronic Components,35.650001525878906,82.97000122070312,29.969999313354492,,,3.9801276,,-0.05751,0.040349998,21.749,0.286,0.279,2.765,-0.05466,0.07569,0.24927999,0.11619,0.0,8592062831.75447,1.915,1.628,-73920128.0,0.462,8.957,,,,,,40.8890998840332,38.451399688720706,-27.540648428744053,1.82,34.314,8876401664.0,-0.51,,0.52698004,0.0
WEALTH,WEALTH FRST PORT. MG. LTD,Financial Services,Capital Markets,864.6500244140625,1294.800048828125,774.9500122070312,27.918955,,6.1222396,,0.2564,0.24219999,0.0,-0.353,-0.353,-0.238,0.50699,0.72392,1.0,0.0,1.88,9212846340.131844,5.794,1.064,733992000.0,1.218,141.231,,,,,,940.6862503051758,951.6690002441406,-30.376841338576288,-0.232,17.65562422155821,10257527808.0,30.97,,0.7623,0.00043000001
SHREDIGCEM,SHREE DIGVIJAY CEM CO LTD,Basic Materials,Building Materials,70.20999908447266,107.6999969482422,53.900001525878906,57.54918,,2.8384879,,0.06845,0.027999999,140.51,-0.505,-0.505,0.721,0.02022,0.0584,0.39361,0.08196,1.42,10385060728.580442,2.725,2.148,-859659008.0,28.525,24.735,,,,,,76.45110027313233,73.74860061645508,-26.596970241054564,0.082,15.522,11327301632.0,1.22,,0.65602,0.04522
AMNPLST,AMINES & PLASTICIZERS LTD,Basic Materials,Chemicals,183.0399932861328,250.0,127.0,27.52481,,3.4463022,1.004555109489051,0.13262,0.08066,9.312,0.274,0.274,0.073,0.066350006,0.08971,0.24766001,0.1062,0.28,10070860430.603027,3.122,1.758,554380352.0,9.657,53.112,,,,,,182.1421501159668,195.22539947509765,-20.4796250280741,0.166,15.775,9738105856.0,6.65,,0.89236,0.0
BIL,BHARTIYA INTERNATIONAL,Consumer Cyclical,Footwear & Accessories,834.5499877929688,980.0,602.0,43.6252,49.853645,2.2670658,0.2048131455399061,0.02873,0.04731,111.216,2.13,2.181,0.332,0.01766,0.09016,0.40691003,0.09329,0.0,11191658332.298698,1.535,0.499,21475376.0,76.41,368.119,,,,,,764.642250366211,764.9039990234374,-1.9445409784643597,0.164,11.615,15720427520.0,19.13,16.74,0.78205,0.0
EXCELSOFT,EXCELSOFT TECHNOLOGIES L,Technology,Software - Application,70.87999725341797,142.58999633789062,66.4000015258789,17.458128,13.125925,1.4104911,0.524268108108108,0.091359995,0.053850003,1.137,0.333,0.536,0.441,0.15732999,0.08101,0.49932998,0.18285,0.0,8157164739.911923,3.842,3.289,-214203744.0,12.692,50.252,145.0,145.0,145.0,,1.0,83.87437810124578,77.68499954223633,-43.73263747990751,1.9567,12.494,6786471424.0,4.06,5.4,0.63432,0.01692
MANALIPETC,MANALI PETROCHEMICALS LT,Basic Materials,Specialty Chemicals,77.7300033569336,78.72000122070312,39.130001068115234,7.424069,,1.0423065,1.22,0.10939,0.02011,10.691,3.506,3.488,0.171,0.16939,0.26871002,0.28419,0.13573,0.69,13369501249.390017,4.507,3.722,2112500.0,35.175,74.575,,,,,,59.630099849700926,65.58199966430664,13.923493379155172,0.417,5.44,7844728832.0,10.47,,0.52319,0.0025499999
JINDALPHOT,JINDAL PHOTO LIMITED,Financial Services,Asset Management,1049.4000244140625,1616.5999755859375,816.0,295.35,,1.053605,,0.0200999999999999,-0.0183396906635765,6.343082632408667,-0.995,-0.995,-0.964,0.0,0.26667,0.97698,0.0,0.0,10806161659.40299,0.3293282218848894,0.3293282218848894,74500000.0,0.029244537559052,996.009,,,,,,1230.8317486572266,1099.2659936523437,23.096777057368033,1.1366,,11453661408.0,-60.56,,0.82879996,0.01745
TNPL,TAMILNADU NEWSPRT & PAPER,Basic Materials,Paper & Paper Products,139.85000610351562,179.89999389648438,121.51000213623048,3.7095492,3.7594087,0.417928,0.0037668046303818,0.11254,0.01735,69.638,9.848,9.861,0.004,0.056110002,0.03213,0.2801,0.106850006,2.88,9679103398.428003,0.689,0.241,131862000.0,2.267,334.627,,,,,,143.24635055541992,146.8624008178711,-10.934911286304605,0.028,5.146,25562632192.0,37.7,37.2,0.49409,0.08956
SWELECTES,SWELECT ENERGY SYS LTD,Technology,Solar,608.7999877929688,977.0,483.1000061035156,22.154293,,1.001871,,0.06288,0.03734,83.572,-0.667,-0.656,-0.262,0.068280004,0.12019,0.49258,0.24209999,0.58,9458461506.348658,1.485,0.456,-2009396864.0,155.31,607.663,,,,,,619.6202502441406,631.0069958496093,-19.619755985095622,0.72,10.246,15148255232.0,27.48,,0.62106,0.00042
ORICONENT,ORICON ENTERPRISES LTD,Consumer Cyclical,Packaging & Containers,58.119998931884766,73.12000274658203,48.810001373291016,50.103447,,0.7822658,1.9803733992094863,0.015140001,-0.02451,0.273,0.253,0.258,-0.805,0.6382,-2.1644201,-0.41713002,-1.15708,0.88,9182360407.24881,8.245,3.467,-213937248.0,9.427,74.297,,,,,,60.903900089263914,55.57179985046387,9.639692081023576,0.277,-14.17,7432047104.0,1.16,,0.78266,0.0
KRISHIVAL,KRISHIVAL FOODS LIMITED,Consumer Defensive,Packaged Foods,393.5499877929687,508.0,282.29998779296875,41.339283,,4.5899324,2.6330753503184714,0.12996,0.09356,18.086,0.157,0.123,0.796,0.06625,0.09585,0.31499,0.12636,0.06,10086016711.154556,5.186,2.457,-549024128.0,14.153,85.742,,,,,,377.96027221679685,397.53499877929687,-0.5935857892763852,-0.876,17.819,7478043648.0,9.52,,1.13428,0.0
AFSL,ABANS FINANCIAL SRVCS LTD,Financial Services,Capital Markets,202.13999938964844,229.0,194.41000366210935,7.6192985,,0.8192263,0.0857063948256467,0.083579995,0.03395,55.763,0.889,1.069,0.959,0.0049900003,0.02668,0.014450001,0.00819,0.0,10276749280.969872,1.952,1.338,5840356864.0,379.321,246.745,,,,,,202.2852000427246,202.0347994995117,-8.678566155034794,-0.078,-0.218,-457677632.0,26.53,,0.80911005,0.06888
THEMISMED,THEMIS MEDICARE LTD.,Healthcare,Drug Manufacturers - Specialty & Generic,102.7699966430664,148.0,64.94999694824219,23.679722,,2.3865035,,0.0028600001,-0.0104600005,25.112,-0.9616565548218416,,-0.109,0.12055001,-0.63207,0.59272,-0.12616,0.48,9545648840.195871,1.835,1.127,-97626128.0,0.993,43.063,,,,,,98.91174968719484,110.50759979248046,-2.6522715353338056,0.555,-25.134,10515217408.0,4.34,,0.48363,4.0000003e-05
BAJAJHCARE,BAJAJ HEALTHCARE LIMITED,Healthcare,Drug Manufacturers - Specialty & Generic,325.95001220703125,515.9000244140625,272.3500061035156,46.431625,,1.9516679,4.037532608695652,0.042659998,0.055,46.734,0.115,0.158,0.113,0.028080001,0.13124,0.48727,0.17173,0.31,10972344730.921154,1.922,0.818,-296595872.0,11.287,167.011,,,,,,351.3132499694824,331.6170007324219,-27.121294084509508,0.279,11.923,12855718912.0,7.02,,0.64026,0.01912
GKWLIMITED,GKW LIMITED,Industrials,Specialty Business Services,1610.199951171875,1985.4000244140625,1375.0,,,0.3666662,,-0.00089,0.0030500002,0.015,-0.219,-0.219,0.022,-0.16478,0.77911,0.88694,0.60038,0.0,9607257820.666998,14.004,13.962,65721752.0,476.664,4391.46,,,,,,1681.7330004882813,1706.5239990234377,-12.269808774470349,0.017,34.585,6730085888.0,-3.85,,0.0,0.00868
QUICKHEAL,QUICK HEAL TECH LTD,Technology,Software - Application,141.6199951171875,371.3999938964844,125.0,,,1.8070228,,-0.0249,-0.05045,0.025,-3.1686507936507935,,-0.214,-0.04301,-0.47611,0.98344004,-0.1509,0.0,7684088567.065915,3.404,3.288,308012512.0,38.887,78.372,,,,,,199.77479995727535,162.83239929199215,-52.75396326365722,0.257,-15.179,5698042368.0,-1.92,,0.74114996,1.0000001e-05
BIRLANU,BIRLANU LIMITED,Industrials,Building Products & Equipment,1535.4000244140625,2086.89990234375,1190.0999755859375,35.52,12.147152,1.042732,,-0.10299,-0.023120001,100.118,,,0.116,-0.028250001,0.029660001,0.41092998,0.011779999,0.96,11578296504.10398,0.86,0.226,-247804624.0,71.99,1472.478,1903.0,1903.0,1903.0,1.0,1.0,1506.0974951171877,1406.9439990234375,-20.696242767660177,0.573,49.251,22341574656.0,-144.35,126.4,0.48122,0.00671
GANDHITUBE,GANDHI SPL. TUBES LTD,Industrials,Metal Fabrication,894.9500122070312,1031.800048828125,681.0499877929688,14.566244,,3.4421685,0.497141433447099,0.23506,0.15995,0.032,0.293,0.293,0.189,0.37186,0.45088002,0.65726,0.4452,1.69,10875433108.339851,6.114,2.18,451488640.0,9.241,259.996,,,,,,825.2487493896484,871.683994140625,14.891841348244215,0.844,11.924,10662685696.0,61.44,,0.76652,0.0
MAMATA,MAMATA MACHINERY LIMITED,Industrials,Specialty Industrial Machinery,405.5,515.0,297.0,66.47541,,5.3917136,,0.0845,0.0424,4.503,-1.0,-1.0,-0.336,0.0646,0.03729,0.54377997,0.09,0.12,9978463232.0,2.136,1.004,-118791248.0,9.427,75.208,,,,,,402.8367512512207,397.7830017089844,-3.693145290058686,1.2296,49.337,10346591232.0,6.1,,0.67126,0.01138
