ticker,shortName,sector,currentPrice,pct_below_52w_high,pct_above_52w_low,trailingPE,priceToBook,roe_pct,debtToEquity,margin_pct,earningsGrowth,revenueGrowth,marketCap,score,reasons
JARO,JARO INS OF TEC MG N RE L,Consumer Defensive,440.0499877929687,50.55618114685745,14.745759528805397,16.630764,2.6469011,19.894000000000002,2.159,19.916001,0.414,0.166,9800083184.1447,15,51% below 52w high; ROE 20%; low D/E 2; margin 20%; earnings +41%; rev +17%; PE 17
INDOTHAI,INDO THAI SEC LTD,Financial Services,62.79999923706055,86.53371964937408,0.0,11.629629,2.8393164,28.285998,8.366,63.748000000000005,0.182,0.431,8077222301.872108,15,87% below 52w high; ROE 28%; low D/E 8; margin 64%; earnings +18%; rev +43%; PE 12
MCLOUD,MAGELLANIC CLOUD LIMITED,Technology,29.56999969482422,67.32596718803954,52.42268183644643,16.801136,2.5256233,18.974,42.501,16.369,0.323,0.315,17418714956.230976,15,67% below 52w high; ROE 19%; low D/E 43; margin 16%; earnings +32%; rev +32%; PE 17
KIRIINDUS,KIRI INDUSTRIES LIMITED,Basic Materials,461.2999877929687,40.783056765986046,38.19652626203171,0.4886497,0.438481,114.87899999999999,0.649,615.509,24.651,0.545,30061997284.4922,15,41% below 52w high; ROE 115%; low D/E 1; margin 616%; earnings +2465%; rev +55%; PE 0
GKENERGY,GK ENERGY LIMITED,Utilities,123.98999786376952,48.25125429662907,42.190369498939475,10.323896,2.8345106,37.255,23.151,11.955,0.342,0.555,25147311694.73559,14,48% below 52w high; ROE 37%; low D/E 23; earnings +34%; rev +56%; PE 10
GESHIP,THE GE SHPG.LTD,Industrials,1299.0,27.753058954393772,40.8130081300813,4.9595294,1.0933211,18.849,6.409,60.307,1.594,0.669,185454559232.0,14,28% below 52w high; ROE 19%; low D/E 6; margin 60%; earnings +159%; rev +67%; PE 5
GMBREW,G M BREWERIES LTD,Consumer Defensive,883.2000122070312,33.53401717693121,32.60266172117402,11.965858,1.8713808,19.71,3.201,8.878,0.459,0.258,20178403606.893116,14,34% below 52w high; ROE 20%; low D/E 3; earnings +46%; rev +26%; PE 12
VEDL,VEDANTA LIMITED,Basic Materials,268.0,66.28930817610062,7.32879586520421,11.769873,2.1076474,20.403999,48.044,23.205000000000002,0.722,-0.373,1046486908928.0,14,66% below 52w high; ROE 20%; low D/E 48; margin 23%; earnings +72%; PE 12
SOLARWORLD,SOLARWORLD ENERGY SOL LTD,Technology,149.82000732421875,61.43629155103765,7.637046265077359,10.028113,1.5316044,20.828,30.132,8.754000000000001,3.457,2.355,12985298554.809525,14,61% below 52w high; ROE 21%; low D/E 30; earnings +346%; rev +236%; PE 10
DDEVPLSTIK,DDEV PLASTIKS IND LTD,Basic Materials,276.5,23.194444444444446,49.33837921409196,14.179487,2.8227823,21.841,5.608,6.7379996,0.222,0.286,28611297280.0,13,23% below 52w high; ROE 22%; low D/E 6; earnings +22%; rev +29%; PE 14
GHCL,GHCL LIMITED,Basic Materials,443.1499938964844,33.58063762160491,6.373016659623304,7.9105673,1.1214842,13.420999,2.345,17.052999,0.396,-0.027,40621071824.525,13,34% below 52w high; low D/E 2; margin 17%; earnings +40%; PE 8
VEEDOL,VEEDOL CORPORATION LTD,Basic Materials,1510.4000244140625,25.778868579161546,21.983531253136295,11.675041,2.4786541,19.657,1.534,9.717,0.569,0.185,25669036446.913563,13,26% below 52w high; ROE 20%; low D/E 2; earnings +57%; rev +18%; PE 12
GARUDA,GARUDA CONSTRUCT N ENG L,Industrials,182.25,26.89530775410275,40.19230769230769,12.457279,3.720299,31.127,2.649,23.416999999999998,0.485,0.401,16956857344.0,13,27% below 52w high; ROE 31%; low D/E 3; margin 23%; earnings +48%; rev +40%; PE 12
SANDUMA,SANDUR MANG & IRON ORES L,Basic Materials,196.9499969482422,27.857143975002863,39.3185527803341,13.352542,2.9424508,22.318001000000002,30.577,13.456000000000001,0.342,0.211,95738337844.52592,13,28% below 52w high; ROE 22%; low D/E 31; earnings +34%; rev +21%; PE 13
SRM,SRM CONTRACTORS LIMITED,Industrials,481.1000061035156,25.978921906648285,33.13961477163925,9.359922,2.974288,32.251999999999995,32.634,10.93,0.545,0.378,11040536716.066698,13,26% below 52w high; ROE 32%; low D/E 33; earnings +55%; rev +38%; PE 9
SCI,SHIPPING CORP OF INDIA LT,Industrials,291.1499938964844,21.044069451800848,48.887747048218316,8.376007,1.4902493,21.93,29.454,1.102,0.75,0.403,135617377508.98853,13,21% below 52w high; ROE 22%; low D/E 29; earnings +75%; rev +40%; PE 8
EUROPRATIK,EURO PRATIK SALES LIMITED,Basic Materials,265.75,31.858974358974358,29.57093714852152,31.561758,8.781641,27.798998,7.636,23.056999,0.937,0.601,27159650304.0,13,32% below 52w high; ROE 28%; low D/E 8; margin 23%; earnings +94%; rev +60%
SAMHI,SAMHI HOTELS LIMITED,Consumer Cyclical,160.38999938964844,27.75225252718539,26.291338102085383,6.204642,2.3313856,33.367002,81.102,39.348,0.515,0.121,35664269176.282425,13,28% below 52w high; ROE 33%; margin 39%; earnings +52%; rev +12%; PE 6
NESCO,NESCO LTD.,Industrials,1032.5999755859375,36.99432789043301,3.6746963439696287,17.50763,2.427408,14.673,9.068,39.094,0.04,0.153,72756951367.78618,13,37% below 52w high; low D/E 9; margin 39%; rev +15%; PE 18
NIITMTS,NIIT LEARNING SYSTEMS LTD,Consumer Defensive,231.4600067138672,47.85762336193167,13.851452650957494,12.68274,2.062078,17.998,20.621,12.385,0.168,0.252,31898534813.267952,13,48% below 52w high; low D/E 21; earnings +17%; rev +25%; PE 13
BLS,BLS INTL SERVS LTD,Industrials,273.9200134277344,30.27363900420643,25.134774356032363,16.018713,4.576317,30.142999999999997,15.468,22.207001,0.108,0.253,112724186517.81177,13,30% below 52w high; ROE 30%; low D/E 15; margin 22%; rev +25%; PE 16
TATAELXSI,TATA ELXSI LIMITED,Technology,3660.0,38.4873949579832,9.126691510451554,34.847187,7.4968815,26.33,5.336,16.74,0.181,0.145,228016390144.0,13,38% below 52w high; ROE 26%; low D/E 5; margin 17%; earnings +18%; rev +14%
NEWGEN,NEWGEN SOFTWARE TECH LTD,Technology,527.3499755859375,49.3881663900622,31.492330541640058,23.754503,4.1882753,24.5,2.214,19.478,0.278,0.112,74541830789.03006,13,49% below 52w high; ROE 24%; low D/E 2; margin 19%; earnings +28%; rev +11%
MAYURUNIQ,MAYUR UNIQUOTERS LTD,Consumer Cyclical,776.0499877929688,14.437708071337513,64.69651266732043,16.272804,2.9771702,18.365000000000002,0.687,20.299,0.379,0.247,33721388525.572773,13,ROE 18%; low D/E 1; margin 20%; earnings +38%; rev +25%; PE 16
IDBI,IDBI BANK LIMITED,Financial Services,81.73999786376953,30.95117438735244,33.9780365719495,9.427912,1.24414,13.874,33.69653805154797,48.589,0.2069649809970475,0.0473141255670912,878901306950.3915,13,31% below 52w high; low D/E 34; margin 49%; earnings +21%; PE 9
BBTC,BOMBAY BURMAH TRADING COR,Consumer Defensive,1436.0,32.740046838407494,9.23475024103455,7.7638407,1.422788,28.709,16.57,6.3829996,0.197,0.078,100192452608.0,13,33% below 52w high; ROE 29%; low D/E 17; earnings +20%; PE 8
HINDZINC,HINDUSTAN ZINC LIMITED,Basic Materials,573.9000244140625,21.705317269568553,37.29665655838816,14.2124815,10.715887,76.941,39.034,38.068000000000005,1.446,0.717,2424910746357.205,13,22% below 52w high; ROE 77%; low D/E 39; margin 38%; earnings +145%; rev +72%; PE 14
GVPIL,GE POWER INDIA LIMITED,Industrials,666.7000122070312,38.49630883698973,146.10558406353783,13.08281,7.6939945,71.698,3.02,21.035999,0.548,0.076,44820558644.64789,13,38% below 52w high; ROE 72%; low D/E 3; margin 21%; earnings +55%; PE 13
JSLL,JEENA SIKHO LIFECARE LTD,Healthcare,506.2000122070313,40.41200562601161,2.886181342892542,26.698315,13.474234,59.921,27.261,27.776,0.284,0.288,62921033197.34294,13,40% below 52w high; ROE 60%; low D/E 27; margin 28%; earnings +28%; rev +29%
SILVERTUC,SILVER TOUCH TECHNO LTD,Technology,195.3300018310547,82.52002233959462,94.35821077716884,6.7799377,14.633654,23.551,19.451,11.711001,1.484,0.223,24769798376.196053,13,83% below 52w high; ROE 24%; low D/E 19; earnings +148%; rev +22%; PE 7
HMAAGRO,HMA AGRO INDUSTRIES LTD,Consumer Defensive,21.940000534057617,35.922898777614634,9.700002670288086,6.6890244,1.1609694,18.639,88.318,2.716,49.5,0.861,10986889483.43992,13,36% below 52w high; ROE 19%; earnings +4950%; rev +86%; PE 7
MBEL,M AND B ENGINEERING LTD,Industrials,278.1000061035156,48.10599114870687,24.68056592627963,15.846155,2.4007044,19.226,12.711,7.355,0.045,0.225,15896397148.88136,13,48% below 52w high; ROE 19%; low D/E 13; rev +22%; PE 16
TCS,TATA CONSULTANCY SERV LT,Technology,2298.0,31.402985074626866,16.248479524385225,16.704222,7.583808,47.743,10.211,18.052,0.046,0.139,8314365149184.0,13,31% below 52w high; ROE 48%; low D/E 10; margin 18%; rev +14%; PE 17
WEBELSOLAR,WEBSOL ENERGY SYSTEM LTD,Technology,82.8499984741211,41.44876432924304,64.38491263056822,11.538998,5.9471684,66.685,20.729,26.063,0.144,0.703,35970440553.519165,13,41% below 52w high; ROE 67%; low D/E 21; margin 26%; rev +70%; PE 12
EIHOTEL,EIH LIMITED,Consumer Cyclical,299.8999938964844,31.025758436938446,10.602987515085745,26.237968,3.5640008,12.948,4.666,23.142,2.463,0.145,187546710295.08005,12,31% below 52w high; low D/E 5; margin 23%; earnings +246%; rev +14%
VAIBHAVGBL,VAIBHAV GLOBAL LIMITED,Consumer Cyclical,226.8500061035156,22.642794167599114,30.276230254620994,13.470902,2.2992175,17.754,25.234,7.506,0.487,0.127,37948625917.02722,12,23% below 52w high; low D/E 25; earnings +49%; rev +13%; PE 13
IMFA,INDIAN METALS & FERRO,Basic Materials,1421.9000244140625,15.358056804004669,74.46626066430214,14.622584,2.8230617,16.71,35.121,16.670999000000002,1.085,0.497,76717344037.2389,12,low D/E 35; margin 17%; earnings +108%; rev +50%; PE 15
ELLEN,ELLENBARRIE INDUS GASES L,Basic Materials,324.3500061035156,42.059661812020224,85.34286063058035,37.671314,4.678215,14.199,18.873,33.827,0.746,0.18,45712462684.20263,12,42% below 52w high; low D/E 19; margin 34%; earnings +75%; rev +18%
HDFCBANK,HDFC BANK LTD,Financial Services,725.0499877929688,28.95149556168851,1.3914155428237045,15.858486,1.8411022,13.838000000000001,81.34343829261803,26.787,0.181,0.166,11173745205541.443,12,29% below 52w high; margin 27%; earnings +18%; rev +17%; PE 16
TAJGVK,TAJ GVK HOTELS & RESORTS,Consumer Cyclical,347.8999938964844,32.13693995350542,23.653807126090257,5.2888417,2.1345785,39.556998,9.027,73.127997,-0.385,0.551,21813849729.30045,12,32% below 52w high; ROE 40%; low D/E 9; margin 73%; rev +55%; PE 5
KARURVYSYA,KARUR VYSYA BANK LTD,Financial Services,334.1000061035156,5.031262735537504,65.5435506782003,11.764085,2.2891872,19.282,18.589340559560014,41.307,0.45,0.26,322963543820.06885,12,ROE 19%; low D/E 19; margin 41%; earnings +45%; rev +26%; PE 12
APTUS,APTUS VALUE HSG FIN I LTD,Financial Services,253.3000030517578,29.393727372332318,31.22312834979156,12.884028,2.506655,20.113,156.2,61.761004,0.19,0.168,126857135608.37444,12,29% below 52w high; ROE 20%; margin 62%; earnings +19%; rev +17%; PE 13
BPCL,BHARAT PETROLEUM CORP  LT,Energy,308.70001220703125,21.17962031971264,15.791449789828215,7.700175,1.3171313,28.469,54.332,3.4679998,0.28,0.344,1318947048379.5789,12,21% below 52w high; ROE 28%; earnings +28%; rev +34%; PE 8
CEINSYS,CEINSYS TECH LIMITED,Industrials,761.0,39.115130399589574,3.3475962832004815,11.479861,2.071295,24.595,8.43,20.053,-0.095,0.008,15933558784.0,12,39% below 52w high; ROE 25%; low D/E 8; margin 20%; PE 11
AGIIL,AGI INFRA LIMITED,Real Estate,293.70001220703125,32.38949900238289,30.70761735465562,35.258106,7.9183636,24.336,38.289,28.643998999999997,0.343,0.053,36711736821.84712,12,32% below 52w high; ROE 24%; low D/E 38; margin 29%; earnings +34%
SPARC,SUN PHARMA ADV.RES.CO.LTD,Healthcare,199.58999633789065,30.937717530141644,84.80555216471357,4.0882835,4.837959,276.89402,41.776,82.97099999999999,,3.141,64771263323.56642,12,31% below 52w high; ROE 277%; low D/E 42; margin 83%; rev +314%; PE 4
CRIZAC,CRIZAC LIMITED,Consumer Defensive,171.33999633789062,55.83451709070852,0.6165970363235179,13.598412,5.128558,40.003,0.31,21.324,0.027,-0.04,29981498751.194996,12,56% below 52w high; ROE 40%; low D/E 0; margin 21%; PE 14
INDIASHLTR,INDIA SHELTER FIN CORP L,Financial Services,675.2999877929688,30.291614163306452,5.515623092651367,14.255858,2.2964857,17.036,195.303,47.973,0.223,0.218,73585220301.83994,12,30% below 52w high; margin 48%; earnings +22%; rev +22%; PE 14
GVT&D,GE VERNOVA T&D INDIA LTD,Industrials,4050.10009765625,28.316812430862832,60.51443310210994,79.66365,38.542282,55.261004,0.892,19.442,0.247,0.38,1037014098348.5446,12,28% below 52w high; ROE 55%; low D/E 1; margin 19%; earnings +25%; rev +38%
INDIANB,INDIAN BANK,Financial Services,871.0,12.97832163508111,35.543111280980376,9.1771145,1.398269,16.171,45.98357105386151,36.413000000000004,0.475,0.103,1173205680128.0,12,low D/E 46; margin 36%; earnings +48%; rev +10%; PE 9
REFEX,REFEX INDUSTRIES LIMITED,Energy,293.6000061035156,29.253010577466114,56.17021601250831,13.921289,2.6780257,17.817,14.918,8.658000000000001,2.071,1.391,40287634245.52111,12,29% below 52w high; low D/E 15; earnings +207%; rev +139%; PE 14
CIEINDIA,CIE AUTOMOTIVE INDIA LTD,Consumer Cyclical,403.7999877929687,23.231941484226486,5.95643697871976,17.088448,1.9784322,12.26999999999999,6.63,5.728,0.159,0.106,153186512361.11197,12,23% below 52w high; low D/E 7; earnings +16%; rev +11%; PE 17
BSOFT,BIRLASOFT LIMITED,Technology,309.0,34.810126582278485,14.359728364201413,15.124816,2.0998268,13.656999,3.422,10.600999999999999,0.508,0.074,86390087680.0,12,35% below 52w high; low D/E 3; earnings +51%; PE 15
NATIONALUM,NATIONAL ALUMINIUM CO LTD,Basic Materials,385.6000061035156,13.377510638990723,109.72479322498481,10.489663,3.277546,29.42,0.277,34.908,0.911,0.393,708205226953.9108,12,ROE 29%; low D/E 0; margin 35%; earnings +91%; rev +39%; PE 10
CSBBANK,CSB BANK LIMITED,Financial Services,320.8999938964844,44.13301179368333,2.5403359576141624,8.374217,1.1374229,13.483,146.17951878829493,24.099999999999998,0.265,0.169,54385355765.59092,12,44% below 52w high; margin 24%; earnings +26%; rev +17%; PE 8
BALUFORGE,BALU FORGE INDUSTRIES LTD,Industrials,546.75,21.556671449067434,60.31374272674056,22.453798,3.5497024,19.556,9.524,22.806999,0.88,0.29,62871822336.0,12,22% below 52w high; ROE 20%; low D/E 10; margin 23%; earnings +88%; rev +29%
NDRAUTO,NDR AUTO COMPONENTS LTD,Consumer Cyclical,773.7999877929688,34.78847094945625,27.89025756624617,28.385912,5.1451178,18.77,17.248,7.539999999999999,0.206,0.196,18459184860.798332,12,35% below 52w high; ROE 19%; low D/E 17; earnings +21%; rev +20%
SHAREINDIA,SHARE IND. SECURITIES LTD,Financial Services,175.27999877929688,16.92891053113892,51.94174571074728,10.584541,1.4739196,12.968001000000001,27.925,25.607999999999997,0.47,0.329,38355738356.87899,12,low D/E 28; margin 26%; earnings +47%; rev +33%; PE 11
ECLERX,ECLERX SERVICES LTD,Technology,1804.800048828125,27.735733780655657,36.72727642637311,23.387327,6.5182295,28.999999999999996,15.012,16.814,0.188,0.233,166087217549.42154,12,28% below 52w high; ROE 29%; low D/E 15; margin 17%; earnings +19%; rev +23%
GILLETTE,GILLETTE INDIA LTD,Consumer Defensive,7512.0,30.05586592178771,4.24646128226478,45.914062,25.863049,66.443,0.002,21.035999,0.094,0.108,244780138496.0,12,30% below 52w high; ROE 66%; low D/E 0; margin 21%; rev +11%
GANDHITUBE,GANDHI SPL. TUBES LTD,Industrials,894.9500122070312,13.263232229589663,31.40738980221311,14.566244,3.4421685,23.506,0.032,37.186,0.293,0.189,10875433108.339851,12,ROE 24%; low D/E 0; margin 37%; earnings +29%; rev +19%; PE 15
SKMEGGPROD,SKM EGG PROD EXPORT(I) LT,Consumer Defensive,255.47999572753903,31.322581793672306,78.53248415847727,12.0794325,3.4007773,29.677,35.857,14.335,0.466,0.049,13470289694.732714,12,31% below 52w high; ROE 30%; low D/E 36; earnings +47%; PE 12
SUNCLAY,SUNDARAM CLAYTON LIMITED,Industrials,1275.9000244140625,34.29968978300399,14.6567189458426,11.215717,2.1714306,22.271,100.167,11.891,1.843,0.148,28128698906.23638,12,34% below 52w high; ROE 22%; earnings +184%; rev +15%; PE 11
TRANSRAILL,TRANSRAIL LIGHTING LTD,Industrials,459.8500061035156,44.12515114173565,2.177539956973651,15.272335,2.7054138,19.392,29.726,5.935,0.02,0.04,61737636659.43378,12,44% below 52w high; ROE 19%; low D/E 30; PE 15
INFY,INFOSYS LIMITED,Technology,1130.0,34.60648148148148,15.024427108903158,14.582527,4.9910316,32.0,9.541,16.370001000000002,0.053,0.029,4576639451136.0,12,35% below 52w high; ROE 32%; low D/E 10; margin 16%; PE 15
EMMVEE,EMMVEE PHOTOVOLTAIC PWR L,Technology,325.6000061035156,12.367106230415716,89.84316747239943,17.68604,6.0981774,29.271144769866282,9.745,22.844,0.737,0.513,225427542145.73865,12,ROE 29%; low D/E 10; margin 23%; earnings +74%; rev +51%; PE 18
KERNEX,KERNEX MICROSYS(I) LTD,Technology,1837.0,28.798449612403097,116.11764705882352,16.166506,12.419631,43.605998,65.52,21.725,13.723,8.004,30868252672.0,12,29% below 52w high; ROE 44%; margin 22%; earnings +1372%; rev +800%; PE 16
HINDCOPPER,HINDUSTAN COPPER LTD,Basic Materials,560.0999755859375,26.307481799670256,147.06660040838634,47.62755,16.220678,30.602,3.319,32.494,1.619,0.814,541630079943.01733,12,26% below 52w high; ROE 31%; low D/E 3; margin 32%; earnings +162%; rev +81%
TANLA,TANLA PLATFORMS LIMITED,Technology,572.7999877929688,25.22193370848972,56.54550351127303,14.245213,3.053191,21.409,2.118,11.576,0.222,0.178,75638651316.05273,12,25% below 52w high; ROE 21%; low D/E 2; earnings +22%; rev +18%; PE 14
SIYSIL,SIYARAM SILK MILLS LTD,Consumer Cyclical,647.5499877929688,23.70994379056082,49.428863198928056,12.388559,2.0121434,16.834,24.131,9.026,1.382,0.144,29379399126.165936,12,24% below 52w high; low D/E 24; earnings +138%; rev +14%; PE 12
SANOFI,SANOFI INDIA LIMITED,Healthcare,3321.0,37.23303723303723,8.7426326129666,23.608446,10.20885,40.271,1.78,17.937,0.201,0.077,76484698112.0,12,37% below 52w high; ROE 40%; low D/E 2; margin 18%; earnings +20%
GPPL,GUJARAT PIPAVAV PORT LTD,Industrials,164.80999755859375,17.6320652831238,16.432351822932077,14.25692,3.3835635,21.802999,1.544,45.058998,0.417,0.325,79706372963.27286,12,ROE 22%; low D/E 2; margin 45%; earnings +42%; rev +32%; PE 14
BAJAJCON,BAJAJ CONSUMER CARE LTD,Consumer Defensive,486.9500122070313,29.631501126151544,121.24034470858356,28.950655,8.635397,30.78,2.092,18.059,0.957,0.281,63604594234.46195,12,30% below 52w high; ROE 31%; low D/E 2; margin 18%; earnings +96%; rev +28%
IOC,INDIAN OIL CORP LTD,Energy,135.89999389648438,28.080022720219826,4.361843512928958,5.560556,0.8524545,20.969999,58.446,3.92,0.781,0.385,1919076183890.802,12,28% below 52w high; ROE 21%; earnings +78%; rev +38%; PE 6
CRAMC,CANARA ROBECO AMC LIMITED,Financial Services,264.29998779296875,25.212226271179343,23.38935180135991,24.114962,7.0668445,30.286,2.358,45.586,0.239,0.202,52706018941.70544,12,25% below 52w high; ROE 30%; low D/E 2; margin 46%; earnings +24%; rev +20%
WIPRO,WIPRO LTD,Technology,181.0,33.72391213664276,7.100591715976331,14.376489,2.3110316,16.128999,27.398,13.919,0.009,0.106,1790566334464.0,12,34% below 52w high; low D/E 27; rev +11%; PE 14
IZMO,IZMO LIMITED,Technology,866.4500122070312,36.971699790312904,115.4812233412338,28.15892,3.1700473,12.384,4.055,16.695,1.497,0.823,12964324534.648638,12,37% below 52w high; low D/E 4; margin 17%; earnings +150%; rev +82%
INDIAMART,INDIAMART INTERMESH LTD,Communication Services,1749.199951171875,34.852888224511176,1.1098237671604048,21.368189,4.738954,23.146,0.974,30.618997999999998,0.119,0.114,1052016086345.447,12,35% below 52w high; ROE 23%; low D/E 1; margin 31%; rev +11%
BSE,BSE LIMITED,Financial Services,3291.10009765625,25.989470131149,62.80485271611427,47.891445,16.949667,36.003,0.0,48.918,0.621,0.64,1336611478253.0437,12,26% below 52w high; ROE 36%; low D/E 0; margin 49%; earnings +62%; rev +64%
AIIL,AUTHUM INVEST & INFRA LTD,Financial Services,532.2999877929688,22.064423456373536,33.07499694824219,27.781837,2.8045604,13.100000000000001,24.59,82.054,0.175,0.141,452042708865.47815,12,22% below 52w high; low D/E 25; margin 82%; earnings +18%; rev +14%
EXPLEOSOL,EXPLEO SOLUTIONS LIMITED,Technology,883.1500244140625,24.844690429535635,37.992191314697266,11.050426,1.7655619,17.559,1.011,11.139000000000001,0.732,0.127,13706257786.899876,12,25% below 52w high; low D/E 1; earnings +73%; rev +13%; PE 11
MIDWESTLTD,MIDWEST LIMITED,Basic Materials,1154.0,37.9536542366812,10.0619933237959,37.57734,4.163555,13.219,19.664,15.972,0.25,0.348,41729581056.0,12,38% below 52w high; low D/E 20; margin 16%; earnings +25%; rev +35%
INFOBEAN,INFOBEANS TECHNO. LTD.,Technology,156.77999877929688,39.11456358085558,34.5751062483235,17.897259,3.6757948,23.24,3.547,15.322,-0.067,0.366,15201300361.641312,12,39% below 52w high; ROE 23%; low D/E 4; margin 15%; rev +37%; PE 18
ONGC,OIL AND NATURAL GAS CORP.,Energy,238.5,22.439024390243905,4.766091102312633,6.891072,0.8071066,12.703000000000001,42.548,6.181,0.214,0.257,3000396677120.0,12,22% below 52w high; low D/E 43; earnings +21%; rev +26%; PE 7
JAYKAY,JAYKAY ENTERPRISES LTD,Industrials,145.67999267578125,33.69139977270863,26.10803056539482,8.625222,1.8183633,93.41000000000001,5.673119243237991,28.791,-0.767,0.126,18980217925.749073,12,34% below 52w high; ROE 93%; low D/E 6; margin 29%; rev +13%; PE 9
NPST,NETWORK PEOPLE SRV TECH L,Technology,1606.9000244140625,32.71783312140678,89.80629231673628,72.67752,10.862129,17.201,3.119,23.327999,0.422,0.68,33525559805.36281,12,33% below 52w high; low D/E 3; margin 23%; earnings +42%; rev +68%
EXCELSOFT,EXCELSOFT TECHNOLOGIES L,Technology,70.87999725341797,50.2910449022973,6.746981362331772,17.458128,1.4104911,9.1359995,1.137,15.732999,0.333,0.441,8157164739.911923,12,50% below 52w high; low D/E 1; margin 16%; earnings +33%; rev +44%; PE 17
TRENT,TRENT LTD,Consumer Cyclical,2970.0,47.655974621078606,36.00976443207008,87.45583,22.673832,27.126,36.034,8.637,0.207,0.178,1583699853312.0,12,48% below 52w high; ROE 27%; low D/E 36; earnings +21%; rev +18%
PARADEEP,PARADEEP PHOSPHATES LTD,Basic Materials,148.63999938964844,35.9917325775999,49.08726573664062,14.403101,2.2732694,18.359,101.822,4.575,0.208,0.631,154365656454.13754,12,36% below 52w high; ROE 18%; earnings +21%; rev +63%; PE 14
COALINDIA,COAL INDIA LTD,Energy,402.5,18.06615776081425,9.182152899484542,7.9608383,2.0824711,28.124001999999997,11.629,18.138,0.012,0.451,2480498278400.0,12,ROE 28%; low D/E 12; margin 18%; rev +45%; PE 8
PCJEWELLER,PC JEWELLER LTD,Consumer Cyclical,9.609999656677246,37.51625757366529,28.647924050754114,11.3058815,0.8987188,9.946000000000002,14.271,22.103001,0.438,0.21,93611815663.66415,12,38% below 52w high; low D/E 14; margin 22%; earnings +44%; rev +21%; PE 11
MASTEK,MASTEK LTD,Technology,1693.5,35.48571428571429,26.93000014821909,12.646553,1.6981138,14.814,14.648,11.085,0.15,0.077,52502577152.0,12,35% below 52w high; low D/E 15; earnings +15%; PE 13
DOLATALGO,DOLAT ALGOTECH LIMITED,Financial Services,74.9000015258789,21.783625882417628,15.301728111911569,10.232241,1.1681223,12.113999999999999,25.082,35.776,0.178,-0.034,13182400780.554695,12,22% below 52w high; low D/E 25; margin 36%; earnings +18%; PE 10
PATANJALI,PATANJALI FOODS LIMITED,Consumer Defensive,352.29998779296875,42.715449139354675,7.34307577378609,19.453339,2.9243793,14.832,21.295,4.517,0.459,0.147,383259986976.2191,12,43% below 52w high; low D/E 21; earnings +46%; rev +15%
MANINFRA,MAN INFRA LTD,Industrials,110.29000091552734,34.97052066837092,43.01088821008297,20.576492,1.964343,10.152,2.766,33.541,0.212,0.194,44520378737.56772,11,35% below 52w high; low D/E 3; margin 34%; earnings +21%; rev +19%
GRSE,GARDEN REACH SHIP&ENG LTD,Industrials,2617.800048828125,21.59927975956499,33.309574472714296,37.445286,11.418178,31.791002000000002,1.424,10.665,0.439,0.385,299874227673.3593,11,22% below 52w high; ROE 32%; low D/E 1; earnings +44%; rev +38%
ACUTAAS,ACUTAAS CHEMICALS LIMITED,Basic Materials,3210.5,14.157754010695186,146.58218125960062,92.07055,15.899467,23.516001,2.081,26.421,0.671,0.591,262847234048.0,11,ROE 24%; low D/E 2; margin 26%; earnings +67%; rev +59%
KSCL,KAVERI SEED CO. LTD.,Basic Materials,773.4000244140625,36.865304129464285,9.686576541343335,16.119217,1.8662091,18.160999,0.0,19.520001,-0.14,-0.135,39475008734.114944,11,37% below 52w high; ROE 18%; low D/E 0; margin 20%; PE 16
SYNCOMF,SYNCOM FORMU (I) LTD,Healthcare,15.460000038146973,17.326206377561583,51.42017610562938,17.177778,3.4733765,20.191,0.355,15.626000000000001,0.688,-0.09,14532400163.858154,11,ROE 20%; low D/E 0; margin 16%; earnings +69%; PE 17
FORCEMOT,FORCE MOTORS LIMITED,Consumer Cyclical,17885.0,32.38185255198488,19.945007041781235,18.812256,5.7184114,33.507999999999996,0.0,13.607,0.228,0.062,235657445376.0,11,32% below 52w high; ROE 34%; low D/E 0; earnings +23%
KIRLPNU,KIRLOSKAR PNEUMATIC COM L,Industrials,739.7999877929688,32.65668791493403,49.439451779636286,36.587536,7.696069,21.471001,0.265,14.542,0.325,0.076,96119536077.9846,11,33% below 52w high; ROE 21%; low D/E 0; earnings +32%
STAR,STRIDES PHARMA SCI LTD,Healthcare,993.0,19.33387489845654,29.18753248683732,14.921111,2.9453115,20.033,55.821,12.259,0.574,0.13,91527503872.0,11,ROE 20%; earnings +57%; rev +13%; PE 15
TIMETECHNO,TIME TECHNOPLAST LTD.,Consumer Cyclical,191.6300048828125,23.086490235905856,24.4350681057224,16.958406,2.314484,13.372,17.605,7.5890005,0.122,0.251,94595352938.32909,11,23% below 52w high; low D/E 18; rev +25%; PE 17
BALMLAWRIE,BALMER LAWRIE & CO LTD,Industrials,174.0,26.952140122063906,17.282285848049163,10.648715,1.4359872,13.276,10.544,10.0200005,0.037,0.1,29754669056.0,11,27% below 52w high; low D/E 11; rev +10%; PE 11
HSCL,HIMADRI SPECIALITY CHEM L,Basic Materials,704.2000122070312,14.069553116896735,68.26762537802419,44.26147,7.548828,23.71,16.169,16.066,0.247,0.28,355321157647.353,11,ROE 24%; low D/E 16; margin 16%; earnings +25%; rev +28%
J&KBANK,J & K BANK LTD.,Financial Services,148.19000244140625,26.547706348745354,52.223939151678714,7.08704,0.989259,14.609,20.794216650161395,34.216,0.1334044259987798,-0.0154964259521548,163184233088.43378,11,27% below 52w high; low D/E 21; margin 34%; PE 7
ITCHOTELS,ITC HOTELS LIMITED,Consumer Cyclical,166.1199951171875,34.51334556065599,20.990525436889797,40.028915,2.9681776,7.00722776642631,0.634,20.283002,0.359,0.148,346024007749.2174,11,35% below 52w high; low D/E 1; margin 20%; earnings +36%; rev +15%
KCP,KCP LTD,Basic Materials,165.0800018310547,22.205464559304666,32.06400146484375,12.477703,1.194423,13.093,29.379,7.651,1.26,0.077,21282306284.061703,11,22% below 52w high; low D/E 29; earnings +126%; PE 12
IRCTC,INDIAN RAIL TOUR CORP LTD,Consumer Cyclical,485.8999938964844,34.24898594093581,0.1545913654406901,27.877222,9.02204,34.959,1.874,25.677,0.0,0.181,388719996141.1875,11,34% below 52w high; ROE 35%; low D/E 2; margin 26%; rev +18%
PNGSREVA,PNGS REVA DIAMOND JEWEL L,Consumer Cyclical,552.5,14.208074534161492,70.39321511179647,20.73949,3.3993306,21.013,32.942,16.774,1.516,1.195,17513365504.0,11,ROE 21%; low D/E 33; margin 17%; earnings +152%; rev +120%
IOB,INDIAN OVERSEAS BANK,Financial Services,33.15999984741211,20.669855376428035,6.282048194052667,11.127517,1.6419094,16.525999,139.50159726098482,36.560002000000004,0.459,0.481,638548505733.6777,11,21% below 52w high; margin 37%; earnings +46%; rev +48%; PE 11
EMUDHRA,EMUDHRA LIMITED,Technology,550.0,28.338762214983714,50.870941823306296,39.568348,4.952501,13.259000000000002,3.153,15.443999999999999,0.293,0.295,45123940352.0,11,28% below 52w high; low D/E 3; margin 15%; earnings +29%; rev +30%
BFINVEST,BF INVESTMENT LIMITED,Financial Services,451.5,22.780914901001857,43.333333333333336,6.0320644,0.19917603,3.6530003,0.001,369.471,0.2686523520970258,0.415,17006934016.0,11,23% below 52w high; low D/E 0; margin 369%; earnings +27%; rev +42%; PE 6
MONTECARLO,MONTE CARLO FASHIONS LTD.,Consumer Cyclical,541.5,37.10436235294618,16.70258620689655,10.710047,1.2373551,12.880999000000001,63.989,8.151,0.3805593199457928,0.076,11226413056.0,11,37% below 52w high; earnings +38%; PE 11
AGI,AGI GREENPAC LIMITED,Consumer Cyclical,711.6500244140625,26.406409057490954,53.04301600302419,12.708036,1.9129605,15.612,10.126,13.108,0.119,0.142,46041892395.525894,11,26% below 52w high; low D/E 10; rev +14%; PE 13
MAPMYINDIA,C.E. INFO SYSTEMS LIMITED,Technology,1007.2000122070312,49.58958897862706,26.6918254348467,40.143482,6.09486,15.796,0.778,28.000000000000004,0.079,0.149,55155335836.46992,11,50% below 52w high; low D/E 1; margin 28%; rev +15%
POCL,PONDY OXIDES & CHEM LTD,Basic Materials,503.25,22.2899908937353,28.314631396377553,27.850029,4.868858,19.094,19.293,4.3330003,0.347,0.551,38387003392.0,11,22% below 52w high; ROE 19%; low D/E 19; earnings +35%; rev +55%
GULFOILLUB,GULF OIL LUB. IND. LTD.,Basic Materials,1151.300048828125,13.370951931668548,33.098271540823696,14.917077,3.7016199,22.142,35.781,8.584999999999999,0.28,0.306,57053284723.70364,11,ROE 22%; low D/E 36; earnings +28%; rev +31%; PE 15
IFBIND,IFB INDUSTRIES LTD,Consumer Cyclical,1402.9000244140625,30.542628453345365,58.84284477174669,35.45363,5.7137623,15.630999000000001,15.671,2.735,0.644,0.184,56843822045.228455,11,31% below 52w high; low D/E 16; earnings +64%; rev +18%
MANYAVAR,VEDANT FASHIONS LIMITED,Consumer Cyclical,547.3499755859375,31.284918213042623,66.2666935873968,34.08157,6.7621655,20.025998,23.295,26.51,0.149,0.072,132993583315.9386,11,31% below 52w high; ROE 20%; low D/E 23; margin 27%
STYRENIX,STYRENIX PERFORMANCE LTD,Basic Materials,2108.5,23.01091621600299,18.45505617977528,13.770246,2.7134466,14.432,40.115,7.6799995999999995,1.521,0.071,37101805568.0,11,23% below 52w high; low D/E 40; earnings +152%; PE 14
JUNIPER,JUNIPER HOTELS LIMITED,Consumer Cyclical,205.2100067138672,34.3327978515625,8.864725047144397,27.508043,1.5917994,5.0619997,41.603,15.408,2.725,0.13,45659719125.85156,11,34% below 52w high; low D/E 42; margin 15%; earnings +272%; rev +13%
ATLANTAELE,ATLANTA ELECTRICALS LTD,Industrials,1688.5999755859375,21.555333132963973,138.63765317228425,57.8684,13.973387,31.548,5.461,10.857999999999999,1.13,0.48,129847638186.641,11,22% below 52w high; ROE 32%; low D/E 5; earnings +113%; rev +48%
COLPAL,COLGATE PALMOLIVE LTD.,Consumer Defensive,1910.0,23.722044728434504,7.182940516273851,38.492542,32.794205,81.593,2.993,21.722999,0.07,0.118,519492567040.0,11,24% below 52w high; ROE 82%; low D/E 3; margin 22%; rev +12%
RPGLIFE,RPG LIFE SCIENCES LTD,Healthcare,2654.800048828125,13.861127552624108,53.19100108644691,36.724304,7.2532945,20.278999,3.304,16.292,0.17,0.158,43907777319.56908,11,ROE 20%; low D/E 3; margin 16%; earnings +17%; rev +16%
WAKEFIT,WAKEFIT INNOVATIONS LTD,Consumer Cyclical,136.63999938964844,39.000000272478374,22.65708933397647,23.477663,3.9723241,22.896999,24.021,12.474,0.111,0.166,45273165621.77117,11,39% below 52w high; ROE 23%; low D/E 24; rev +17%
LINCOLN,LINCOLN PHARMA LTD,Healthcare,622.5999755859375,19.14286031351461,41.49999445134943,12.930425,1.6456053,12.299,0.584,13.893,0.309,0.151,12470508054.992971,11,low D/E 1; earnings +31%; rev +15%; PE 13
CRISIL,CRISIL LTD,Financial Services,4478.60009765625,17.51358140424993,21.502986914168474,37.00405,10.011513,29.052,10.23,21.434,0.262,0.276,327520099301.60315,11,ROE 29%; low D/E 10; margin 21%; earnings +26%; rev +28%
DLINKINDIA,D-LINK INDIA LTD,Technology,438.3999938964844,20.174802594283033,19.24384636870697,14.506949,3.078068,21.211,2.928,6.415,0.132,0.305,15565325095.295609,11,20% below 52w high; ROE 21%; low D/E 3; rev +30%; PE 15
VMM,VISHAL MEGA MART LIMITED,Consumer Cyclical,102.5999984741211,34.89848064680223,3.8776976422257996,54.0,6.4556723,12.149999000000001,26.817,6.61,0.25,0.187,480661365779.5492,11,35% below 52w high; low D/E 27; earnings +25%; rev +19%
OSWALPUMPS,OSWAL PUMPS LIMITED,Industrials,304.75,65.69675915970448,7.647472069840948,9.8148155,1.9598323,35.08,14.111,16.573,-0.431,-0.079,34742992896.0,11,66% below 52w high; ROE 35%; low D/E 14; margin 17%; PE 10
ABBOTINDIA,ABBOTT INDIA LIMITED,Healthcare,26120.0,21.28973934006328,3.8568588469184895,34.34763,11.625676,34.460998,3.602,23.052,0.171,0.043,555031789568.0,11,21% below 52w high; ROE 34%; low D/E 4; margin 23%; earnings +17%
DBCORP,D.B.CORP LTD,Communication Services,206.30999755859375,28.339700613966194,11.815079779296276,10.446075,1.5136907,15.68999999999999,10.796,14.663,0.247,0.079,36775718476.80796,11,28% below 52w high; low D/E 11; earnings +25%; PE 10
SURYAROSNI,SURYA ROSHNI LTD,Basic Materials,218.52999877929688,30.515103726773653,16.642642999730434,15.2498255,1.8086189,11.2110004,3.031,3.9059999999999997,0.768,0.275,47559974646.33117,11,31% below 52w high; low D/E 3; earnings +77%; rev +28%; PE 15
INDRAMEDCO,INDRAPRASTHA MEDICAL CORP,Healthcare,376.7999877929687,41.20308931143275,10.175435027183829,18.362572,4.66429,27.466,4.979,12.34,0.086,0.113,34542386080.9448,11,41% below 52w high; ROE 27%; low D/E 5; rev +11%
RAILTEL,RAILTEL CORP OF IND LTD,Communication Services,280.75,32.00532716152446,14.591836734693878,26.06778,3.9840212,16.253999999999998,2.817,8.096,0.252,0.276,90103455744.0,11,32% below 52w high; low D/E 3; earnings +25%; rev +28%
MAHABANK,BANK OF MAHARASHTRA,Financial Services,80.27999877929688,15.047620339368386,55.250435506975556,8.267765,1.7302097,22.961001,106.04654247221066,53.40899999999999,0.342,0.218,617478019922.8949,11,ROE 23%; margin 53%; earnings +34%; rev +22%; PE 8
ASHOKA,ASHOKA BUILDCON LTD,Industrials,112.06999969482422,47.75291389518684,10.960395737449721,5.0550294,0.47809392,47.987998,24.459,34.495997,-0.412,-0.205,31460652970.33007,11,48% below 52w high; ROE 48%; low D/E 24; margin 34%; PE 5
LAXMIDENTL,LAXMI DENTAL LIMITED,Healthcare,198.17999267578125,47.43933189447594,27.136249979443512,35.263344,4.4858413,12.772,5.329,10.764,0.23,0.139,10892398189.445202,11,47% below 52w high; low D/E 5; earnings +23%; rev +14%
GALLANTT,GALLANTT ISPAT LIMITED,Basic Materials,582.4000244140625,38.56539826855881,17.36020643104534,28.989548,4.238041,18.469999999999988,16.515326357470226,11.146,0.2084279078031174,0.029396918123574,140522034946.64835,11,39% below 52w high; ROE 18%; low D/E 17; earnings +21%
IGIL,INTL GEMOLOGICAL INST LTD,Basic Materials,335.79998779296875,14.336737807916137,17.0034800672365,28.361485,9.752556,27.39999999999999,9.594,44.739000000000004,0.32,0.232,145119210340.61346,11,ROE 27%; low D/E 10; margin 45%; earnings +32%; rev +23%
ICRA,ICRA LIMITED,Financial Services,4867.2001953125,30.2893125850401,3.734019507939045,24.026064,3.9671848,16.277,1.5584442862011467,30.583,0.323,0.041,46847313751.90336,11,30% below 52w high; low D/E 2; margin 31%; earnings +32%
EIHAHOTELS,EIH ASSOCIATED HOTELS LTD,Consumer Cyclical,294.6499938964844,32.24879327852613,10.500656531374165,20.419264,2.9805076,15.308,0.712,23.070998,0.119,-0.04,17954879116.074368,11,32% below 52w high; low D/E 1; margin 23%
CHENNPETRO,CHENNAI PETROLEUM CORP LT,Energy,1390.5,6.659055811463187,117.33354587839541,4.96111,1.8639286,32.126,17.68,5.4780003,2.025,0.848,207061286912.0,11,ROE 32%; low D/E 18; earnings +202%; rev +85%; PE 5
VIMTALABS,VIMTA LABS LIMITED,Healthcare,640.4000244140625,29.053342148883708,70.29651514485079,35.896862,6.2613053,18.55,0.729,18.913000999999998,0.107,0.118,28617495618.98891,11,29% below 52w high; ROE 19%; low D/E 1; margin 19%; rev +12%
LUPIN,LUPIN LIMITED,Healthcare,2201.5,12.966989523621269,17.413333333333334,18.221321,4.4835515,26.906999999999996,29.388,18.450001,0.16,0.32,1006602616832.0,11,ROE 27%; low D/E 29; margin 18%; earnings +16%; rev +32%
MEDIASSIST,MEDI ASSIST HEALTH SER L,Healthcare,355.8999938964844,38.163495535594514,21.46757470869774,28.112164,3.0932226,12.717,6.382,9.8000005,0.174,0.241,26586383928.056164,11,38% below 52w high; low D/E 6; earnings +17%; rev +24%
CAMPUS,CAMPUS ACTIVEWEAR LIMITED,Consumer Cyclical,223.11000061035156,24.8787876732823,3.675652311469044,44.35586,7.5235205,18.053,26.059,8.482000000000001,0.194,0.122,68200202426.57209,11,25% below 52w high; ROE 18%; low D/E 26; earnings +19%; rev +12%
CLSEL,CHAMAN LAL SETIA EXP LTD,Consumer Defensive,278.45001220703125,13.255447910582166,36.66258267829755,11.05838,1.6508567,14.607999999999999,9.87,8.464,0.48,0.126,13846100575.002245,11,low D/E 10; earnings +48%; rev +13%; PE 11
TMB,TAMILNAD MERCA BANK LTD,Financial Services,869.7000122070312,5.158122987237595,111.19476396008795,9.538276,1.3621776,14.521,6.9237275252095385,41.229,0.35,0.183,137718269837.00125,11,low D/E 7; margin 41%; earnings +35%; rev +18%; PE 10
EFCIL,EFC (I) LIMITED,Real Estate,190.66000366210935,46.59383650921306,11.223897852455805,10.407206,3.239377,33.648998,172.783,23.377001,0.03,0.288,28207415837.795036,11,47% below 52w high; ROE 34%; margin 23%; rev +29%; PE 10
INDUSTOWER,INDUS TOWERS LIMITED,Communication Services,368.7999877929687,23.406025380484177,17.997121163626346,13.603835,2.350227,18.912001,51.79,21.776,0.006,0.046,972600214079.588,11,23% below 52w high; ROE 19%; margin 22%; PE 14
LTM,LTM LIMITED,Technology,4553.0,29.185784275604636,29.05328798185941,25.841421,5.5017824,21.966,9.874,11.866999400000001,0.169,0.18,1349787975680.0,11,29% below 52w high; ROE 22%; low D/E 10; earnings +17%; rev +18%
KRISHNADEF,KRISHNA DEF AND ALD IND L,Industrials,1037.9000244140625,25.864283970424108,56.075191641212406,37.0414,8.008921,25.428,1.121,18.456,0.226,-0.152,15499363692.584663,11,26% below 52w high; ROE 25%; low D/E 1; margin 18%; earnings +23%
GIPCL,GUJ IND POW CO. LTD,Utilities,170.17999267578125,15.773328331904372,41.93493787324935,5.2524686,0.6877599,14.940000000000001,93.592,30.135,1.749,0.344,26414646159.164555,11,margin 30%; earnings +175%; rev +34%; PE 5
PANAMAPET,PANAMA PETROCHEM LTD,Energy,486.25,18.904266211013486,112.33624454148472,6.1449513,2.0028174,15.604000000000001,7.548,11.66,6.253,1.503,29415012352.0,11,low D/E 8; earnings +625%; rev +150%; PE 6
VERANDA,VERANDA LEARNING SOL LTD,Consumer Defensive,255.8999938964844,6.091745359088292,96.81586331918437,17.636112,2.5679107,21.205999000000002,39.893,25.761,0.999,0.074,24656180659.92111,11,ROE 21%; low D/E 40; margin 26%; earnings +100%; PE 18
CUB,CITY UNION BANK LTD,Financial Services,219.3500061035156,10.608035806229687,51.145568374515484,15.501767,2.0569785,13.241,45.68727307325664,37.791002,0.252,0.233,217329194911.2856,11,low D/E 46; margin 38%; earnings +25%; rev +23%; PE 16
ENRIN,SIEMENS ENERGY INDIA LTD,Utilities,3435.300048828125,13.42489796300088,62.42553422355201,82.18421,25.424631,25.108985917421773,4.483,15.769,0.678,0.393,1223380845548.6973,11,ROE 25%; low D/E 4; margin 16%; earnings +68%; rev +39%
EVEREADY,EVEREADY INDS. IND.  LTD.,Industrials,355.04998779296875,25.284095397227507,36.74176627730553,14.468214,4.1428437,31.645,32.395,11.9720004,0.224,0.09,25807611016.704334,11,25% below 52w high; ROE 32%; low D/E 32; earnings +22%; PE 14
AFFLE,AFFLE 3I LIMITED,Communication Services,1729.5,20.879268161108026,38.21624970123846,51.047813,6.6504908,13.786000000000001,0.405,16.849001,0.203,0.204,243410599936.0,11,21% below 52w high; low D/E 0; margin 17%; earnings +20%; rev +20%
TEAMLEASE,TEAMLEASE SERVICES LTD.,Industrials,1242.0999755859375,36.11582860708253,16.607212966865678,150.01208,1.9968297,14.261,10.971,1.238,0.313,0.05,18981025418.91897,11,36% below 52w high; low D/E 11; earnings +31%
ZENSARTECH,ZENSAR TECHNOLOGIES  LTD,Technology,484.9500122070313,44.191264699414056,14.64539295674499,14.373147,2.3295975,17.627001,1.68,13.362001000000001,0.009,0.089,109963700943.97668,11,44% below 52w high; low D/E 2; PE 14
IVALUE,IVALUE INFOSOLUTIONS LTD,Technology,279.6499938964844,17.750001795151654,34.86857278261876,14.757255,2.6902616,19.117,12.223,10.290000000000001,0.534,-0.211,15277385394.562624,11,ROE 19%; low D/E 12; earnings +53%; PE 15
IEX,INDIAN ENERGY EXC LTD,Financial Services,123.3499984741211,23.03612954023224,7.635253155763279,21.678383,8.0901165,39.419997,0.818,66.22200000000001,0.118,0.101,109695187635.03548,11,23% below 52w high; ROE 39%; low D/E 1; margin 66%; rev +10%
SIGNATURE,SIGNATUREGLOBAL INDIA LTD,Real Estate,801.0,30.82901554404145,13.58479667252813,10.799515,6.0855165,84.882003,161.04,45.731997,17.897,-0.362,112689512448.0,11,31% below 52w high; ROE 85%; margin 46%; earnings +1790%; PE 11
VIKRAMSOLR,VIKRAM SOLAR LIMITED,Technology,171.99000549316406,57.840421535303065,10.68992153969799,16.442638,1.9672413,21.336001,20.366,6.821000000000001,-0.871,0.379,62321330118.47201,11,58% below 52w high; ROE 21%; low D/E 20; rev +38%; PE 16
ERIS,ERIS LIFESCIENCES LIMITED,Healthcare,1326.0,27.0947897293956,10.5,28.26087,4.64476,18.068,60.545,20.044999999999998,0.188,0.126,183761469440.0,11,27% below 52w high; ROE 18%; margin 20%; earnings +19%; rev +13%
ASHAPURMIN,ASHAPURA MINECHEM LTD,Basic Materials,599.9500122070312,35.133528341389294,31.82817054732548,14.093259,3.474889,29.049000000000003,87.774,7.401000000000001,0.05,0.192,57310885006.09009,11,35% below 52w high; ROE 29%; rev +19%; PE 14
DAMCAPITAL,DAM CAPITAL ADVISORS LTD,Financial Services,145.5399932861328,49.11189045939412,22.0768258647351,14.171371,2.7405565,24.398,25.432,31.952,-0.333,-0.032,10287639077.423626,11,49% below 52w high; ROE 24%; low D/E 25; margin 32%; PE 14
SUNTV,SUN TV NETWORK LIMITED,Communication Services,477.5499877929687,27.720602547328582,0.7489425723562644,12.288985,1.4853532,11.85,0.837,33.966,0.17,0.13,188195089717.39716,11,28% below 52w high; low D/E 1; margin 34%; earnings +17%; rev +13%; PE 12
WAAREEENER,WAAREE ENERGIES LIMITED,Technology,2675.0,30.78913324708926,11.319184352892218,20.171932,5.3265843,31.570998,21.402,12.703000000000001,0.142,0.792,769467285504.0,11,31% below 52w high; ROE 32%; low D/E 21; rev +79%
SPIC,SPIC LTD,Basic Materials,68.02999877929688,46.93447706807479,23.46642588610712,6.75571,1.0098866,16.465001,51.296,7.154000000000001,0.516,-0.226,13853651719.415607,11,47% below 52w high; earnings +52%; PE 7
HINDPETRO,HINDUSTAN PETROLEUM CORP,Energy,363.2000122070313,28.567213396163105,14.86400954634591,46.32653,1.1790639,30.929002,85.369,0.356,0.775,0.269,772825179510.3964,11,29% below 52w high; ROE 31%; earnings +78%; rev +27%
TINNARUBR,TINNA RUBBER AND INFR LTD,Basic Materials,1047.4000244140625,20.771556398331125,98.57806430440348,30.61678,6.210127,22.084999,42.978,10.786999999999999,0.671,0.199,18869703095.837788,11,21% below 52w high; ROE 22%; low D/E 43; earnings +67%; rev +20%
SARDAEN,SARDA ENERGY & MIN LTD,Basic Materials,509.3500061035156,20.3829611405212,12.414477872937631,15.892356,2.4372563,15.998999999999999,35.204,19.941,0.054,-0.015,179485411430.76468,11,20% below 52w high; low D/E 35; margin 20%; PE 16
SHANTIGOLD,SHANTI GOLD INTERNATION L,Consumer Cyclical,254.05999755859375,7.3112032465091,63.90967584425403,10.834115,2.8041942,37.335998,36.138,6.3990004,0.535,1.447,18326677327.888588,11,ROE 37%; low D/E 36; earnings +54%; rev +145%; PE 11
MOIL,MOIL LIMITED,Basic Materials,252.75,37.57717860953652,4.291311588431414,16.929,1.8989054,10.005,0.0,20.298,0.704,0.066,51430887424.0,11,38% below 52w high; low D/E 0; margin 20%; earnings +70%; PE 17
CEIGALL,CEIGALL INDIA LIMITED,Industrials,312.79998779296875,22.898698944740254,40.51479580222564,16.963123,2.4995604,15.484,61.085,7.704,0.241,0.157,54491277233.47586,11,23% below 52w high; earnings +24%; rev +16%; PE 17
DABUR,DABUR INDIA LTD,Consumer Defensive,400.0,30.675909878682845,0.5025125628140703,36.0036,6.21282,16.239999,10.907,14.551,0.153,0.106,709582782464.0,11,31% below 52w high; low D/E 11; earnings +15%; rev +11%
CLEAN,CLEAN SCIENCE & TECH LTD,Basic Materials,834.7000122070312,33.58529759882421,28.021474264882094,38.149,5.604233,15.309000000000001,0.135,23.719,0.047,0.105,88714020113.39403,11,34% below 52w high; low D/E 0; margin 24%; rev +10%
THYROCARE,THYROCARE TECH LTD,Healthcare,566.7000122070312,14.395768548786819,65.43571227611162,51.47139,15.405318,28.745001999999996,8.65,20.125,0.318,0.243,90196936598.89182,11,ROE 29%; low D/E 9; margin 20%; earnings +32%; rev +24%
JPOLYINVST,JIND POL INV & FIN CO LTD,Financial Services,954.4000244140624,35.847277291212336,33.286787331111256,1.2407374,0.6250598,54.803000000000004,1.462,77.97500000000001,-0.779,0.057,10032585984.63891,11,36% below 52w high; ROE 55%; low D/E 1; margin 78%; PE 1
NMDC,NMDC LTD.,Basic Materials,83.94999694824219,13.888605202810492,23.1118843563293,9.899764,2.1628792,23.363,18.802,23.216998999999998,0.004,0.008,738073024305.5033,11,ROE 23%; low D/E 19; margin 23%; PE 10
DPABHUSHAN,D. P. ABHUSHAN LIMITED,Consumer Cyclical,1461.699951171875,12.473056816055388,68.76803976157599,13.927585,5.2642193,40.866002,48.027,5.48,0.755,0.58,33367569317.355476,11,ROE 41%; low D/E 48; earnings +76%; rev +58%; PE 14
CASTROLIND,CASTROL INDIA LIMITED,Energy,188.57000732421875,10.799426315709708,10.858318964117537,17.590485,9.785677,56.996,2.784,17.066,0.421,0.25,186518821964.54895,11,ROE 57%; low D/E 3; margin 17%; earnings +42%; rev +25%; PE 18
BCG,BRIGHTCOM GROUP LIMITED,Communication Services,9.359999656677246,47.11864828686695,21.55844011079962,1.9622641,0.1787317,9.993,0.0,13.889999999999999,0.716,0.617,18893362506.995567,11,47% below 52w high; low D/E 0; earnings +72%; rev +62%; PE 2
MAZDOCK,MAZAGON DOCK SHIPBUIL LTD,Industrials,2570.0,16.0514770372712,24.91494711710183,38.70482,10.627344,28.77,4.481,20.120001000000002,0.215,0.121,1036686589952.0,11,ROE 29%; low D/E 4; margin 20%; earnings +22%; rev +12%
JAYBARMARU,JAY BHARAT MARUTI LTD,Consumer Cyclical,127.19000244140624,38.55555437613225,71.53068081464026,9.960062,1.977887,22.193001000000002,76.31,5.274,-0.06,0.126,13768318216.28224,11,39% below 52w high; ROE 22%; rev +13%; PE 10
KIRLFER,KIRLOSKAR FERROUS IND LTD,Industrials,444.0499877929687,13.440548188505128,8.835781321806053,20.89647,1.8958671,13.900000000000002,12.218,5.050000000000001,0.44,0.299,73264863265.93289,10,low D/E 12; earnings +44%; rev +30%
BLACKBUCK,BLACKBUCK LIMITED,Technology,631.0499877929688,15.635028369923965,27.22782011955015,68.22162,8.1036825,12.059000000000001,4.164,23.692,0.257,0.421,114945783632.48872,10,low D/E 4; margin 24%; earnings +26%; rev +42%
AVANTEL,AVANTEL LIMITED,Technology,162.9600067138672,24.204648040061773,39.22255656995468,378.97675,12.802263,12.41,10.164,7.1100004,0.667,0.357,43300243191.94741,10,24% below 52w high; low D/E 10; earnings +67%; rev +36%
EPIGRAL,EPIGRAL LIMITED,Basic Materials,1120.5,41.38418004234657,38.847583643122675,17.850883,2.1760705,16.092000000000002,25.751,10.321,-0.379,0.163,48339865600.0,10,41% below 52w high; low D/E 26; rev +16%; PE 18
CAMS,COMPUTER AGE MNGT SER LTD,Technology,749.25,11.32086893717345,22.546609434313737,37.631844,14.066196,38.694,4.863,31.785000000000004,0.17,0.115,186036944896.0,10,ROE 39%; low D/E 5; margin 32%; earnings +17%; rev +12%
EMAMILTD,EMAMI LIMITED,Consumer Defensive,407.3999938964844,35.76159160282533,8.235919368406117,23.755102,6.081777,27.61,5.541,19.117,-0.162,0.149,177830098327.81543,10,36% below 52w high; ROE 28%; low D/E 6; margin 19%; rev +15%
BANCOINDIA,BANCO PRODUCTS (I) LTD,Consumer Cyclical,625.4500122070312,28.909977166968336,24.59163589781499,18.912912,5.3100085,32.25,36.44,12.031999,0.117,0.22,89462679250.06075,10,29% below 52w high; ROE 32%; low D/E 36; rev +22%
SUMMITSEC,SUMMIT SECURITIES LTD,Financial Services,1427.199951171875,42.79759714741984,8.78048408322218,12.993445,0.18184769,1.1360001,,76.057,0.748,0.485,15623274985.488195,10,43% below 52w high; margin 76%; earnings +75%; rev +48%; PE 13
POWERMECH,POWER MECH PROJECTS LTD.,Industrials,2455.60009765625,24.67484363017638,42.958617189279984,19.833616,3.0826206,17.255000000000003,25.632,6.121,0.519,0.255,77636971535.5286,10,25% below 52w high; low D/E 26; earnings +52%; rev +26%
CUPID,CUPID LIMITED,Consumer Defensive,282.42999267578125,5.541808469638378,759.2856042763419,282.43,84.13166,27.297002,12.506,29.297,1.909,1.587,379772524935.4105,10,ROE 27%; low D/E 13; margin 29%; earnings +191%; rev +159%
DYCL,DYNAMIC CABLES LIMITED,Industrials,453.6000061035156,12.769229595477766,91.5540541629011,24.10202,4.8072743,20.319000000000003,9.424,7.097,0.37,0.332,21980840231.76808,10,ROE 20%; low D/E 9; earnings +37%; rev +33%
CHAMBLFERT,CHAMBAL FERTILIZERS LTD,Basic Materials,433.9500122070313,25.271223853131353,8.555350145598826,9.016206,1.668352,20.451,10.274,9.581000000000001,-0.046,-0.118,173863064346.77496,10,25% below 52w high; ROE 20%; low D/E 10; PE 9
ABSLAMC,ADIT BIRL SUN LIF AMC LTD,Financial Services,995.4000244140624,18.736222991732134,40.59322378729694,28.669355,7.1128454,25.102999999999998,1.577,47.594002,0.113,0.106,288027450264.4164,10,ROE 25%; low D/E 2; margin 48%; rev +11%
BBOX,BLACK BOX LIMITED,Technology,751.5499877929688,31.86310174134463,72.75026063226,57.59004,10.365635,21.267,89.594,3.3970002,0.129,0.239,133474670472.04112,10,32% below 52w high; ROE 21%; rev +24%
VIDHIING,VIDHI SPCLTY F INGRDNTS L,Basic Materials,319.5,22.073170731707318,23.549881074676605,29.859814,4.8728037,15.568999999999999,17.578,12.174,0.35,0.664,15957427200.0,10,22% below 52w high; low D/E 18; earnings +35%; rev +66%
CARERATING,CARE RATINGS LIMITED,Financial Services,1698.9000244140625,7.568007376819233,21.98607625314686,29.105705,5.4745126,19.753999999999998,2.776,36.193999999999996,0.25,0.189,51115053790.54947,10,ROE 20%; low D/E 3; margin 36%; earnings +25%; rev +19%
STYLAMIND,STYLAM INDUSTRIES LIMITED,Consumer Cyclical,3617.300048828125,12.836143401731928,126.91801670083629,36.158535,7.670743,20.469,3.605,14.475,0.712,0.154,61344838460.0633,10,ROE 20%; low D/E 4; earnings +71%; rev +15%
BIRLACORPN,BIRLA CORPORATION LTD,Basic Materials,891.5,33.7716353785726,15.839400764176675,12.392271,0.93215305,7.754999999999999,46.04,5.623,0.487,0.078,68650262528.0,10,34% below 52w high; low D/E 46; earnings +49%; PE 12
CCAVENUE,AVENUESAI LIMITED,Technology,14.949999809265137,27.073171662121286,15.712072143837721,15.572917,0.89296377,6.686,8.63,3.438,0.473,1.145,52041244008.04819,10,27% below 52w high; low D/E 9; earnings +47%; rev +114%; PE 16
SEPC,SEPC LIMITED,Industrials,5.96999979019165,56.518572547459364,28.38708962907915,45.923077,0.610367,3.1229999,18.404,2.3039997999999997,0.232,0.354,11614713447.815084,10,57% below 52w high; low D/E 18; earnings +23%; rev +35%
CMSINFO,CMS INFO SYSTEMS LIMITED,Industrials,249.5500030517578,44.648996412687,3.7629950319159304,14.051239,1.6863424,12.913,9.102,11.766,-0.088,0.012,39943823848.474754,10,45% below 52w high; low D/E 9; PE 14
LGBBROSLTD,LG BALAKRISHNAN & BROS,Consumer Cyclical,1599.5999755859375,21.894532442092896,30.409261978162093,15.991202,2.368718,15.689,10.719,9.908999999999999,0.0,0.216,51022236917.26775,10,22% below 52w high; low D/E 11; rev +22%; PE 16
APOLLOTYRE,APOLLO TYRES LTD,Consumer Cyclical,429.2999877929687,20.573545274196356,17.51984728679257,15.917686,1.6246778,8.719000000000001,21.987,5.829,26.6,0.128,271567135190.06055,10,21% below 52w high; low D/E 22; earnings +2660%; rev +13%; PE 16
POWERICA,POWERICA LIMITED,Industrials,533.9000244140625,21.13154372013215,46.23391276051843,40.569912,2.9839652,17.886999,28.506,8.852000499999999,0.114,0.267,67566054417.64562,10,21% below 52w high; low D/E 29; rev +27%
MAHLIFE,MAHINDRA LIFESPACE DEVLTD,Real Estate,377.2000122070313,11.673100810414812,31.520233006188025,24.025478,2.2187974,12.038,18.26,15.76,0.365,29.095,80564021807.2309,10,low D/E 18; margin 16%; earnings +36%; rev +2910%
LATENTVIEW,LATENT VIEW ANALYTICS LTD,Industrials,281.75,45.55555555555556,13.608870967741934,29.878048,3.3216228,12.173,1.863,17.535999999999998,-0.053,0.215,58301112320.0,10,46% below 52w high; low D/E 2; margin 18%; rev +22%
LEMONTREE,LEMON TREE HOTELS LTD,Consumer Cyclical,107.95999908447266,40.24795026519621,8.382690917535598,36.350166,6.1417685,14.905,96.367,15.843001000000001,0.208,0.092,85487869227.04185,10,40% below 52w high; margin 16%; earnings +21%
PSB,PUNJAB & SIND BANK,Financial Services,23.3799991607666,27.97289026434231,14.048776393983422,11.989743,1.1269642,9.786,98.72570958187738,28.516000000000002,0.237,0.109,165894777021.1479,10,28% below 52w high; margin 29%; earnings +24%; rev +11%; PE 12
IFGLEXPOR,IFGL REFRACTORIES LIMITED,Basic Materials,215.9199981689453,36.118343736998426,80.41443651267058,38.081127,1.32463,3.041,17.764,2.0969998,0.58,0.129,15563215740.020103,10,36% below 52w high; low D/E 18; earnings +58%; rev +13%
GRINFRA,G R INFRAPROJECTS LIMITED,Industrials,884.0,34.27509293680298,12.611464968152866,8.417444,0.91192305,10.0880004,51.877,11.047,0.464,0.401,85536309248.0,10,34% below 52w high; earnings +46%; rev +40%; PE 8
NBCC,NBCC (INDIA) LIMITED,Industrials,88.25,29.876836654752044,14.343093613698588,32.090908,7.9325843,25.225002000000003,0.008,5.691,0.163,-0.059,238275002368.0,10,30% below 52w high; ROE 25%; low D/E 0; earnings +16%
IGL,INDRAPRASTHA GAS LTD,Utilities,150.5500030517578,32.63981966364304,6.215604075885721,16.489595,1.8306401,13.926,0.848,8.0819994,-0.438,0.172,210770235568.4656,10,33% below 52w high; low D/E 1; rev +17%; PE 16
BUTTERFLY,BTRFLY GANDHI APPL LTD,Consumer Cyclical,647.0499877929688,21.460216426810632,14.36019825962423,24.053904,3.107784,13.084999999999999,2.054,4.96,0.381,0.141,11568963365.74376,10,21% below 52w high; low D/E 2; earnings +38%; rev +14%
LALPATHLAB,DR. LAL PATH LABS LTD.,Healthcare,1889.4000244140625,5.002765286269885,48.467708679951414,58.207027,12.578559,21.473,7.83,18.745,0.278,0.191,315487817708.6059,10,ROE 21%; low D/E 8; margin 19%; earnings +28%; rev +19%
SESHAPAPER,SESHASAYEE PAPER & BOARDS,Basic Materials,230.36000061035156,21.408340854013293,9.716133189253236,14.012165,0.67943984,4.0949997,0.0,5.449,1.07,0.277,14528376870.493736,10,21% below 52w high; low D/E 0; earnings +107%; rev +28%; PE 14
HAPPSTMNDS,HAPPIEST MINDS TECHNO LTD,Technology,414.2999877929687,34.755907434178155,25.46940414199858,28.67128,3.5131307,13.317999,98.705,9.32,0.182,0.143,62253517013.747894,10,35% below 52w high; earnings +18%; rev +14%
SUBROS,SUBROS LIMITED,Consumer Cyclical,735.5499877929688,39.39606019735221,18.236620585007426,28.83379,3.857854,14.860000000000001,6.009,4.255,0.016,0.175,47984155875.66515,10,39% below 52w high; low D/E 6; rev +18%
OMNI,OMNITECH ENGINEERING LTD,Industrials,574.0,24.95260269044669,225.6737588652482,68.41478,9.338496,17.963,63.958,18.075001,3.898,0.615,70984294400.0,10,25% below 52w high; margin 18%; earnings +390%; rev +62%
EUREKAFORB,EUREKA FORBES LIMITED,Consumer Cyclical,416.2000122070313,37.72257671565826,3.224206251592295,44.656654,1.7509983,3.61,0.629,6.458,0.472,0.152,80537545018.1439,10,38% below 52w high; low D/E 1; earnings +47%; rev +15%
KOVAI,KOVAI MEDICAL CENTER & HO,Healthcare,6066.5,4.313880126182966,135.44137659065916,25.927431,5.031684,20.326,30.528,15.601,0.207,0.153,66381234176.0,10,ROE 20%; low D/E 31; margin 16%; earnings +21%; rev +15%
AWL,AWL AGRI BUSINESS LIMITED,Consumer Defensive,188.63999938964844,33.31919283862781,10.193350487400602,21.1243,2.3367937,10.519,10.621,1.4869999999999999,0.473,0.175,243688471787.5371,10,33% below 52w high; low D/E 11; earnings +47%; rev +18%
ZFCVINDIA,ZF COM VE CTR SYS IND LTD,Consumer Cyclical,2621.5,13.87976346911958,27.85726405708866,2.9163098,8.083864,14.979000000000001,1.4854844651132797,11.8599996,0.461,0.327,298341138432.0,10,low D/E 1; earnings +46%; rev +33%; PE 3
SJS,SJS ENTERPRISES LIMITED,Consumer Cyclical,2497.89990234375,3.5559883264961387,94.25304105441256,38.452892,9.209221,21.881,2.639,20.897,1.114,0.245,79999374280.39713,10,ROE 22%; low D/E 3; margin 21%; earnings +111%; rev +24%
GPTINFRA,GPT INFRAPROJECTS LTD,Industrials,112.87000274658205,24.753331502278638,17.3040961490826,14.489089,2.36724,17.464,49.76,7.697,0.048,-0.034,14262773083.070744,10,25% below 52w high; low D/E 50; PE 14
LOTUSDEV,SRI LOTUS DEVLPRS N RTY L,Industrials,166.16000366210938,19.922889801393072,62.58317869251879,32.968254,4.239857,17.058999999999997,6.839,30.589,0.576,1.158,81206339325.75981,10,low D/E 7; margin 31%; earnings +58%; rev +116%
ANANDRATHI,ANAND RATHI WEALTH LTD,Financial Services,2171.10009765625,2.6412512261771304,60.364895432125856,78.72009,36.11578,79.06,8.25,33.193,0.71,0.521,360492220246.9679,10,ROE 79%; low D/E 8; margin 33%; earnings +71%; rev +52%
TCI,TRANSPORT CORPN OF INDIA,Industrials,906.5499877929688,27.008857665622482,4.435228447832467,15.292679,2.7113154,19.176000000000002,11.991,9.036,-0.009,0.096,69651274838.1198,10,27% below 52w high; ROE 19%; low D/E 12; PE 15
BAYERCROP,BAYER CROPSCIENCE LTD,Basic Materials,4066.800048828125,28.014867708148948,0.9131525763802729,24.980343,6.1628084,23.7,2.758,13.084000000000001,0.154,-0.042,182770501778.43808,10,28% below 52w high; ROE 24%; low D/E 3; earnings +15%
BORORENEW,BOROSIL RENEWABLES LTD,Technology,543.0,24.687933425797503,45.03205364638196,19.255318,5.0364046,43.72999999999999,10.74,23.685000000000002,,0.171,79920758784.0,10,25% below 52w high; ROE 44%; low D/E 11; margin 24%; rev +17%
TRAVELFOOD,TRAVEL FOOD SERVICES LTD,Consumer Cyclical,1316.199951171875,10.517375122337953,27.13222149092968,36.48004,12.018006,35.699,16.722,27.594,0.381,0.206,173316531938.33765,10,ROE 36%; low D/E 17; margin 28%; earnings +38%; rev +21%
RUPA,RUPA & COMPANY LTD,Consumer Cyclical,155.2899932861328,27.039092295601847,42.193933328410544,16.415432,1.1591574,6.958,24.224,5.888,0.507,0.101,12352457193.949123,10,27% below 52w high; low D/E 24; earnings +51%; rev +10%; PE 16
MRPL,MRPL,Energy,173.97999572753906,18.053790340455492,44.44167715695244,9.708705,2.1398437,25.39,108.059,2.8670002,33.24218485899831,1.204,304917111488.0906,10,ROE 25%; earnings +3324%; rev +120%; PE 10
JUBLFOOD,JUBILANT FOODWORKS LTD,Consumer Cyclical,507.2999877929687,24.028455590719776,24.170848843603743,89.31338,14.555836,16.893,2.655,4.415,1.0329895048490254,0.203,333638295715.74615,10,24% below 52w high; low D/E 3; earnings +103%; rev +20%
HARDWYN,HARDWYN INDIA LIMITED,Industrials,9.3100004196167,53.91089075255099,19.908018762767238,49.000004,1.5715734,3.258,1.563,6.607,0.748,0.252,6366137118.932043,10,54% below 52w high; low D/E 2; earnings +75%; rev +25%
IKS,INVENTURUS KNOWLEDGE SO L,Healthcare,1791.5999755859375,7.3150555827243915,41.96513277226129,40.02681,10.705004,31.441000000000003,26.873,22.817,0.279,0.207,300554252288.359,10,ROE 31%; low D/E 27; margin 23%; earnings +28%; rev +21%
SUDEEPPHRM,SUDEEP PHARMA LIMITED,Healthcare,1107.800048828125,6.118639929819915,111.39205698555853,68.42496,14.164973,25.056,16.749,27.033,0.282,0.267,125124498827.06989,10,ROE 25%; low D/E 17; margin 27%; earnings +28%; rev +27%
DOLLAR,DOLLAR INDUSTRIES LIMITED,Consumer Cyclical,272.1499938964844,31.27525406654435,23.424033513144842,13.758846,1.6270589,11.806,30.541,5.9439998,0.221,0.014,15435291301.832285,10,31% below 52w high; low D/E 31; earnings +22%; PE 14
DHANUKA,DHANUKA AGRITECH LTD,Basic Materials,996.2999877929688,39.77877338669482,11.994156377618264,16.758621,2.6702008,18.624,1.822,13.721,-0.345,-0.126,44413382111.831024,10,40% below 52w high; ROE 19%; low D/E 2; PE 17
SIGNPOST,SIGNPOST INDIA LIMITED,Communication Services,266.3500061035156,20.917453753816282,39.15156000607771,19.35683,4.933504,27.3,69.752,12.451000500000001,0.22,0.106,14236408134.232916,10,21% below 52w high; ROE 27%; earnings +22%; rev +11%
GMDCLTD,GUJARAT MINERAL DEV CORP,Energy,561.9500122070312,27.199119778030983,40.48750305175781,18.694279,2.528038,14.188999999999998,4.475,33.823,-0.002,0.238,178700111657.8361,10,27% below 52w high; low D/E 4; margin 34%; rev +24%
MANAKCOAT,MAN COAT METAL & IND LTD,Industrials,126.91000366210938,30.581993995305346,34.72399975961735,30.073462,2.9604144,26.73999999999999,33.071,4.547,-0.07,0.049,13532927366.505548,10,31% below 52w high; ROE 27%; low D/E 33
REDINGTON,REDINGTON LIMITED,Technology,348.1000061035156,4.499312454453875,81.95599317641556,16.01196,2.6783104,13.089,27.26,1.3259999,0.767,0.346,272135672483.57224,10,low D/E 27; earnings +77%; rev +35%; PE 16
KMEW,KNOWLEDGE MARINE & EN W L,Industrials,2691.800048828125,10.270337796101595,216.06880428144066,54.106533,11.541743,19.958000000000002,38.764,30.749,1.133,0.424,66218284209.17193,10,ROE 20%; low D/E 39; margin 31%; earnings +113%; rev +42%
DSSL,DYNACONS SYS & SOLN LTD,Technology,1093.699951171875,43.17851603143133,40.03840603993278,16.385017,4.4017386,31.044,75.024,6.022,0.008,-0.046,13930543506.072275,10,43% below 52w high; ROE 31%; PE 16
CANBK,CANARA BANK,Financial Services,129.60000610351562,20.437100749506403,25.156931225523145,5.9178085,0.99873614,15.935999,102.381401307291,43.126,0.622,-0.129,1175556511810.8645,10,20% below 52w high; margin 43%; earnings +62%; PE 6
CONCORDBIO,CONCORD BIOTECH LIMITED,Healthcare,1576.699951171875,12.497922758806638,59.74670224639058,54.275387,8.1776495,13.543999000000001,0.115,24.844,0.311,0.262,164948372491.78665,10,low D/E 0; margin 25%; earnings +31%; rev +26%
GROWW,BILLIONBRAINS GARAGE VN L,Financial Services,200.72000122070312,11.654927853529593,79.21428680419922,50.94416,12.856776,21.582461737237928,3.028,45.354,0.857,0.652,1242773331334.0774,10,ROE 22%; low D/E 3; margin 45%; earnings +86%; rev +65%
JUBLCPL,JUBILANT AGRI N CON PRO L,Basic Materials,2284.0,24.205214242438924,56.43835616438356,26.988066,7.525114,32.558998,11.135,6.583,0.042,0.184,34608295936.0,10,24% below 52w high; ROE 33%; low D/E 11; rev +18%
ANTELOPUS,ANTELOPUS SELAN ENRGY LTD,Energy,796.6500244140625,14.673592504426697,123.15126734287465,21.232676,4.2736216,14.704999999999998,0.542,32.132,1.589,0.653,28012096346.456097,10,low D/E 1; margin 32%; earnings +159%; rev +65%
INGERRAND,INGERSOLL-RAND INDIA LTD,Industrials,4705.60009765625,1.323213770458366,53.61211839030891,55.399105,24.125715,41.799,1.468,18.365999,0.195,0.203,148546391050.81262,10,ROE 42%; low D/E 1; margin 18%; earnings +20%; rev +20%
SOUTHBANK,THE SOUTH INDIAN BANK LTD,Financial Services,45.15999984741211,9.499001069185457,60.654567295818055,7.8402777,1.0024639,13.596,30.018463358470747,29.435,0.171,0.086,118237290096.49648,10,low D/E 30; margin 29%; earnings +17%; PE 8
SHAILY,SHAILY ENG PLASTICS LTD,Basic Materials,3350.0,7.335692485996794,89.16934631069387,87.26231,21.481106,26.877000000000002,24.755,17.255000000000003,0.167,0.138,154084081664.0,10,ROE 27%; low D/E 25; margin 17%; earnings +17%; rev +14%
ZAGGLE,ZAGGLE PREPA OCEAN SER L,Technology,197.55999755859375,52.24559058999322,27.986522918778185,19.274147,2.0329704,10.4490004,3.884,7.2379999999999995,0.219,0.499,26616002231.08486,10,52% below 52w high; low D/E 4; earnings +22%; rev +50%
MAXHEALTH,MAX HEALTHCARE INS LTD,Healthcare,997.9000244140624,20.549361113530065,10.509415771213996,66.704544,9.036248,14.333001000000001,32.367,16.723,0.048,0.167,971232664785.634,10,21% below 52w high; low D/E 32; margin 17%; rev +17%
STEELCAS,STEELCAST LIMITED,Basic Materials,358.70001220703125,1.3611939426739474,103.78366293628784,39.988853,9.18966,24.098,0.0,20.549999,0.191,0.17,36300440787.35155,10,ROE 24%; low D/E 0; margin 21%; earnings +19%; rev +17%
SANOFICONR,SANOFI CONS HEALTHC IND L,Healthcare,4213.10009765625,21.35336760021934,5.989939563679245,36.423447,27.893383,87.94800000000001,5.979,28.005999999999997,0.133,0.067,97168787660.29384,10,21% below 52w high; ROE 88%; low D/E 6; margin 28%
AUTOAXLES,AUTOMOTIVE AXLES LIMITED,Consumer Cyclical,1754.199951171875,17.05910396350473,13.894299882114408,15.219503,2.4126444,15.8,1.28,7.902000000000001,0.276,0.056,26509425950.11059,10,low D/E 1; earnings +28%; PE 15
OFSS,ORACLE FIN SERV SOFT LTD.,Technology,11826.0,1.2772351615326822,89.68642232737189,30.253262,14.864591,49.897000000000006,0.567,38.153999999999996,1.202,0.687,1029754978304.0,10,ROE 50%; low D/E 1; margin 38%; earnings +120%; rev +69%
THANGAMAYL,THANGAMAYIL JEWELLERY LTD,Consumer Cyclical,5457.0,26.55450874831763,181.36117556071153,43.402527,11.978427,27.927000000000003,64.492,4.0700004,0.861,0.712,169614589952.0,10,27% below 52w high; ROE 28%; earnings +86%; rev +71%
WONDERLA,WONDERLA HOLIDAYS LTD.,Consumer Cyclical,490.1000061035156,25.62974110720552,7.71428705571772,30.688791,1.7997342,4.6430003,0.348,17.188999,0.383,0.442,31083499907.101864,10,26% below 52w high; low D/E 0; margin 17%; earnings +38%; rev +44%
ITC,ITC LTD,Consumer Defensive,271.6499938964844,36.381734450472045,2.5094316590507075,17.14962,4.694223,29.34,3.293,25.937998,-0.16,-0.111,3403715106116.282,10,36% below 52w high; ROE 29%; low D/E 3; margin 26%; PE 17
SWARAJENG,SWARAJ ENGINES LTD,Consumer Cyclical,3602.60009765625,20.73487133869637,9.126709004686763,21.681513,8.9525385,43.234003,0.419,9.561,0.111,0.215,43771106466.5103,10,21% below 52w high; ROE 43%; low D/E 0; rev +22%
CARRARO,CARRARO INDIA LIMITED,Consumer Cyclical,525.75,21.241853102534403,29.05007557108285,22.51606,5.2940288,25.534000000000002,27.433,5.757000000000001,0.078,0.105,29889695744.0,10,21% below 52w high; ROE 26%; low D/E 27; rev +10%
SUZLON,SUZLON ENERGY LIMITED,Industrials,47.0,23.577235772357724,23.06887062082677,20.982143,6.60762,39.366,2.807,18.090001,-0.083,0.225,646051725312.0,10,24% below 52w high; ROE 39%; low D/E 3; margin 18%; rev +22%
OIL,OIL INDIA LTD,Energy,480.8999938964844,9.435029398025542,25.038997988744043,9.359673,1.3485017,12.742999999999999,58.741,21.685,0.914,0.577,782235654455.9742,10,margin 22%; earnings +91%; rev +58%; PE 9
PENIND,PENNAR INDUSTRIES LTD,Industrials,163.2899932861328,41.661308736390154,26.483335062899066,15.49241,1.895217,12.838,99.887,3.904,0.105,0.029,22035367029.989017,10,42% below 52w high; PE 15
MCX,MULTI COMMODITY EXCHANGE,Financial Services,3126.0,10.172413793103448,113.99232581541345,51.797848,18.906382,37.883,0.113,55.559999999999995,1.034,0.853,795611037696.0,10,ROE 38%; low D/E 0; margin 56%; earnings +103%; rev +85%
RAMKY,RAMKY INFRA LTD,Industrials,391.1499938964844,44.5177313622008,6.580379808306369,11.4706745,1.2509395,13.379,27.392,12.173,-0.472,0.243,27066715737.6502,10,45% below 52w high; low D/E 27; rev +24%; PE 11
PNB,PUNJAB NATIONAL BANK,Financial Services,118.0,12.689600200515061,19.796954314720814,6.139438,0.86730266,14.965999,57.52280655710771,38.147,0.019,0.152,1356167249920.0,10,margin 38%; rev +15%; PE 6
DCW,DCW LTD,Basic Materials,44.0099983215332,45.87381669785607,18.593364585547693,18.26141,1.2136672,4.571,26.985,3.2279997999999996,2.0,0.14,12989771280.592125,10,46% below 52w high; low D/E 27; earnings +200%; rev +14%
SBFC,SBFC FINANCE LIMITED,Financial Services,93.98999786376952,23.585367590431286,18.07788902700392,21.557339,2.7898486,13.038999,195.685,44.877997,0.286,0.246,104093660866.1307,10,24% below 52w high; margin 45%; earnings +29%; rev +25%
CUMMINSIND,CUMMINS INDIA LTD,Industrials,5205.0,14.672131147540984,39.56294409438262,60.798973,17.024157,29.455,0.431,18.694,0.009,0.179,1442826027008.0,10,ROE 29%; low D/E 0; margin 19%; rev +18%
NESTLEIND,NESTLE INDIA LIMITED,Consumer Defensive,1458.0,6.117192530585962,27.336244541484717,73.710815,54.51894,76.338995,8.621,15.623000000000001,0.481,0.252,2811482341376.0,10,ROE 76%; low D/E 9; margin 16%; earnings +48%; rev +25%
ASIANPAINT,ASIAN PAINTS LIMITED,Basic Materials,2625.199951171875,12.074220648277306,24.122929133421987,52.799675,11.782394,20.889999,17.847,12.812999999999999,0.399,0.179,2516632946983.197,10,ROE 21%; low D/E 18; earnings +40%; rev +18%
KRISHIVAL,KRISHIVAL FOODS LIMITED,Consumer Defensive,393.5499877929687,22.529529962014035,39.408432451505355,41.339283,4.5899324,12.995999999999999,18.086,6.625,0.157,0.796,10086016711.154556,10,23% below 52w high; low D/E 18; earnings +16%; rev +80%
EICHERMOT,EICHER MOTORS LTD,Consumer Cyclical,8042.0,2.284325637910085,36.76870748299319,38.267906,8.788927,23.774,2.048,23.211999,0.213,0.315,2207703367680.0,10,ROE 24%; low D/E 2; margin 23%; earnings +21%; rev +32%
UTIAMC,UTI ASSET MNGMT CO LTD,Financial Services,896.5,36.7771509167842,2.3401826484018264,25.048895,2.5577745,9.776,3.129,26.583000000000002,0.24,0.067,115235061760.0,10,37% below 52w high; low D/E 3; margin 27%; earnings +24%
VBL,VARUN BEVERAGES LIMITED,Consumer Defensive,438.2999877929687,21.140698557152167,15.039366874794933,43.74251,6.809496,16.853,15.869,14.035,0.157,0.204,1482534248118.148,10,21% below 52w high; low D/E 16; earnings +16%; rev +20%
AJMERA,AJMERA REALTY & INF I LTD,Real Estate,119.06999969482422,46.219510850350154,21.462818706033502,15.148854,1.6727779,11.054,46.832,13.453999999999999,0.125,0.226,23432458179.942738,10,46% below 52w high; low D/E 47; rev +23%; PE 15
ICICIAMC,ICICI PRUDENTIAL AMC LTD,Financial Services,3228.89990234375,10.581559059990306,27.624502068922922,45.83901,38.260735,79.07277814138479,4.066,55.504,0.231,0.181,1595911258996.5671,10,ROE 79%; low D/E 4; margin 56%; earnings +23%; rev +18%
POWERINDIA,HITACHI ENERGY INDIA LTD,Industrials,33510.0,13.60061879592626,107.99453789336478,130.45001,28.85686,21.040001999999998,1.663,12.555,1.235,0.686,1493619965952.0,10,ROE 21%; low D/E 2; earnings +124%; rev +69%
FINPIPE,FINOLEX INDUSTRIES LTD,Industrials,158.61000061035156,28.714606467257724,7.50305532598883,15.940704,1.5762484,9.731,7.171,15.564998999999998,0.164,-0.153,98070774137.38889,10,29% below 52w high; low D/E 7; margin 16%; earnings +16%; PE 16
SOLARINDS,SOLAR INDUSTRIES (I) LTD,Basic Materials,19760.0,3.241602193712663,69.67199038296411,89.460335,28.485386,31.331999999999997,23.271,17.543,0.927,0.703,1788083568640.0,10,ROE 31%; low D/E 23; margin 18%; earnings +93%; rev +70%
HONDAPOWER,HONDA I POWER PRODUCT LTD,Industrials,2073.699951171875,35.51928012525264,14.152811793527128,31.917807,2.6182086,7.7080003999999995,0.123,7.3189996,0.17,0.222,21033684496.732895,10,36% below 52w high; low D/E 0; earnings +17%; rev +22%
VINATIORGA,VINATI ORGANICS LTD,Basic Materials,1330.5,28.07719431100485,10.598503740648379,30.763006,4.3617373,14.902999999999999,0.0,18.834,0.045,0.284,138026926080.0,10,28% below 52w high; low D/E 0; margin 19%; rev +28%
JIOFIN,JIO FIN SERVICES LTD,Financial Services,244.6000061035156,26.102717189270212,9.53873836124433,76.19938,1.1568513,2.88,16.286,55.00600300000001,1.702,2.082,1615128468846.378,10,26% below 52w high; low D/E 16; margin 55%; earnings +170%; rev +208%
BHARATRAS,BHARAT RASAYAN LTD,Basic Materials,1303.4000244140625,56.3715472999477,8.345804190695137,3.7168849,1.6994766,12.119000400000001,0.096,11.93,-0.061,-0.089,21663906197.7879,10,56% below 52w high; low D/E 0; PE 4
KPEL,K.P. ENERGY LIMITED,Industrials,256.6499938964844,44.5979505889942,7.881463001700839,9.551544,3.286424,43.485,100.154,10.130999000000001,0.016,1.367,17400381026.19326,10,45% below 52w high; ROE 43%; rev +137%; PE 10
PIDILITIND,PIDILITE INDUSTRIES LTD,Basic Materials,1660.0,2.781844802342606,31.850675138999208,64.09267,15.596959,23.523001,3.776,17.202,0.296,0.213,1689531973632.0,10,ROE 24%; low D/E 4; margin 17%; earnings +30%; rev +21%
PRUDENT,PRUDENT CORP ADV SER LTD,Financial Services,3363.5,2.6483357452966714,58.580858085808586,56.960205,15.77745,28.643998999999997,3.866,17.491,0.444,0.209,139271372800.0,10,ROE 29%; low D/E 4; margin 17%; earnings +44%; rev +21%
BEL,BHARAT ELECTRONICS LTD,Industrials,409.3999938964844,13.528359205647037,13.344402010104577,48.796185,12.475241,27.556000000000004,0.273,21.403,0.083,0.249,2992623538616.649,10,ROE 28%; low D/E 0; margin 21%; rev +25%
ADVAIT,ADVAIT ENRGY TRANSITION L,Industrials,2115.39990234375,14.873243366448694,56.58030365238712,40.362526,8.320779,22.072001,44.021,7.384,0.507,0.514,23135656915.955376,10,ROE 22%; low D/E 44; earnings +51%; rev +51%
GLOBUSSPR,GLOBUS SPIRITS LTD,Consumer Defensive,905.0999755859376,28.42230323559212,13.13042802272412,10.416618,2.3725953,10.6,48.422,3.592,0.487,0.127,28475614463.902058,10,28% below 52w high; low D/E 48; earnings +49%; rev +13%; PE 10
SIEMENS,SIEMENS LTD,Industrials,3880.0,5.317355414638715,37.296532200990804,81.56401,9.983583,21.13,2.213,19.017,4.061,0.148,1381747523584.0,10,ROE 21%; low D/E 2; margin 19%; earnings +406%; rev +15%
MUTHOOTFIN,MUTHOOT FINANCE LIMITED,Financial Services,2970.0,28.425111459211955,14.046542342630683,10.482477,2.936756,31.735000000000003,393.56,55.501999999999995,0.388,0.353,1192361328640.0,10,28% below 52w high; ROE 32%; margin 56%; earnings +39%; rev +35%; PE 10
VIJAYA,VIJAYA DIAGNOSTIC CEN LTD,Healthcare,1498.4000244140625,4.742528645005563,76.69811608656397,82.42024,16.101267,19.698,44.15,21.874,0.373,0.228,154331777490.59262,10,ROE 20%; low D/E 44; margin 22%; earnings +37%; rev +23%
BHARTIHEXA,BHARTI HEXACOM LIMITED,Communication Services,1615.5999755859375,17.385968717765458,12.97901927174388,44.19037,11.273935,26.466998000000004,85.654,18.999,0.232,0.109,807800000592.9686,10,ROE 26%; margin 19%; earnings +23%; rev +11%
MSTCLTD,MSTC LIMITED,Industrials,692.3499755859375,6.929701187834847,91.17768528358343,20.797535,5.3917975,26.6,16.041,60.627997,0.376,0.217,48741435721.25009,10,ROE 27%; low D/E 16; margin 61%; earnings +38%; rev +22%
ADANIPOWER,ADANI POWER LTD,Utilities,204.0,19.748228776912,74.80720251473217,27.604872,6.058266,20.908001000000002,82.332,24.148001,0.444,0.34,3934077845504.0,10,ROE 21%; margin 24%; earnings +44%; rev +34%
BFUTILITIE,BF UTILITIES LIMITED,Industrials,528.4500122070312,41.19839712594845,43.32790743448569,12.591136,9.876094,1.35,68.46,17.851,0.2,0.12,19905458635.809914,10,41% below 52w high; margin 18%; earnings +20%; rev +12%; PE 13
JPPOWER,JAIPRAKASH POWER VEN. LTD,Utilities,17.100000381469727,30.204080075633772,30.03802948688551,24.428572,1.31286,3.6029999999999998,26.634,11.1420006,0.677,0.122,117194156598.38724,10,30% below 52w high; low D/E 27; earnings +68%; rev +12%
PACEDIGITK,PACE DIGITEK LIMITED,Technology,175.3699951171875,24.393189297467448,25.43451697271557,12.419971,1.5631796,17.754998999999998,43.556,10.7700005,-0.063,0.513,37853846498.03843,10,24% below 52w high; low D/E 44; rev +51%; PE 12
HINDUNILVR,HINDUSTAN UNILEVER LTD.,Consumer Defensive,2028.0,26.254545454545454,0.9809266888864656,45.006657,9.776509,21.603,3.016,22.644000000000002,0.084,0.05,4764971040768.0,10,26% below 52w high; ROE 22%; low D/E 3; margin 23%
SEAMECLTD,SEAMEC LIMITED,Industrials,1699.0,1.2151883317277552,120.14901198574668,16.806807,3.3189816,21.945,27.069,24.733,0.072,0.408,43348312064.0,10,ROE 22%; low D/E 27; margin 25%; rev +41%; PE 17
SUNTECK,SUNTECK REALTY LIMITED,Real Estate,294.3500061035156,37.76955473498613,8.716530416810942,20.244154,1.1950291,5.2270003,17.311,18.917,0.263,0.017,43222954880.25267,10,38% below 52w high; low D/E 17; margin 19%; earnings +26%
GREAVESCOT,GREAVES COTTON LTD.,Industrials,191.0,29.753584300293873,59.17993449491647,45.153664,3.1092806,14.37,12.328,3.334,0.225,0.166,44493725696.0,10,30% below 52w high; low D/E 12; earnings +22%; rev +17%
STYL,SESHAASAI TECHNOLOGIES L,Technology,401.3500061035156,8.252372864589312,91.93247808906926,23.762583,4.5483394,23.236,5.865,17.488999999999997,0.492,0.211,64940770267.5844,10,ROE 23%; low D/E 6; margin 17%; earnings +49%; rev +21%
ENGINERSIN,ENGINEERS INDIA LTD,Industrials,237.2100067138672,11.157300856229519,45.03821601201596,17.004301,4.2491717,23.785999999999998,0.534,20.222001,1.422,-0.058,133322075837.47786,10,ROE 24%; low D/E 1; margin 20%; earnings +142%; PE 17
SBCL,SHIVALIK BIMETAL CON. LTD,Industrials,1025.3499755859375,7.212349642145821,178.17416131512047,55.544422,12.221387,21.614,14.779,17.209,0.447,0.334,59064461953.64754,10,ROE 22%; low D/E 15; margin 17%; earnings +45%; rev +33%
PETRONET,PETRONET LNG LIMITED,Energy,291.3999938964844,10.723039416201711,23.815587992088656,10.392296,1.9610482,18.559,10.507,11.3199994,0.351,-0.532,437100010556.7262,10,ROE 19%; low D/E 11; earnings +35%; PE 10
CAPLIPOINT,CAPLIN POINT LAB LTD.,Healthcare,2529.699951171875,6.272695399337717,68.61293533568887,28.940622,5.475257,19.939,0.127,29.089,0.159,0.196,192286781824.49146,10,ROE 20%; low D/E 0; margin 29%; earnings +16%; rev +20%
GUJTHEM,GUJARAT THEMIS BIOSYN LTD,Healthcare,369.25,22.91231732776618,64.07464785285009,82.60627,13.981976,17.413999,56.23,28.023002,0.229,0.221,40308305920.0,10,23% below 52w high; margin 28%; earnings +23%; rev +22%
SPMLINFRA,SPML INFRA LIMITED,Industrials,190.88999938964844,36.791390930579986,26.408851290307943,18.00849,1.6141279,8.692,37.764,8.550999,0.875,0.823,16063378380.638968,10,37% below 52w high; low D/E 38; earnings +88%; rev +82%
GLAXO,GLAXOSMITHKLINE PHARMA LT,Healthcare,2999.699951171875,1.8069315832418942,43.656903926149596,47.56144,22.411745,49.113,1.467,27.008,0.157,0.166,508167249840.2214,10,ROE 49%; low D/E 1; margin 27%; earnings +16%; rev +17%
IREDA,INDIAN RENEWABLE ENERGY,Financial Services,114.9000015258789,29.6602404452521,5.7524159339393455,16.344238,2.3414576,20.07,565.671,45.951,0.33,0.237,322780696766.547,10,30% below 52w high; ROE 20%; margin 46%; earnings +33%; rev +24%; PE 16
RPEL,RAGHAV PRODUCTIVITY ENH L,Basic Materials,1614.699951171875,3.021023953641141,187.67147448566217,118.8153,30.318449,20.89,2.213,21.957001,0.677,0.487,74150172477.71722,10,ROE 21%; low D/E 2; margin 22%; earnings +68%; rev +49%
MOTISONS,MOTISONS JEWELLERS LTD,Consumer Cyclical,16.59000015258789,20.278709378445384,56.21469238570074,24.397058,3.4497817,13.962,7.795,13.088,0.375,0.233,18871234733.569733,10,20% below 52w high; low D/E 8; earnings +38%; rev +23%
AJANTPHARM,AJANTA PHARMA LIMITED,Healthcare,3658.60009765625,3.619597005894362,57.02820940830554,40.217655,10.096756,25.393,5.874,19.648,0.308,0.248,457175117739.0302,10,ROE 25%; low D/E 6; margin 20%; earnings +31%; rev +25%
NAVINFLUOR,NAVIN FLUORINE INT. LTD,Basic Materials,8256.0,5.9198906045239585,83.52784261420474,53.624317,10.645362,20.105,32.091,21.733,1.009,0.441,423532953600.0,10,ROE 20%; low D/E 32; margin 22%; earnings +101%; rev +44%
JAINREC,JAIN RESOURCE RECYCLING L,Basic Materials,299.75,49.53278999251589,4.260869565217392,28.040226,6.774011,28.671999999999997,81.887,3.1260000000000003,0.141,0.759,103439474688.0,10,50% below 52w high; ROE 29%; rev +76%
KISSHT,ONEMI TECHNOLOGY SOL LTD,Financial Services,302.6499938964844,13.89758352873844,59.28947047183388,31.691097,2.6770866,23.966,180.902,15.146999999999998,0.295,0.463,50991385595.66125,10,ROE 24%; margin 15%; earnings +30%; rev +46%
GOLDIAM,GOLDIAM INTERNATIONAL LTD,Consumer Cyclical,363.1499938964844,8.802113821212993,82.71697806112421,26.144707,4.9433722,18.38,6.931,19.657,1.079,0.419,54674816105.07229,10,ROE 18%; low D/E 7; margin 20%; earnings +108%; rev +42%
CPPLUS,ADITYA INFOTECH LIMITED,Industrials,3468.60009765625,15.276011293203467,219.3481581448595,85.370415,21.770185,25.424999999999997,9.604,9.774,3.037,0.895,410336898336.7768,10,ROE 25%; low D/E 10; earnings +304%; rev +90%
BHARATSE,BHARAT SEATS LIMITED,Consumer Cyclical,230.2599945068359,12.508548934227079,78.35784943511752,31.285324,6.2964177,19.91,47.94,2.165,0.163,0.462,14460327591.029305,10,ROE 20%; low D/E 48; earnings +16%; rev +46%
MPSLTD,MPS LIMITED,Communication Services,2917.39990234375,2.067811267413562,118.3519164472961,26.275782,8.302007,32.234,10.167,23.361,0.43,0.204,49524414854.23322,10,ROE 32%; low D/E 10; margin 23%; earnings +43%; rev +20%
ALEMBICLTD,ALEMBIC LIMITED,Real Estate,91.62999725341795,16.631794922770357,30.04541363045597,7.336269,0.9622978,13.269,0.435,134.16001,0.054,-0.02,23528916286.727707,10,low D/E 0; margin 134%; PE 7
MMTC,MMTC LIMITED,Industrials,66.2699966430664,15.417998808314842,32.275446429999086,22.31313,4.6886935,20.266001,0.114,16386.812,1.3,-0.5,99404991572.5998,10,ROE 20%; low D/E 0; margin 16387%; earnings +130%
SAKSOFT,SAKSOFT LIMITED,Technology,163.72000122070312,28.71821384468083,52.170282362064604,16.437752,2.6868856,19.064999999999998,5.607,12.934000000000001,-0.093,-0.002,21042798748.89598,10,29% below 52w high; ROE 19%; low D/E 6; PE 16
NAVNETEDUL,NAVNEET EDUCATION LTD,Communication Services,133.7899932861328,20.599410512680823,10.115220811631945,8.75589,1.4391438,18.575001,5.145,19.591998999999998,-0.101,-0.008,29596109362.804115,10,21% below 52w high; ROE 19%; low D/E 5; margin 20%; PE 9
JSWDULUX,JSW DULUX LIMITED,Consumer Discretionary,3086.10009765625,17.594122893024032,15.714289375937382,7.159993,5.732665,134.58,3.2264643498123675,7.91,3.595576251455181,-0.1143980805857182,140541972831.29645,10,ROE 135%; low D/E 3; earnings +360%; PE 7
GRAUWEIL,GRAUER & WEIL IND LTD,Basic Materials,66.25,42.6903106622176,6.699951420822668,18.71469,2.7820938,16.232,1.343,12.967,-0.083,0.179,30038511616.0,10,43% below 52w high; low D/E 1; rev +18%
ROUTE,ROUTE MOBILE LIMITED,Communication Services,503.3500061035156,45.383027404759396,22.55904337538223,12.7689,1.1451302,9.722,1.488,5.510000000000001,0.176,0.096,31712600448.54028,10,45% below 52w high; low D/E 1; earnings +18%; PE 13
NAM-INDIA,NIPPON L I A M LTD,Financial Services,1232.5,2.6615031173145685,57.96219160525473,48.928146,16.880323,34.476003,1.617,52.507996999999996,0.264,0.245,788452474880.0,10,ROE 34%; low D/E 2; margin 53%; earnings +26%; rev +24%
DIXON,DIXON TECHNO (INDIA) LTD,Technology,14850.0,19.603703102160143,54.6875,43.51011,16.541815,37.133,18.457,3.639,1.546,0.211,902908084224.0,10,ROE 37%; low D/E 18; earnings +155%; rev +21%
KOTAKBANK,KOTAK MAHINDRA BANK LTD,Financial Services,397.3500061035156,12.323478508204943,15.007237656589181,19.4684,2.1808333,13.419999999999991,52.637921410590394,28.467,0.225,0.21,3952227970340.405,10,margin 28%; earnings +22%; rev +21%
IRMENERGY,IRM ENERGY LIMITED,Utilities,285.6000061035156,27.32824272175175,72.67231961462977,16.035936,1.1746802,5.4619998,7.333,6.468999999999999,1.428,0.241,11726644474.608389,10,27% below 52w high; low D/E 7; earnings +143%; rev +24%; PE 16
AEROENTER,AEROFLEX ENTERPRISES LTD,Basic Materials,130.64999389648438,12.637919605212128,110.04821912209589,9.8159275,1.7910264,9.559,4.218,16.426,8.478,1.477,14784901453.300564,10,low D/E 4; margin 16%; earnings +848%; rev +148%; PE 10
GULPOLY,GULSHAN POLYOLS LIMITED,Basic Materials,191.9199981689453,15.687741487441983,57.958846229584616,8.362527,1.6655096,16.091,43.497,6.252999600000001,3.066,0.079,11934242702.13875,10,low D/E 43; earnings +307%; PE 8
KFINTECH,KFIN TECHNOLOGIES LIMITED,Technology,961.0,20.905349794238685,22.428178234939043,48.732254,9.909669,22.312,3.314,24.400999000000002,-0.025,0.301,166130073600.0,10,21% below 52w high; ROE 22%; low D/E 3; margin 24%; rev +30%
SPLPETRO,SUPREME PETROCHEM LIMITED,Basic Materials,700.7000122070312,28.426965045247066,51.56825237054191,27.169445,5.544302,14.316,5.61,8.4809996,1.935,0.237,131760572663.42656,10,28% below 52w high; low D/E 6; earnings +194%; rev +24%
BANKINDIA,BANK OF INDIA,Financial Services,142.8000030517578,19.937204214457676,29.99545292246792,5.286931,0.7149115,13.697000000000001,118.52780403005494,34.992000000000004,0.803,0.185,650121000517.64,10,margin 35%; earnings +80%; rev +18%; PE 5
VIKRAN,VIKRAN ENGINEERING LTD,Industrials,62.619998931884766,47.11148807021105,22.544032880153257,16.097685,1.3059981,10.755,24.318,7.31,1.194,-0.11,16150387436.521317,10,47% below 52w high; low D/E 24; earnings +119%; PE 16
OBEROIRLTY,OBEROI REALTY LIMITED,Real Estate,1904.699951171875,4.098485746672845,36.91058208904149,26.322554,3.8643432,18.05,15.765,41.592997,0.289,0.317,692553169573.9844,10,ROE 18%; low D/E 16; margin 42%; earnings +29%; rev +32%
LINDEINDIA,LINDE INDIA LIMITED,Basic Materials,6695.0,16.821965461548018,18.015159527586817,104.05658,13.382667,13.577,1.8496456267796888,20.587,6.764,0.131,570977878016.0,10,low D/E 2; margin 21%; earnings +676%; rev +13%
PIXTRANS,PIX TRANSMISSIONS LIMITED,Industrials,1820.300048828125,12.862611353368836,45.39137770192691,18.81447,3.5600157,16.535999,3.477,21.55,0.893,0.228,24801952409.292973,10,low D/E 3; margin 22%; earnings +89%; rev +23%
VADILALIND,VADILAL INDUSTRIES LTD,Consumer Defensive,7402.0,12.371256067242808,85.23523523523524,24.273628,6.2573333,20.063,26.996,13.064,0.954,0.344,53204316160.0,10,ROE 20%; low D/E 27; earnings +95%; rev +34%
ESABINDIA,ESAB INDIA LTD,Industrials,6154.0,15.923218799098299,30.658174097664542,42.753925,22.061697,52.285000000000004,0.78,14.068,0.371,0.196,94728642560.0,10,ROE 52%; low D/E 1; earnings +37%; rev +20%
JAYNECOIND,JAYASWAL NECO INDUSTR LTD,Basic Materials,93.68000030517578,19.93162367078993,64.00560584198992,16.123924,3.2013123,25.69,74.729,7.4319999999999995,1.083,0.277,90963116328.32516,10,ROE 26%; earnings +108%; rev +28%; PE 16
TBZ,TRIB BHIMJI ZAVERI LTD,Consumer Cyclical,248.8500061035156,15.843761978174731,125.2036254330458,7.771705,1.9806433,27.058,105.734,6.249,0.618,0.348,16605915543.291391,10,ROE 27%; earnings +62%; rev +35%; PE 8
GOPAL,GOPAL SNACKS LIMITED,Consumer Defensive,282.75,28.957286432160807,14.219348218259793,41.88889,7.368654,16.670999000000002,32.169,5.2210003,4.15,0.311,35249541120.0,10,29% below 52w high; low D/E 32; earnings +415%; rev +31%
SHARDACROP,SHARDA CROPCHEM LTD.,Basic Materials,763.4500122070312,41.13723884294285,1.0455991716893809,11.007065,2.1960495,24.157,0.104,11.851,-0.383,0.049,68878836813.32437,10,41% below 52w high; ROE 24%; low D/E 0; PE 11
PARKHOSPS,PARK MEDI WORLD LIMITED,Healthcare,272.6000061035156,10.622948818519468,97.3931890337375,41.61832,5.367304,16.936001,17.307,16.093999,0.206,0.193,117744364108.29697,9,low D/E 17; margin 16%; earnings +21%; rev +19%
ATULAUTO,ATUL AUTO LIMITED,Consumer Cyclical,487.3500061035156,18.305252522668848,28.233132944868917,28.633959,5.908992,12.61999999999999,29.896800612164704,8.078000000000001,0.561,0.253,13524586665.38037,9,low D/E 30; earnings +56%; rev +25%
NUVOCO,NUVOCO VISTAS CORP LTD,Basic Materials,321.70001220703125,32.62826969486257,16.452493106617645,29.787037,1.1232857,2.94,48.061,3.329,0.198,0.089,114897146119.8166,9,33% below 52w high; low D/E 48; earnings +20%
ACE,ACTION CONST EQUIP LTD,Industrials,1164.4000244140625,2.6421384269178514,56.27433399100471,31.692976,6.89043,22.885999,0.393,12.796,0.223,0.205,138596076377.9543,9,ROE 23%; low D/E 0; earnings +22%; rev +20%
KPIGREEN,KPI GREEN ENERGY LIMITED,Utilities,307.04998779296875,43.374829360448366,1.9422228913843775,13.292207,1.9977617,17.253,158.765,16.427,-0.177,0.151,60695172755.012215,9,43% below 52w high; margin 16%; rev +15%; PE 13
MARKSANS,MARKSANS PHARMA LIMITED,Healthcare,320.8500061035156,7.134585787694464,107.00000393775201,28.120071,4.8094797,15.159,11.248,16.292,1.69,0.356,145397598925.89215,9,low D/E 11; margin 16%; earnings +169%; rev +36%
CANFINHOME,CAN FIN HOMES LTD,Financial Services,842.9000244140625,13.237259453004373,18.95287234762787,9.93166,1.8767228,19.655001,636.585,66.733,0.196,0.225,112236014770.84473,9,ROE 20%; margin 67%; earnings +20%; rev +22%; PE 10
AAVAS,AAVAS FINANCIERS LIMITED,Financial Services,1364.9000244140625,22.969693232810247,28.715578365650767,15.832271,2.1400394,13.916,310.553,42.543998,0.233,0.169,108222957455.79164,9,23% below 52w high; margin 43%; earnings +23%; rev +17%; PE 16
TIPSMUSIC,TIPS MUSIC LIMITED,Communication Services,651.0499877929688,12.139002996900304,35.31123268247136,38.729923,32.014652,92.33100400000001,1.962,54.473996,-0.047,0.209,83224754663.5558,9,ROE 92%; low D/E 2; margin 54%; rev +21%
UJJIVANSFB,UJJIVAN SMALL FINANC BANK,Financial Services,71.93000030517578,2.7184231401984262,71.46602859831657,15.70524,2.0502808,10.739,36.47490111253225,19.628999999999998,2.019,0.496,140158517842.64734,9,low D/E 36; margin 20%; earnings +202%; rev +50%; PE 16
MANORAMA,MANORAMA INDUSTRIES LTD,Consumer Defensive,1958.699951171875,4.126287265204357,84.67848352436313,47.518192,17.145033,39.395002,52.154,17.326,0.678,0.395,123637822453.85204,9,ROE 39%; margin 17%; earnings +68%; rev +40%
BETA,BETA DRUGS LIMITED,Healthcare,2295.0,18.266317183017573,131.7947739208687,51.981876,9.500981,18.776,60.386,11.1140005,0.275,0.253,23166998528.0,9,ROE 19%; earnings +28%; rev +25%
KTKBANK,KARNATAKA BANK LIMITED,Financial Services,335.04998779296875,0.8434466276991779,98.11376387564592,8.467273,0.95772624,10.358,40.29727273139739,41.452,0.433,0.261,126709722615.52606,9,low D/E 40; margin 41%; earnings +43%; rev +26%; PE 8
WAAREERTL,WAAREE RENEWABLE TECH LTD,Industrials,880.4000244140625,35.169364917962994,12.944198128808532,18.269352,13.9409685,150.94,15.598,-34.030998000000004,0.341,0.532,91895466484.32076,9,35% below 52w high; ROE 151%; low D/E 16; earnings +34%; rev +53%
RITES,RITES LIMITED,Industrials,218.44000244140625,22.23566849848189,24.82285853794643,25.165897,3.9217236,16.396,0.236,16.983,0.084,0.087,104983094421.3491,9,22% below 52w high; low D/E 0; margin 17%
TARIL,TRANS & RECTI. LTD,Industrials,285.1499938964844,48.34239241005718,27.270694047083698,33.041714,5.528305,19.334999,29.595,10.132,-0.085,0.081,85592283351.9332,9,48% below 52w high; ROE 19%; low D/E 30
VOLTAMP,VOLTAMP TRANSFORMERS LTD,Industrials,10313.5,19.82041514421208,54.71797179717972,32.950478,6.344087,18.073,0.03,13.922,0.147,0.284,104342913024.0,9,ROE 18%; low D/E 0; rev +28%
NCC,NCC LIMITED,Industrials,140.07000732421875,37.07547013314903,7.746159480168268,12.562333,1.1175917,9.3219995,57.389,3.261,0.127,0.122,87942484470.48619,9,37% below 52w high; rev +12%; PE 13
SEDEMAC,SEDEMAC MECHATRONICS LTD,Consumer Cyclical,3261.39990234375,2.636058456436783,130.79753440597298,120.48023,31.819157,27.527002,16.126,10.4119994,0.906,0.425,144047877926.76764,9,ROE 28%; low D/E 16; earnings +91%; rev +42%
GOKULAGRO,GOKUL AGRO RESOURCES LTD,Consumer Defensive,243.69000244140625,5.542845976302299,61.384107577090234,17.113062,5.0656886,30.102,41.405,1.7239999,0.715,0.073,71909688016.4266,9,ROE 30%; low D/E 41; earnings +72%; PE 17
TIMEX,TIMEX GROUP INDIA LTD.,Consumer Cyclical,591.0499877929688,4.360843399195995,82.98761231980457,70.44695,79.14435,77.263,31.919,10.11,0.835,0.296,59666496303.7002,9,ROE 77%; low D/E 32; earnings +84%; rev +30%
SAREGAMA,SAREGAMA INDIA LIMITED,Communication Services,520.2000122070312,9.45169500312772,69.41867216675509,45.07799,6.002354,12.567,4.281,21.314,0.416,0.275,99857328423.25546,9,low D/E 4; margin 21%; earnings +42%; rev +28%
SOTL,SAVITA OIL TECHNOLO. LTD,Basic Materials,688.5499877929688,15.494600133950746,140.92022995177624,11.407389,2.5992827,10.462,0.098,8.529,4.148,0.496,47207271611.080894,9,low D/E 0; earnings +415%; rev +50%; PE 11
UNIPARTS,UNIPARTS INDIA LIMITED,Industrials,810.1500244140625,3.4386144917684742,106.77642921269165,20.289257,4.201456,18.014,17.771,14.505,0.636,0.269,36542071885.20397,9,ROE 18%; low D/E 18; earnings +64%; rev +27%
ARVSMART,ARVIND SMARTSPACES LTD,Real Estate,659.0999755859375,5.001443185004177,35.39441086967453,16.358896,4.4615474,12.1350005,65.077,23.626,8.012,2.121,30230924192.20073,9,margin 24%; earnings +801%; rev +212%; PE 16
NITINSPIN,NITIN SPINNERS LIMITED,Consumer Cyclical,586.0499877929688,5.100801655356887,93.92785046993231,15.545093,2.240989,12.764000000000001,76.458,6.428000000000001,0.837,0.103,32947729745.72072,9,earnings +84%; rev +10%; PE 16
INA,INSOLATION ENERGY LIMITED,Technology,93.41999816894533,42.26562043231192,17.14106353472768,10.265933,2.5585408,28.151,109.826,7.695,-0.117,1.047,20594380396.34513,9,42% below 52w high; ROE 28%; rev +105%; PE 10
NOCIL,NOCIL LIMITED,Basic Materials,161.66000366210938,20.948653465961186,29.008065447067537,41.030457,1.5225806,3.147,0.453,4.828,0.612,0.199,27001250403.663555,9,21% below 52w high; low D/E 0; earnings +61%; rev +20%
BUILDPRO,SHANKARA BUILDPRO LIMITED,Consumer Cyclical,1263.0999755859375,8.471016261888586,98.60062509212854,23.347506,5.6134787,25.518998999999997,11.14,1.871,0.414,0.279,30629322159.97546,9,ROE 26%; low D/E 11; earnings +41%; rev +28%
NSIL,NALWA SONS INVESTMENT LTD,Financial Services,5631.0,35.49828178694158,19.80851063829787,52.06176,0.19046833,0.35499998,0.019,56.26499700000001,0.035,-0.073,28921733120.0,9,35% below 52w high; low D/E 0; margin 56%
ADFFOODS,ADF FOODS LIMITED,Consumer Defensive,267.3500061035156,22.942788097098234,74.62442550312642,31.94146,5.135618,16.894000000000002,9.628,12.814999999999998,0.13,0.259,29372031646.55414,9,23% below 52w high; low D/E 10; rev +26%
ORIENTCEM,ORIENT CEMENT LTD.,Basic Materials,130.86000061035156,46.450053924338086,6.9816881432584745,12.829412,1.2529322,17.082000999999998,3.377,8.283999999999999,-0.624,-0.303,26886479997.402756,9,46% below 52w high; low D/E 3; PE 13
INTERARCH,INTERARCH BLDNG SOLTN LTD,Industrials,1688.300048828125,38.88728049128593,5.5187530517578125,21.177874,3.2141445,16.479999,1.99,6.798,-0.007,0.207,28392196917.14417,9,39% below 52w high; low D/E 2; rev +21%
IPL,INDIA PESTICIDES LIMITED,Basic Materials,138.05999755859375,43.841523098284014,10.447998046875,14.765775,1.5746253,12.550999,10.912,10.413,-0.347,-0.085,15899472614.83911,9,44% below 52w high; low D/E 11; PE 15
CELLO,CELLO WORLD LIMITED,Consumer Cyclical,363.6000061035156,46.037397938446524,8.021390228880925,25.267548,2.9735522,12.975999999999999,1.411,13.963000000000001,-0.018,-0.003,80313804100.17532,9,46% below 52w high; low D/E 1
FLAIR,FLAIR WRITING INDUST LTD,Industrials,253.0,27.46559379177247,4.1580923661199725,19.10876,2.3356936,13.084999999999999,5.802,10.908,-0.004,0.106,26665029632.0,9,27% below 52w high; low D/E 6; rev +11%
SAMBHV,SAMBHV STEEL TUBES LTD,Basic Materials,131.3800048828125,7.033683785907065,61.36085462714074,22.535164,3.6728077,18.355,35.435,6.371,0.362,0.311,38713935262.82539,9,ROE 18%; low D/E 35; earnings +36%; rev +31%
MARATHON,MARATHON NXTGEN REALT LTD,Real Estate,354.6000061035156,48.263788521650916,3.0664201961533926,11.595815,1.0322814,11.684,4.266,34.967998,-0.335,0.403,23915839899.6489,9,48% below 52w high; low D/E 4; margin 35%; rev +40%; PE 12
QUESS,QUESS CORP LIMITED,Industrials,338.25,3.5637918745545263,103.3974707112458,20.026644,4.3250604,19.714001,10.656,1.595,0.598,0.145,50520973312.0,9,ROE 20%; low D/E 11; earnings +60%; rev +14%
RSYSTEMS,R SYS INTERNATIONAL LTD,Technology,241.6000061035156,51.37854516580123,13.150993475638614,15.536978,3.6076393,17.333001,28.616,8.5930005,-0.266,0.305,28627835603.222015,9,51% below 52w high; low D/E 29; rev +30%; PE 16
SSWL,STEEL STRIPS WHEELS LTD.,Consumer Cyclical,304.79998779296875,7.186360092002508,80.3550223627034,22.594515,2.6553066,15.49,45.898,3.8580000000000005,0.465,0.272,47934400640.26,9,low D/E 46; earnings +46%; rev +27%
UEL,UJAAS ENERGY LIMITED,Technology,190.7599945068359,32.87825956605768,106.63657332607168,1907.6,28.698662,3.8899999999999997,27.068,11.5200005,2.863,0.145,25446966563.223915,9,33% below 52w high; low D/E 27; earnings +286%; rev +14%
GRMOVER,GRM OVERSEAS LIMITED,Consumer Defensive,86.52999877929688,53.3405229424475,5.588776084942768,16.481905,1.3226032,14.710999999999999,60.709,4.1729997999999995,-0.446,0.305,17957037826.674995,9,53% below 52w high; rev +30%; PE 16
EIEL,ENVIRO INFRA ENGINEERS L,Industrials,199.0099945068359,27.9210466832721,47.732153951670476,19.321358,2.8319552,16.886000000000003,34.127,14.310998999999999,-0.05,0.491,34932223035.78496,9,28% below 52w high; low D/E 34; rev +49%
SHK,S H KELKAR AND CO. LTD.,Basic Materials,158.5399932861328,42.45372294514235,41.57884312683075,24.849527,1.6113753,5.2490000000000006,75.521,3.6380000000000003,0.773,0.141,21945232478.661144,9,42% below 52w high; earnings +77%; rev +14%
PFS,PTC INDIA FIN SERV LTD,Financial Services,27.81999969482422,31.62939141373398,16.6456991608226,8.017291,0.5788959,12.139999999999999,57.41138804826412,54.586999999999996,-0.624,-0.555,17868322619.990677,9,32% below 52w high; margin 55%; PE 8
PATELENG,PATEL ENGINEERING LTD.,Industrials,28.13999938964844,34.20622144384282,27.909088134765643,9.604095,0.6583072,6.550000000000001,27.377,5.567,0.08,0.038,26875041209.08515,9,34% below 52w high; low D/E 27; PE 10
RAMCOIND,RAMCO INDUSTRIES LIMITED,Industrials,354.0,11.066446211243122,53.47930169851859,9.375,0.67983186,6.9959999999999996,3.792,17.376,0.319,0.173,30741911552.0,9,low D/E 4; margin 17%; earnings +32%; rev +17%; PE 9
IMAGICAA,IMAGICAAWORLD ENT LTD,Communication Services,47.45000076293945,23.3441040496554,28.800218692741357,189.8,1.5017724,0.051000000000000004,27.313,3.4459999999999997,0.342,0.199,26850718127.727543,9,23% below 52w high; low D/E 27; earnings +34%; rev +20%
INSECTICID,INSECTICIDES (I) LTD,Basic Materials,606.5499877929688,31.19115283120037,16.959123861828452,14.102534,1.4461741,12.096,12.869,6.0500003,-0.245,-0.115,17649290908.80183,9,31% below 52w high; low D/E 13; PE 14
SANSTAR,SANSTAR LIMITED,Basic Materials,105.2300033569336,23.463525236264843,41.62853167533488,43.6639,2.7629578,5.092,2.868,5.357,2.446,0.221,21074244256.287712,9,23% below 52w high; low D/E 3; earnings +245%; rev +22%
SPORTKING,SPORTKING INDIA LIMITED,Consumer Cyclical,212.33999633789065,12.078174333327478,171.6387377660797,16.746056,2.4447641,11.286,42.272,6.183000000000001,1.159,0.201,27024631341.921265,9,low D/E 42; earnings +116%; rev +20%; PE 17
VINCOFE,VINTAGE COFFEE N BVRGS L,Consumer Defensive,152.82000732421875,15.029189803718616,27.095816732600074,28.779663,3.9175577,16.555001,21.719,12.858,0.312,0.585,22264106027.053886,9,low D/E 22; earnings +31%; rev +58%
INDNIPPON,INDIA NIPPON ELECT  LTD,Consumer Cyclical,1100.800048828125,13.878885082189749,63.08148871527778,21.652243,3.0318723,14.508,0.2313321076790084,10.005999000000001,0.3511181332036948,0.2656201168353487,24901665872.561775,9,low D/E 0; earnings +35%; rev +27%
JNKINDIA,JNK INDIA LIMITED,Industrials,450.3500061035156,19.292113601520498,124.14394296621232,33.508186,4.4357224,12.089,15.97,8.371,9.25,0.815,25198846293.5156,9,low D/E 16; earnings +925%; rev +82%
VENKEYS,VENKY S (INDIA) LIMITED,Consumer Defensive,1512.0,16.0,29.78540772532189,12.289685,1.3344818,9.0670004,10.432,4.3569997,2.157,0.292,21300051968.0,9,low D/E 10; earnings +216%; rev +29%; PE 12
CONFIPET,CONFIDENCE PETRO IND LTD.,Energy,72.16000366210938,16.481478717919128,157.16323961336153,17.817284,1.696605,6.458,49.394,2.243,2.049,1.166,23974517952.703194,9,low D/E 49; earnings +205%; rev +117%; PE 18
MUKANDLTD,MUKAND LTD.,Basic Materials,136.9600067138672,11.20907182245239,19.81454784273207,3.1283693,1.2999858,48.880002,111.455,12.345,0.975,0.207,19790115786.12414,9,ROE 49%; earnings +98%; rev +21%; PE 3
VIDYAWIRES,VIDYA WIRES LIMITED,Industrials,87.4000015258789,25.521940637133444,98.36586201030038,29.62712,3.8412516,17.844999,17.772,3.1689998,0.08,0.335,18589307204.54269,9,26% below 52w high; low D/E 18; rev +34%
BRIGHOTEL,BRIGADE HOTEL VENTURE LTD,Consumer Cyclical,59.90999984741211,34.45295530936151,10.209711506154182,33.283333,2.376438,11.927999999999999,31.381,12.918,0.432,0.023,22756368326.040627,9,34% below 52w high; low D/E 31; earnings +43%
FMGOETZE,FEDERAL-MOGUL GOETZE (IND,Consumer Cyclical,474.0,17.907866304472606,32.402234636871505,15.439739,1.8356868,12.438,0.068,8.5389994,0.005,0.088,26369628160.0,9,low D/E 0; PE 15
RHETAN,RHETAN TMT LIMITED,Basic Materials,22.030000686645508,36.8224796058095,8.41535933810496,137.6875,5.6242023,10.1660006,38.419,54.108999999999995,3.0,-0.193,17555157539.170662,9,37% below 52w high; low D/E 38; margin 54%; earnings +300%
MSPL,MSP STEEL & POWER LTD.,Basic Materials,33.959999084472656,26.366002014378566,29.371425083705354,53.904762,1.8683978,3.361,31.169,1.281,0.233,0.163,19248414201.082153,9,26% below 52w high; low D/E 31; earnings +23%; rev +16%
STALLION,STALLION IND FLUOROCHEM L,Basic Materials,226.8500061035156,46.47238965605291,128.40314820836355,39.179623,2.7401977,8.934000000000001,5.066,11.784001,0.221,0.099,26334051012.531136,9,46% below 52w high; low D/E 5; earnings +22%
MARSONS,MARSONS LIMITED,Industrials,112.1500015258789,36.06043020043298,11.870325711599907,43.808594,8.897264,27.24,0.321,17.874001,-0.277,0.063,19301015814.603767,9,36% below 52w high; ROE 27%; low D/E 0; margin 18%
GANECOS,GANESHA ECOSPHERE LIMITED,Consumer Cyclical,1095.5,21.90619034300991,67.6229853051473,51.91943,2.2964387,3.15,38.851,3.6029999999999998,1.611,0.257,29290815488.0,9,22% below 52w high; low D/E 39; earnings +161%; rev +26%
APCOTEXIND,APCOTEX INDUSTRIES LIMITE,Basic Materials,613.6500244140625,13.81319881824965,97.66468039461208,19.750565,5.123228,17.274,15.522,10.128999499999999,3.116,0.399,31814661361.746105,9,low D/E 16; earnings +312%; rev +40%
FISCHER,FISCHER MEDICAL VENTURE L,Healthcare,38.95000076293945,68.76503471038096,25.44283967791423,86.55556,6.5407224,8.625,27.698,10.1239994,24.680437122278335,0.987,25582965237.110477,9,69% below 52w high; low D/E 28; earnings +2468%; rev +99%
LAOPALA,LA OPALA RG LIMITED,Consumer Cyclical,178.35000610351562,31.92747858644442,10.024675748391331,21.206898,2.4132006,11.224,1.077,29.555999999999997,0.035,0.093,19796851365.490257,9,32% below 52w high; low D/E 1; margin 30%
JASH,JASH ENGINEERING LIMITED,Industrials,481.5,15.946579292859445,47.202687562048595,35.326485,5.8367877,15.712000000000002,19.563,11.356,0.581,0.175,30288816128.0,9,low D/E 20; earnings +58%; rev +18%
SASKEN,SASKEN TECHNOLOGIES LTD,Technology,1874.0999755859375,32.591180184864385,89.11200560907542,41.152832,3.3263226,6.9879999999999995,3.212,4.8449997,1.445,1.257,28470371981.114,9,33% below 52w high; low D/E 3; earnings +144%; rev +126%
AARTIDRUGS,AARTI DRUGS LTD.,Healthcare,414.75,22.411372281120936,30.036050831308557,19.797134,2.4427521,13.358999999999998,37.221,7.138999999999999,-0.071,0.191,37854232576.0,9,22% below 52w high; low D/E 37; rev +19%
RPTECH,RASHI PERIPHERALS LIMITED,Technology,856.1500244140625,11.527331444231043,209.5823764978774,18.173424,2.7857134,14.938,48.65,1.7950000000000002,0.64,0.619,56420001352.878586,9,low D/E 49; earnings +64%; rev +62%
CENTUM,CENTUM ELECTRONICS LTD,Technology,3446.0,13.172748498188847,68.57450749984206,54.12282,14.800753,28.000998,37.984,5.554,17.186,-0.253,50869907456.0,9,ROE 28%; low D/E 38; earnings +1719%
AQYLON,AQYLON NEXUS LIMITED,Communication Services,24.079999923706055,98.5958365163629,15.380924558652614,21.5,-106.07929,51.72,,54.86,,242.948,6109831660.641895,9,99% below 52w high; ROE 52%; margin 55%; rev +24295%
PNCINFRA,PNC INFRATECH LTD.,Industrials,209.33999633789065,35.58769343449518,32.35126684030772,7.329832,0.7889708,12.989999999999998,75.883,12.998999999999999,-0.23,0.187,53703908436.5255,9,36% below 52w high; rev +19%; PE 7
AHLUCONT,AHLUWALIA CONT IND LTD,Industrials,693.5,35.66491660896934,7.494377083818585,20.639881,2.2571197,13.785,3.552,4.802,-0.797,0.12,46455873536.0,9,36% below 52w high; low D/E 4; rev +12%
KSHINTL,KSH INTERNATIONAL LIMITED,Industrials,1011.2999877929688,4.585341588982507,206.0835370686517,52.919933,8.472333,19.903000000000002,39.74,3.4930002,0.559,1.084,68521331908.90414,9,ROE 20%; low D/E 40; earnings +56%; rev +108%
SENCO,SENCO GOLD LIMITED,Consumer Cyclical,336.29998779296875,21.79070051326308,21.847821664119113,9.798951,2.1915362,25.617,107.377,5.909,-0.033,0.673,55119890479.25587,9,22% below 52w high; ROE 26%; rev +67%; PE 10
KALAMANDIR,SAI SILKS (KALAMANDIR) L,Consumer Cyclical,86.4800033569336,61.22494559912931,2.343199238974667,9.339093,1.0090544,12.709999999999999,28.658,8.274,-0.147,-0.01,12742826478.644089,9,61% below 52w high; low D/E 29; PE 9
FIEMIND,FIEM INDUSTRIES LIMITED,Consumer Cyclical,2190.60009765625,18.102285865592503,17.238431771808937,21.91696,4.7452974,22.686,5.395,9.0270005,0.128,0.185,57655851530.27938,9,ROE 23%; low D/E 5; rev +18%
DOLPHIN,DOLPHIN OFF ENT (IND) L,Energy,621.5999755859375,5.280003720238096,93.04347067886258,34.495003,7.036848,21.903,57.496,50.425,0.307,1.606,24866845743.32569,9,ROE 22%; margin 50%; earnings +31%; rev +161%
GSFC,GUJ STATE FERT & CHEM LTD,Basic Materials,160.61000061035156,27.19071432217815,15.688250732576838,9.241082,0.5247441,5.510000000000001,0.217,5.612,0.144,0.64,63999475955.211365,9,27% below 52w high; low D/E 0; rev +64%; PE 9
GARFIBRES,GARWARE TECH FIBRES LTD,Consumer Cyclical,760.25,12.660119554438106,31.134109529969816,35.77647,5.569842,15.306000000000001,3.161,12.781999999999998,0.226,0.314,74237157376.0,9,low D/E 3; earnings +23%; rev +31%
PARAS,PARAS DEF AND SPCE TECH L,Industrials,1502.0,4.7558655675332915,158.7424633936262,128.70609,16.670366,13.137999,3.731,18.473,0.425,0.373,121042165760.0,9,low D/E 4; margin 18%; earnings +42%; rev +37%
PRICOLLTD,PRICOL LIMITED,Consumer Cyclical,803.6500244140625,2.351151347015492,82.29556839914348,36.57943,7.8054585,22.087999,30.215,6.303,0.345,0.235,97950067615.62248,9,ROE 22%; low D/E 30; earnings +34%; rev +24%
AVL,ADITYA VISION LIMITED,Consumer Cyclical,611.0,13.333333333333334,39.96106221168038,56.679035,11.412028,18.383,83.205,4.753,0.398,0.269,78903345152.0,9,ROE 18%; earnings +40%; rev +27%
INOXGREEN,INOX GREEN ENERGY SER LTD,Utilities,175.0800018310547,37.24731117166499,32.05611661867172,55.23028,4.014215,5.6579999999999995,5.147,44.536,0.741,-0.23,70293226207.15387,9,37% below 52w high; low D/E 5; margin 45%; earnings +74%
SONATSOFTW,SONATA SOFTWARE LTD,Technology,306.0,27.402135231316727,47.71904852331893,18.31239,4.447028,25.724000000000004,37.962,4.205,-0.008,0.106,84699103232.0,9,27% below 52w high; ROE 26%; low D/E 38; rev +11%
SAFARI,SAFARI IND (INDIA) LTD,Consumer Cyclical,1490.199951171875,40.56081157010919,9.324332614069833,44.272133,6.549984,16.223000000000003,10.456,7.829,-0.055,0.115,73013163687.63924,9,41% below 52w high; low D/E 10; rev +12%
IXIGO,LE TRAVENUES TECHNOLOGY L,Consumer Cyclical,170.4499969482422,49.74200205934043,12.679309931951268,86.96428,3.6973166,5.3260002,2.15,6.741999999999999,0.5,0.134,75175991998.03975,9,50% below 52w high; low D/E 2; earnings +50%; rev +13%
PNGJL,P N GADGIL JEWELLERS LTD,Consumer Cyclical,609.4500122070312,17.239273220834374,21.163024295632454,18.563812,4.2143807,23.306999,88.504,3.898,0.519,0.407,89712625412.90671,9,ROE 23%; earnings +52%; rev +41%
PRECWIRE,PRECISION WIRES INDIA LTD,Industrials,435.7000122070313,8.25436559133703,156.068191499379,45.480167,10.312671,23.027,39.377,2.87,0.671,0.604,79649433783.54256,9,ROE 23%; low D/E 39; earnings +67%; rev +60%
SUPRIYA,SUPRIYA LIFESCIENCE LTD,Healthcare,811.7000122070312,25.188938967093893,48.799268965541934,32.915653,5.4560366,19.059,0.454,22.736,-0.308,0.326,65327891414.45608,9,25% below 52w high; ROE 19%; low D/E 0; margin 23%; rev +33%
GANDHAR,GANDHAR OIL REFINE IND L,Energy,254.08999633789065,16.18894182011268,120.94782290251361,8.252355,1.8372909,10.209999999999999,22.511,5.945,6.332,0.918,24870209177.554455,9,low D/E 23; earnings +633%; rev +92%; PE 8
SENORES,SENORES PHARMACEUTICALS L,Healthcare,1513.300048828125,4.069727491085579,128.43988541661963,53.322765,6.43689,13.793,35.46,18.722999,0.435,0.383,69692901576.7105,9,low D/E 35; margin 19%; earnings +44%; rev +38%
JAMNAAUTO,JAMNA AUTO IND LTD,Consumer Cyclical,121.43000030517578,20.425953179317563,35.31313037193682,20.792809,4.2182236,21.584,13.054,8.821999,0.061,0.067,48553300090.023315,9,20% below 52w high; ROE 22%; low D/E 13
SHALBY,SHALBY LIMITED,Healthcare,154.57000732421875,43.73134311776985,22.85010944136666,44.16286,1.6376023,3.467,59.122,3.3419999999999996,0.38,0.117,16585169681.879572,9,44% below 52w high; earnings +38%; rev +12%
RUSTOMJEE,KEYSTONE REALTORS LIMITED,Real Estate,370.9500122070313,44.468561046851605,3.386294544991246,40.102703,1.6364189,3.344,51.271,4.1490003,2.667,0.722,46831502853.10688,9,44% below 52w high; earnings +267%; rev +72%
RAYMONDREL,RAYMOND REALTY LIMITED,Real Estate,578.0499877929688,21.34304414347389,65.63036899511998,12.82845,2.45518,37.721002,64.676,9.603,-0.185,0.407,38470053075.60462,9,21% below 52w high; ROE 38%; rev +41%; PE 13
EPACKPEB,EPACK PREFAB TECHN LTD,Industrials,232.8999938964844,32.296513402184765,76.21245148144871,24.750265,3.1850877,17.021998999999997,15.606,5.94,-0.032,0.239,23436961177.79707,9,32% below 52w high; low D/E 16; rev +24%
JKIL,JKUMAR INFR.LTD.,Industrials,503.6499938964844,25.933824426987588,18.50588091681985,10.008943,1.1244094,12.137,18.443,6.622,-0.058,0.018,38108929586.17443,9,26% below 52w high; low D/E 18; PE 10
NGLFINE,NGL FINE CHEM LIMITED,Healthcare,3033.300048828125,15.788449505049279,138.6546065167683,32.67938,5.6918697,15.736,37.232,10.689,0.991,0.336,18739800365.661324,9,low D/E 37; earnings +99%; rev +34%
ORIENTELEC,ORIENT ELECTRIC LIMITED,Consumer Cyclical,186.02999877929688,15.05479507794663,24.810462912032087,36.764824,5.222041,13.178999999999998,12.281,3.131,0.805,0.235,39696965371.514,9,low D/E 12; earnings +80%; rev +24%
CAPILLARY,CAPILLARY TECHNO INDIA L,Technology,506.9500122070313,36.54796865117692,9.197633216377234,96.561905,3.933138,6.582000000000001,5.238,5.1880002,3.06,0.427,40288322506.116974,9,37% below 52w high; low D/E 5; earnings +306%; rev +43%
SANDHAR,SANDHAR TECHNOLOGIES LTD,Consumer Cyclical,648.0,15.094340980668283,54.12058061278451,18.744576,2.9267104,16.07,86.084,4.042,0.331,0.268,39097294848.0,9,earnings +33%; rev +27%
LXCHEM,LAXMI ORGANIC INDUS LTD,Basic Materials,174.50999450683594,27.589213897578453,62.18401206465387,38.523174,2.4357936,4.077,27.344,4.0260002,2.211,0.397,48498887177.36913,9,28% below 52w high; low D/E 27; earnings +221%; rev +40%
TEXRAIL,TEXMACO RAIL & ENG. LTD.,Industrials,105.4800033569336,31.058821335337523,35.14413738970125,20.245682,1.8047429,7.3850006,37.094,5.095000000000001,0.685,-0.169,42916078933.81743,9,31% below 52w high; low D/E 37; earnings +68%
VENUSREM,VENUS REMEDIES LIMITED,Healthcare,1765.5999755859375,13.63303167761257,316.41508858158903,20.317606,3.555448,16.785,1.87,14.316999999999998,1.393,0.356,23628480185.274124,9,low D/E 2; earnings +139%; rev +36%
RAYMONDLSL,RAYMOND LIFESTYLE LIMITED,Consumer Cyclical,730.8499755859375,45.86296477141204,7.954206142679099,102.5035,0.46208858,0.47999998000000005,22.681,0.622,0.2089552238805969,0.059,44512991793.04234,9,46% below 52w high; low D/E 23; earnings +21%
GOODLUCK,GOODLUCK INDIA LIMITED,Basic Materials,1439.4000244140625,13.916629063422615,57.31147807803961,23.00096,2.8936446,12.699,73.233,4.642,0.516,0.309,47843509035.48701,9,earnings +52%; rev +31%
AURIONPRO,AURIONPRO SOLN LTD,Technology,691.4000244140625,50.94366308802202,1.654046842046603,18.501472,2.141293,13.245000000000001,3.478,14.232999,-0.083,0.063,38174635331.98655,9,51% below 52w high; low D/E 3
JUSTDIAL,JUSTDIAL LTD.,Communication Services,680.6500244140625,22.530156689324098,41.65453161582987,11.489703,1.1335721,11.66,1.655,40.499002,0.041,0.099,57888626716.39241,9,23% below 52w high; low D/E 2; margin 40%; PE 11
DATAMATICS,DATAMATICS GLOBAL SER LTD,Technology,820.9000244140625,22.115747209291982,29.88924436931369,22.422836,3.1425498,13.48,14.384,10.629,0.437,0.099,48520435107.02705,9,22% below 52w high; low D/E 14; earnings +44%
ACCELYA,ACCELYA SOLN INDIA LTD,Technology,1139.5,25.37655533726261,12.554323638968512,17.838133,6.8001027,36.141,6.276,17.919001,-0.103,-0.035,17008474112.0,9,25% below 52w high; ROE 36%; low D/E 6; margin 18%; PE 18
INDIGOPNTS,INDIGO PAINTS LIMITED,Basic Materials,1130.699951171875,15.989305991421974,59.69210799598058,33.5918,4.6697474,13.514000000000001,1.831,10.977,0.609,0.197,53971285733.30503,9,low D/E 2; earnings +61%; rev +20%
RALLIS,RALLIS INDIA LTD,Basic Materials,212.8500061035156,44.81462292791824,2.563488341690986,19.332426,2.0261009,9.317,2.991,7.222,0.315,0.068,41392706722.943985,9,45% below 52w high; low D/E 3; earnings +32%
SHARDAMOTR,SHARDA MOTOR INDS LTD,Consumer Cyclical,922.4000244140624,22.48088028502428,31.77143205915177,15.955717,4.032879,29.089,3.744,9.092,-0.134,0.337,52952896889.55606,9,22% below 52w high; ROE 29%; low D/E 4; rev +34%; PE 16
ASALCBR,ASSO ALCOHOLS & BREW LTD,Consumer Defensive,722.7999877929688,43.3985914022734,9.407395910418336,17.05924,1.9836161,14.562,9.922,7.994999999999999,-0.285,0.053,14513244938.89259,9,43% below 52w high; low D/E 10; PE 17
GUJALKALI,GUJARAT ALKALIES & CHEM,Basic Materials,676.8499755859375,16.950923240989262,65.42832352019579,74.87279,1.300914,0.32,6.128,18.39,5.191,3.957,49705781503.1063,9,low D/E 6; margin 18%; earnings +519%; rev +396%
BOROSCI,BOROSIL SCIENTIFIC LTD,Consumer Cyclical,127.6999969482422,29.369471906654017,32.13989833894881,26.329897,2.5730922,8.174,1.955,9.024999000000001,2.122,0.112,11358537456.55516,9,29% below 52w high; low D/E 2; earnings +212%; rev +11%
NAVKARCORP,NAVKAR CORPORATION LTD.,Industrials,96.87999725341795,26.88302094081664,30.83051081807916,36.42105,0.74477243,2.04,9.055,5.3790003,4.125,0.383,14582298210.586714,9,27% below 52w high; low D/E 9; earnings +412%; rev +38%
ALIVUS,ALIVUS LIFE SCIENCES LTD,Healthcare,1370.0,3.385049365303244,67.27716727716728,27.95348,5.0550146,18.359,1.704,23.279,0.317,0.064,168196882432.0,9,ROE 18%; low D/E 2; margin 23%; earnings +32%
AVANTIFEED,AVANTI FEEDS LIMITED,Consumer Defensive,857.1500244140625,46.21972655576839,39.5441635187729,22.034704,3.5538962,19.055,0.357,8.3500005,-0.421,0.183,116782951678.30954,9,46% below 52w high; ROE 19%; low D/E 0; rev +18%
HUDCO,HSG & URBAN DEV CORPN LTD,Financial Services,186.0500030517578,24.63034294042575,17.012580535696735,8.759417,1.6943673,20.200000000000003,645.775,90.679,0.349,0.098,372453513181.31415,9,25% below 52w high; ROE 20%; margin 91%; earnings +35%; PE 9
ASTRAL,ASTRAL LIMITED,Industrials,1532.0,13.382708074088336,16.8039058033378,71.355385,10.142471,13.797999999999998,6.168,8.4809996,0.48,0.159,411572076544.0,9,low D/E 6; earnings +48%; rev +16%
ALLDIGI,ALLDIGI TECH LIMITED,Industrials,802.8499755859375,19.715002441406252,14.692853655133927,14.321262,4.8745313,32.217,68.009,14.124,0.217,0.044,12234089099.97057,9,ROE 32%; earnings +22%; PE 14
CAPITALSFB,CAPITAL SMALL FIN BANK L,Financial Services,287.45001220703125,11.198640294401754,39.167275700790626,8.684291,0.877509,10.520999999999999,34.18320437746124,29.315,0.285,0.214,13068968490.994955,9,low D/E 34; margin 29%; earnings +28%; rev +21%; PE 9
INDOBORAX,INDO BORAX & CHEMICAL LTD,Basic Materials,498.1499938964844,2.304373434133711,122.38839013235909,28.352304,4.135123,13.925,0.37,23.332000999999998,0.42,0.252,15985633084.138187,9,low D/E 0; margin 23%; earnings +42%; rev +25%
SUPREMEIND,SUPREME INDUSTRIES LTD,Industrials,3650.0,21.7560917402288,16.24203821656051,44.934135,7.515685,16.128999,1.473,9.115,0.387,0.042,463848538112.0,9,22% below 52w high; low D/E 1; earnings +39%
RADICO,RADICO KHAITAN LTD,Consumer Defensive,4696.0,1.0743627554244786,87.83999999999999,89.27757,18.9637,27.779999999999998,20.939,8.838,0.621,0.195,629181382656.0,9,ROE 28%; low D/E 21; earnings +62%; rev +20%
PREMIERENE,PREMIER ENERGIES LIMITED,Technology,1040.0,8.289241622574956,55.94541339442035,27.90448,10.876727,42.333,86.005,19.667,0.53,0.353,469504393216.0,9,ROE 42%; margin 20%; earnings +53%; rev +35%
RVNL,RAIL VIKAS NIGAM LIMITED,Industrials,227.8999938964844,43.12453532476201,3.515620505827212,52.87703,4.822974,8.981,49.078,4.32,0.169,0.106,475176062538.0473,9,43% below 52w high; low D/E 49; earnings +17%; rev +11%
PINELABS,PINE LABS LIMITED,Technology,159.72999572753906,43.75704375790878,18.555630366497482,146.54128,3.092905,2.3929998,7.474,4.4949997,2.644,0.196,184305740990.18655,9,44% below 52w high; low D/E 7; earnings +264%; rev +20%
RUBICON,RUBICON RESEARCH LIMITED,Healthcare,1760.5999755859375,3.269051194885347,208.47130540270476,100.893974,22.552422,26.967999999999996,24.131,14.066999999999998,0.967,0.435,290661199937.4304,9,ROE 27%; low D/E 24; earnings +97%; rev +44%
APARINDS,APAR INDUSTRIES LTD.,Industrials,16784.0,9.103709721093962,146.78723717100425,57.070965,12.500753,19.742,17.716,4.843999999999999,0.774,0.291,702785257472.0,9,ROE 20%; low D/E 18; earnings +77%; rev +29%
ANDHRAPAP,ANDHRA PAPER LIMITED,Basic Materials,60.34000015258789,30.5558745811472,4.0344830217032595,43.410072,0.6186941,0.9599999499999999,11.971,1.6239999,0.421,0.001,11998620702.34213,9,31% below 52w high; low D/E 12; earnings +42%
AVTNPL,AVT NATURAL PRODUCTS LTD,Basic Materials,88.47000122070312,4.305025266541937,65.3644882629965,20.767605,2.4087234,12.162,20.311,10.193000000000001,1.55,0.822,13472565433.89355,9,low D/E 20; earnings +155%; rev +82%
LTTS,L&T TECHNOLOGY SER. LTD.,Technology,3579.10009765625,24.267877747434405,18.906979988579735,29.643036,5.861199,23.189999999999998,8.911,11.684,0.128,0.026,379662149751.1352,9,24% below 52w high; ROE 23%; low D/E 9
COFORGE,COFORGE LIMITED,Technology,1882.0,5.412873991801773,86.68783310962048,38.589294,6.6276236,18.596001,7.518,9.64,0.309,0.499,833144094720.0,9,ROE 19%; low D/E 8; earnings +31%; rev +50%
DCMSHRIRAM,DCM SHRIRAM LIMITED,Industrials,1079.699951171875,23.663749113751766,14.241876950900235,11.495954,2.2378407,11.616999999999999,37.802,10.3520006,5.11,0.093,167196729974.73,9,24% below 52w high; low D/E 38; earnings +511%; PE 11
GABRIEL,GABRIEL INDIA LTD,Consumer Cyclical,1436.800048828125,10.199996948242188,80.57057016285272,81.22103,15.101955,19.584998000000002,10.642,5.2360002,0.406,0.298,254644101581.80957,9,ROE 20%; low D/E 11; earnings +41%; rev +30%
FEDERALBNK,FEDERAL BANK LTD,Financial Services,355.29998779296875,4.4121667676803815,88.5881100336908,18.969568,2.1872017,14.09,82.89399323377539,30.720999999999997,0.327,0.214,877409503806.8674,9,margin 31%; earnings +33%; rev +21%
ICICIPRULI,ICICI PRU LIFE INS CO LTD,Financial Services,502.0,28.975663742223695,9.249183895538629,43.127148,5.3373027,12.579,19.037,2.5510002,0.614,-0.831,727775707136.0,9,29% below 52w high; low D/E 19; earnings +61%
SOBHA,SOBHA LIMITED,Real Estate,1303.5999755859375,24.73441249503825,15.362829697870575,60.54807,2.9539592,4.168,24.62,4.106,2.74,0.5,139425002956.82266,9,25% below 52w high; low D/E 25; earnings +274%; rev +50%
LAURUSLABS,LAURUS LABS LIMITED,Healthcare,1825.0,2.4481530699560485,121.72276201330745,90.43607,18.589252,17.743000000000002,46.369,15.040000000000001,1.252,0.291,986069729280.0,9,low D/E 46; margin 15%; earnings +125%; rev +29%
CHOICEIN,CHOICE INTERNATIONAL LTD,Financial Services,809.7000122070312,5.903543032303167,42.37735094548682,70.2255,9.57828,16.240999000000002,49.768,20.173,0.154,0.344,180382141087.4398,9,low D/E 50; margin 20%; earnings +15%; rev +34%
SRF,SRF LTD,Industrials,2574.5,19.797507788161994,9.320594479830149,35.281624,5.434438,13.763,36.195,12.715000000000002,0.756,0.318,763097317376.0,9,low D/E 36; earnings +76%; rev +32%
PERSISTENT,PERSISTENT SYSTEMS LTD,Technology,5674.0,14.017275344749205,33.678878548710095,46.386528,11.325553,26.349002,6.092,12.235999999999999,0.121,0.291,886454943744.0,9,ROE 26%; low D/E 6; rev +29%
INDHOTEL,THE INDIAN HOTELS CO. LTD,Consumer Cyclical,735.8499755859375,9.372502675902386,30.238933732024336,48.443054,8.024886,16.430001,18.987,20.868999,0.207,0.151,1047432493120.2393,9,low D/E 19; margin 21%; earnings +21%; rev +15%
LODHA,LODHA DEVELOPERS LIMITED,Real Estate,1240.0,7.803260714677935,90.53473006432607,30.053322,5.319263,15.709999999999999,42.238,22.692,1.033,0.431,1238669590528.0,9,low D/E 42; margin 23%; earnings +103%; rev +43%
LGEINDIA,LG ELECTRONICS INDIA LTD,Technology,1632.800048828125,6.962960180733618,25.205128394738384,60.879944,14.458131,24.715999999999998,5.99,7.135,0.272,0.155,1108299645303.1848,9,ROE 25%; low D/E 6; earnings +27%; rev +16%
3MINDIA,3M INDIA LIMITED,Industrials,33550.0,11.78017354719958,16.77688827010094,65.446815,21.375063,28.9,9.6,10.262,2.004,0.168,377943097344.0,9,ROE 29%; low D/E 10; earnings +200%; rev +17%
ELGIEQUIP,ELGI EQUIPMENTS LTD,Industrials,632.4500122070312,1.7934763653678183,54.91733305744795,44.66455,8.932909,20.998,23.885,10.803001,0.211,0.226,199374475016.16257,9,ROE 21%; low D/E 24; earnings +21%; rev +23%
MARICO,MARICO LIMITED,Consumer Defensive,858.3499755859375,3.4585536884909978,24.34448656594348,59.0337,26.46696,41.393003,12.394,13.159999,0.247,0.214,1112573052003.0664,9,ROE 41%; low D/E 12; earnings +25%; rev +21%
SHREEPUSHK,SHRE PUSH CHEM & FERT LTD,Basic Materials,406.6499938964844,14.569329013343618,49.25673542913123,18.492496,2.154711,12.202,21.542,7.191,0.069,0.1,13150121786.626398,9,low D/E 22; rev +10%
NEULANDLAB,NEULAND LAB LTD.,Healthcare,23568.0,1.31066538252167,104.9391304347826,60.595463,16.131195,35.78,16.072,2.2880001,9.628,1.192,302374813696.0,9,ROE 36%; low D/E 16; earnings +963%; rev +119%
HBLENGINE,HBL ENGINEERING LTD,Industrials,712.9000244140625,36.46167340338124,16.2969044721146,25.325047,8.846999,44.074002,3.021,23.381001,-0.235,0.06,197612296815.4552,9,36% below 52w high; ROE 44%; low D/E 3; margin 23%
RRKABEL,R R KABEL LIMITED,Industrials,2894.199951171875,0.914100176813686,148.42918035810087,53.96606,12.71561,20.826,13.092,5.609999999999999,1.285,0.539,327349922413.2707,9,ROE 21%; low D/E 13; earnings +128%; rev +54%
MTARTECH,MTAR TECHNOLOGIES LIMITED,Industrials,7113.5,18.366995639201285,411.5785688601223,163.1911,26.59352,12.121,45.778,12.352,3.639,1.304,218808352768.0,9,low D/E 46; earnings +364%; rev +130%
SAILIFE,SAI LIFE SCIENCES LIMITED,Healthcare,1471.5999755859375,0.8489405740775681,87.74000400853473,86.209724,12.527453,15.129999999999999,11.614,16.075,0.208,0.117,312440712128.56213,9,low D/E 12; margin 16%; earnings +21%; rev +12%
MSUMI,MOTHERSON SUMI WRNG IND L,Consumer Cyclical,39.18000030517578,26.88934466576269,9.747897669091795,41.68085,12.018405,32.394,10.788,5.088,0.0,0.364,259828516839.82263,9,27% below 52w high; ROE 32%; low D/E 11; rev +36%
NELCAST,NELCAST LIMITED,Industrials,116.62999725341795,32.66166321684705,35.647816585032366,24.709745,1.7006911,9.08,43.10682638303435,5.761,0.044,0.273,10175227664.378136,9,33% below 52w high; low D/E 43; rev +27%
TDPOWERSYS,TD POWER SYSTEMS LTD.,Industrials,1507.5,5.645612688772725,205.7809330628803,85.55618,21.972656,24.716999,1.689,12.945,0.72,0.721,235514363904.0,9,ROE 25%; low D/E 2; earnings +72%; rev +72%
GRINDWELL,GRINDWELL NORTON LIMITED,Industrials,2059.300048828125,16.118124283986763,54.95109471994921,52.253235,8.995209,17.296,2.381,13.763,0.223,0.142,228005713182.25024,9,low D/E 2; earnings +22%; rev +14%
NETWEB,NETWEB TECH INDIA LTD,Technology,5419.7998046875,0.5523055137821034,166.02855125856507,117.59167,42.55563,32.834998,39.019,9.6470006,1.784,1.721,308607112334.77246,9,ROE 33%; low D/E 39; earnings +178%; rev +172%
CENTRALBK,CENTRAL BANK OF INDIA,Financial Services,31.06999969482422,24.071356096971623,5.9686221630790905,6.1646824,0.6874654,11.560000500000001,47.829896376951794,27.839002,0.028,-0.032,281227031861.73157,9,24% below 52w high; low D/E 48; margin 28%; PE 6
METROBRAND,METRO BRANDS LIMITED,Consumer Cyclical,914.2999877929688,31.78902035661761,3.5447324793849093,61.403625,12.49795,22.094,77.476,13.751,-0.05,0.147,249206485760.7864,9,32% below 52w high; ROE 22%; rev +15%
HUHTAMAKI,HUHTAMAKI INDIA LIMITED,Consumer Cyclical,274.6000061035156,16.7878769383286,84.79138278919562,15.196459,1.5375915,10.58,10.717,5.223,0.755,0.225,20738324940.949333,9,low D/E 11; earnings +76%; rev +22%; PE 15
SAGILITY,SAGILITY LIMITED,Healthcare,42.63999938964844,26.343064710287283,19.006411416622836,20.113209,2.031637,10.278,11.497,13.036,0.438,0.276,199611839702.7439,9,26% below 52w high; low D/E 11; earnings +44%; rev +28%
WELCORP,WELSPUN CORP LIMITED,Basic Materials,2005.199951171875,0.6096678477385378,182.4225283340669,22.879963,5.7773924,18.915000000000003,25.042,13.347999999999999,1.983,0.149,528779103667.8316,9,ROE 19%; low D/E 25; earnings +198%; rev +15%
GALAPREC,GALA PRECISION ENG LTD,Industrials,1029.5999755859375,18.285716223338294,53.39689464552006,36.394485,4.4987416,12.920000000000002,13.04,11.372,0.245,0.195,13195558599.104507,9,low D/E 13; earnings +24%; rev +20%
IKIO,IKIO TECHNOLOGIES LIMITED,Technology,195.6999969482422,22.617634768174412,89.02733435304236,32.89076,2.5117435,7.095,11.438,7.215000000000001,3.633,0.409,15123833620.158009,9,23% below 52w high; low D/E 11; earnings +363%; rev +41%
ANGELONE,ANGEL ONE LIMITED,Financial Services,289.5,19.683731392490515,38.76239909145004,26.104599,4.310281,22.06,129.314,20.698,1.0,0.23,264512503808.0,9,ROE 22%; margin 21%; earnings +100%; rev +23%
HEXT,HEXAWARE TECHNOLOGIES LTD,Technology,544.2000122070312,34.38630381142242,35.982007897967264,24.963305,4.944351,21.473,10.18,9.318,-0.125,0.179,331848817939.75006,9,34% below 52w high; ROE 21%; low D/E 10; rev +18%
GPTHEALTH,GPT HEALTHCARE LIMITED,Healthcare,151.41000366210938,13.47999790736607,31.660872749660324,26.286457,4.6112385,16.323999999999998,33.842,9.6149996,0.649,0.178,12423921964.49376,9,low D/E 34; earnings +65%; rev +18%
GPIL,GODAWARI POW & ISP LTD,Basic Materials,247.8800048828125,22.537498474121094,14.753951755212894,19.751394,2.6214044,14.865999999999998,7.582,13.886999999999999,-0.039,0.323,161270107240.7455,9,23% below 52w high; low D/E 8; rev +32%
PGHH,P&G HYGIENE & HEALTH CARE,Consumer Defensive,8248.0,43.15252601833345,0.34063260340632606,33.8213,35.536713,114.93100000000001,0.115,18.628,-0.343,-0.049,267736154112.0,9,43% below 52w high; ROE 115%; low D/E 0; margin 19%
UCOBANK,UCO BANK,Financial Services,25.809999465942383,24.532166987811372,16.15661684755434,11.471111,0.95730865,8.541001,55.06840735447284,21.541001,0.083,0.53,323645990359.15344,9,25% below 52w high; margin 22%; rev +53%; PE 11
EMCURE,EMCURE PHARMACEUTICALS L,Healthcare,1881.4000244140625,8.134764432907104,49.31746225508433,35.278454,7.205006,19.573,30.567,10.4449995,0.419,0.228,356864234006.863,9,ROE 20%; low D/E 31; earnings +42%; rev +23%
CEMPRO,CEMINDIA PROJECTS LIMITED,Industrials,1273.9000244140625,22.756484226860117,153.10948843854896,36.334854,9.11987,28.242,37.711,5.892000299999999,0.026,0.07,218840207458.0328,9,23% below 52w high; ROE 28%; low D/E 38
MOL,MEGHMANI ORGANICS LIMITED,Basic Materials,61.43000030517578,30.884335954664504,68.30137069911173,24.280632,0.9980342,1.8780000000000001,46.995,3.0550001,2.8,-0.115,15622521933.610537,9,31% below 52w high; low D/E 47; earnings +280%
NATCOPHARM,NATCO PHARMA LTD.,Healthcare,877.5,28.472451493769217,11.216730038022813,13.743149,1.7041416,16.853,7.742,32.839,-0.57,-0.447,157168910336.0,9,28% below 52w high; low D/E 8; margin 33%; PE 14
GODFRYPHLP,GODFREY PHILLIPS INDIA LT,Consumer Defensive,2103.10009765625,46.716491065207755,14.791775868216032,23.988823,5.280284,26.593,3.757,22.389999,-0.443,-0.189,328045280128.595,9,47% below 52w high; ROE 27%; low D/E 4; margin 22%
GODREJCP,GODREJ CONSUMER PRODUCTS,Consumer Defensive,947.0,27.65469824293354,4.490788122610963,50.668804,7.6612544,15.099000000000002,34.899,12.086,0.115,0.154,969069821952.0,9,28% below 52w high; low D/E 35; rev +15%
BIKAJI,BIKAJI FOODS INTERN LTD,Consumer Defensive,607.0,25.858068773730146,2.438614885615346,58.98931,9.470908,15.959999999999999,17.531,8.405999999999999,0.004,0.125,152196988928.0,9,26% below 52w high; low D/E 18; rev +12%
VENTIVE,VENTIVE HOSPITALITY LTD,Consumer Cyclical,574.5,27.64028072712054,5.879105390599146,35.528755,2.4364488,7.925,38.079,19.096,2.009,0.07,134169657344.0,9,28% below 52w high; low D/E 38; margin 19%; earnings +201%
WEALTH,WEALTH FRST PORT. MG. LTD,Financial Services,864.6500244140625,33.22134755890496,11.57494171160391,27.918955,6.1222396,25.64,0.0,50.699000000000005,-0.353,-0.238,9212846340.131844,9,33% below 52w high; ROE 26%; low D/E 0; margin 51%
AXISBANK,AXIS BANK LIMITED,Financial Services,1251.0,11.795814924095732,20.0,14.087837,1.7434398,13.352998999999999,130.4486076359073,36.031,0.218,0.14,3894244802560.0,9,margin 36%; earnings +22%; rev +14%; PE 14
HCLTECH,HCL TECHNOLOGIES LTD,Technology,1318.4000244140625,25.936742739401588,28.000002370297327,20.10369,4.8276978,24.067,7.058,12.966,0.084,0.03,3567282881034.7573,9,26% below 52w high; ROE 24%; low D/E 7
BAJAJ-AUTO,BAJAJ AUTO LIMITED,Consumer Cyclical,11793.0,0.5900699654387591,38.88005652711535,28.05319,8.488154,28.046,56.352,16.250999999999998,0.458,0.64,3240761753600.0,9,ROE 28%; margin 16%; earnings +46%; rev +64%
HAPPYFORGE,HAPPY FORGINGS LIMITED,Industrials,2328.199951171875,0.5042755909455128,170.07713985734887,67.250145,10.322095,15.166001000000001,15.489,19.940001,0.391,0.27,219732569599.66327,9,low D/E 15; margin 20%; earnings +39%; rev +27%
ABB,ABB INDIA LIMITED,Industrials,7479.0,5.621805792163544,61.2722371967655,100.659485,16.976469,19.131,1.547,21.349001,0.03,0.121,1584862724096.0,9,ROE 19%; low D/E 2; margin 21%; rev +12%
FIVESTAR,FIVE-STAR BUS FIN LTD,Financial Services,527.4500122070312,20.80330147041573,55.98107991345878,14.091638,2.1095808,16.058001,111.929,47.797,0.018,0.08,155696893459.36865,9,21% below 52w high; margin 48%; PE 14
IRFC,INDIAN RAILWAY FIN CORP L,Financial Services,86.47000122070312,36.96143298463676,1.729413200827206,15.750456,1.9895083,12.812000000000001,773.347,97.271,0.097,0.103,1130033725008.766,9,37% below 52w high; margin 97%; rev +10%; PE 16
TECHM,TECH MAHINDRA LIMITED,Technology,1592.0999755859375,14.12621490906486,22.084196410677826,27.511663,4.7609506,17.14999999999999,7.269,8.6780004,0.283,0.177,1410438376323.628,9,low D/E 7; earnings +28%; rev +18%
LICI,LIFE INSURA CORP OF INDIA,Financial Services,419.0,10.560863537847627,16.146916146916148,8.819197,3.0012393,40.769002,0.431,6.515,0.4,0.068,5300348256256.0,9,ROE 41%; low D/E 0; earnings +40%; PE 9
ORICONENT,ORICON ENTERPRISES LTD,Consumer Cyclical,58.119998931884766,20.51422764121605,19.07395471553543,50.103447,0.7822658,1.5140001,0.273,63.82,0.253,-0.805,9182360407.24881,9,21% below 52w high; low D/E 0; margin 64%; earnings +25%
DIVISLAB,DIVI S LABORATORIES LTD,Healthcare,8570.0,1.1989854738298362,52.04470859575978,88.59712,13.573571,16.187,0.042,26.046000000000003,0.657,0.278,2275065724928.0,9,low D/E 0; margin 26%; earnings +66%; rev +28%
TMCV,TATA MOTORS LIMITED,Consumer Cyclical,477.6000061035156,6.1689575435136295,55.925571380149805,41.968365,13.811052,26.045,44.095,4.809,0.834,0.193,1758857680845.4185,9,ROE 26%; low D/E 44; earnings +83%; rev +19%
POLYCAB,POLYCAB INDIA LIMITED,Industrials,9125.0,9.885443412996247,36.950322677472606,47.998528,11.3589115,25.549,1.738,9.184000000000001,0.325,0.39,1374544855040.0,9,ROE 26%; low D/E 2; earnings +32%; rev +39%
VGUARD,V-GUARD IND LTD.,Industrials,336.8500061035156,14.112698720238177,16.637818677815304,40.584335,6.200302,13.793,6.964,5.7800002,0.762,0.235,147166759530.57147,9,low D/E 7; earnings +76%; rev +24%
AMNPLST,AMINES & PLASTICIZERS LTD,Basic Materials,183.0399932861328,26.784002685546877,44.125978965458906,27.52481,3.4463022,13.261999999999999,9.312,6.635000600000001,0.274,0.073,10070860430.603027,9,27% below 52w high; low D/E 9; earnings +27%
MANALIPETC,MANALI PETROCHEMICALS LT,Basic Materials,77.7300033569336,1.257619218010333,98.64554366258696,7.424069,1.0423065,10.939,10.691,16.939,3.506,0.171,13369501249.390017,9,low D/E 11; margin 17%; earnings +351%; rev +17%; PE 7
SUNPHARMA,SUN PHARMACEUTICAL IND L,Healthcare,1904.0,6.981289887617667,22.997416020671835,37.815292,5.4664736,14.719999999999999,5.517,20.188999,0.274,0.105,4568333680640.0,9,low D/E 6; margin 20%; earnings +27%; rev +10%
HAL,HINDUSTAN AERONAUTICS LTD,Industrials,4998.0,2.949569996003601,43.65783851309655,35.835663,8.144362,23.979001,0.16,27.590999999999998,0.149,0.144,3342537326592.0,9,ROE 24%; low D/E 0; margin 28%; rev +14%
APEX,APEX FROZEN FOODS LIMITED,Consumer Defensive,398.7000122070313,22.507286257136773,91.00316264966665,24.251825,2.3614213,7.88,7.972,3.447,9.021307880820329,0.145,12459375997.469744,9,23% below 52w high; low D/E 8; earnings +902%; rev +14%
BAJAJHCARE,BAJAJ HEALTHCARE LIMITED,Healthcare,325.95001220703125,36.81915162201601,19.680559905382626,46.431625,1.9516679,4.2659997999999995,46.734,2.8080001,0.115,0.113,10972344730.921154,9,37% below 52w high; low D/E 47; rev +11%
FINEORG,FINE ORGANIC IND. LTD.,Basic Materials,5066.2001953125,6.302937020297763,31.384859836942425,35.395794,5.8295436,16.817999999999998,3.464,17.726,0.18,0.18,155329582948.27682,9,low D/E 3; margin 18%; earnings +18%; rev +18%
SBIN,STATE BANK OF INDIA,Financial Services,1048.0,15.121078687552783,31.246086412022546,11.203763,1.5554062,15.177,121.93500751464356,22.375999999999998,0.099,0.103,9673687171072.0,9,margin 22%; rev +10%; PE 11
RSL,RAJPUTANA STAINLESS LTD,Basic Materials,165.5500030517578,3.744405044316494,62.78270208406256,23.515625,3.1758974,19.338,18.946,5.4369997,0.494,0.324,13834626303.028255,9,ROE 19%; low D/E 19; earnings +49%; rev +32%
CENTENKA,CENTURY ENKA LTD,Consumer Cyclical,567.0,15.581034855966488,52.7478398044244,8.417459,0.82824385,6.922000000000001,1.482,7.920000000000001,3.011,0.38,12389283840.0,9,low D/E 1; earnings +301%; rev +38%; PE 8
HDFCAMC,HDFC AMC LIMITED,Financial Services,2624.0,11.56795012216699,18.969889545632356,38.22844,12.180686,43.39,2.364,61.625,0.118,0.134,1125136465920.0,9,ROE 43%; low D/E 2; margin 62%; rev +13%
GRWRHITECH,GARWARE HI-TECH FILMS LTD,Basic Materials,7109.5,11.020025031289112,165.18090264826557,42.54638,6.2180276,13.453999999999999,0.59,17.176001,0.598,0.279,165170708480.0,9,low D/E 1; margin 17%; earnings +60%; rev +28%
APLLTD,ALEMBIC PHARMA LTD,Healthcare,814.0999755859375,18.752497446513225,28.043408495790562,23.049263,2.8198626,12.356,25.224,8.9090005,0.121,0.257,160022031681.09567,9,low D/E 25; rev +26%
TNPL,TAMILNADU NEWSPRT & PAPER,Basic Materials,139.85000610351562,22.26236195205975,15.09341094959682,3.7095492,0.417928,11.254,69.638,5.6110002,9.848,0.004,9679103398.428003,8,22% below 52w high; earnings +985%; PE 4
UDS,UPDATER SERVICES LIMITED,Industrials,212.75,20.078891719006258,70.06395091524377,16.479473,1.3530961,8.193999999999999,4.253,2.8900001,0.025,0.091,14368223232.0,8,20% below 52w high; low D/E 4; PE 16
REPCOHOME,REPCO HOME FINANCE LTD,Financial Services,362.7999877929687,20.421146600114838,8.75299195300145,4.709242,0.561649,14.64,318.337,55.464,0.02,0.133,22697260292.31154,8,20% below 52w high; margin 55%; rev +13%; PE 5
JAICORPLTD,JAI CORP LIMITED,Basic Materials,100.52999877929688,43.59852127408488,14.23863497647372,10.406833,1.1747315,11.554,0.033,15.363,-0.729,-0.255,17643515689.76052,8,44% below 52w high; low D/E 0; margin 15%; PE 10
ESCORTS,ESCORTS KUBOTA LIMITED,Industrials,3092.10009765625,26.026313453199762,14.52222583912037,24.626474,2.7959428,12.0220006,1.309,11.291,-0.724,0.283,340215704056.86237,8,26% below 52w high; low D/E 1; rev +28%
KENNAMET,KENNAMETAL INDIA LIMITED,Industrials,3719.60009765625,1.4675470819536425,54.64826929852404,41.64353,10.190768,17.76,0.223,10.209999999999999,1.841,0.477,81750263906.31252,8,low D/E 0; earnings +184%; rev +48%
SHAKTIPUMP,SHAKTI PUMPS (I) LTD,Industrials,506.2000122070313,44.677594294313515,10.923634367654202,29.881935,3.6623836,17.969999,29.625,7.222,-0.481,0.379,62464054754.32289,8,45% below 52w high; low D/E 30; rev +38%
KPRMILL,KPR MILL LTD.,Consumer Cyclical,1153.199951171875,13.553227048585082,44.8561721564064,43.20719,6.918356,16.197,10.463,13.378,0.215,0.096,394996989611.26605,8,low D/E 10; earnings +22%
SATIN,SATIN CREDIT NET LTD,Financial Services,226.97999572753903,17.20289501748856,70.64882723220741,6.093423,0.87186986,12.280000000000001,383.33,25.346999999999998,1.72,0.263,24965078570.080517,8,margin 25%; earnings +172%; rev +26%; PE 6
ITDC,INDIA TOUR. DEV. CO. LTD.,Consumer Cyclical,687.5499877929688,16.356449173604776,86.83423581330672,71.396675,13.949643,21.701999,0.155,15.381,-0.044,0.027,58970749929.010254,8,ROE 22%; low D/E 0; margin 15%
TATAINVEST,TATA INVESTMENT CORP LTD,Financial Services,649.3499755859375,45.1886551574838,20.506635428505668,76.4841,1.1243241,1.438,0.007,105.248,-0.018,0.041,328540540863.6329,8,45% below 52w high; low D/E 0; margin 105%
BANDHANBNK,BANDHAN BANK LIMITED,Financial Services,174.16000366210938,21.108892917318652,29.728121908461357,20.758045,1.0955939,4.877,55.92520374930622,13.617,0.346,0.216,280591210252.0671,8,21% below 52w high; earnings +35%; rev +22%
ICICIBANK,ICICI BANK LTD.,Financial Services,1411.9000244140625,4.601349701752533,18.886835082449373,18.24396,2.6620686,16.073999,57.1853421694851,27.531,0.138,0.114,10127950392344.84,8,margin 28%; rev +11%
SPECTRUM,SPECTRUM ELECTRIC IND LTD,Industrials,2212.5,16.104199872412174,110.71428571428572,67.24924,14.197801,20.419,101.796,8.698,1.296,0.809,34766872576.0,8,ROE 20%; earnings +130%; rev +81%
ALGOQUANT,ALGOQUANT FINTECH LIMITED,Financial Services,65.12999725341797,8.28053049700223,36.255226554315584,54.731087,13.560274,28.374,25.483,14.182,26.726,-0.0373561879919884,18307783931.94669,8,ROE 28%; low D/E 25; earnings +2673%
SHRINGARMS,SHRINGAR HOU OF MANGALS L,Consumer Cyclical,223.97999572753903,15.954973460585729,34.92770826960182,15.862606,3.1832974,26.288998000000003,27.898,4.915,-0.106,0.649,21598856803.99771,8,ROE 26%; low D/E 28; rev +65%; PE 16
FCL,FINEOTEX CHEMICAL LIMITED,Basic Materials,43.54999923706055,7.693940323516728,128.01046265586209,161.29628,4.1050053,14.895000999999999,0.872,12.091000000000001,0.881,1.748,50714012807.55634,8,low D/E 1; earnings +88%; rev +175%
BEPL,BHANSALI ENG. POLYMERS LT,Basic Materials,123.2300033569336,11.025268334343975,66.07817847067032,15.327115,2.8310513,17.278999,,13.877,0.435,0.533,30666830659.40137,8,earnings +44%; rev +53%; PE 15
SIRCA,SIRCA PAINT INDIA LIMITED,Basic Materials,449.75,16.558441558441558,16.818181818181817,37.794117,5.3760552,15.767999,6.802,13.186,0.1,0.138,25605543936.0,8,low D/E 7; rev +14%
SHILCTECH,SHILCHAR TECHNOLOGIES LTD,Industrials,3867.199951171875,28.371921630452402,35.57230328385189,32.189114,9.012372,37.762,0.0,21.778,-0.497,-0.152,44241538513.396515,8,28% below 52w high; ROE 38%; low D/E 0; margin 22%
HINDALCO,HINDALCO  INDUSTRIES  LTD,Basic Materials,1029.8499755859375,12.427723164461096,47.754659338011116,14.000136,1.6737798,10.288,72.598,5.5489999999999995,0.751,0.321,2286099311692.7554,8,earnings +75%; rev +32%; PE 14
IRB,IRB INFRA DEV LTD.,Industrials,18.950000762939453,20.876826057296274,0.264556324964984,24.294874,1.0719539,4.170999999999999,95.6,15.478,0.471,-0.089,228878115838.783,8,21% below 52w high; margin 15%; earnings +47%
THEJO,THEJO ENGINEERING LIMITED,Industrials,2101.199951171875,8.108114168035282,45.55278378409688,40.697266,6.4310174,13.971,10.776,8.307,0.717,0.31,22792668654.339188,8,low D/E 11; earnings +72%; rev +31%
TIMKEN,TIMKEN INDIA LTD.,Industrials,3176.300048828125,19.075157991640125,13.419034059208176,56.158062,8.197327,14.407,0.5,11.8389994,0.148,0.166,238917275224.78983,8,low D/E 0; rev +17%
DCBBANK,DCB BANK LIMITED,Financial Services,188.61000061035156,8.397277221302557,57.81942702616087,7.7172666,0.92905843,11.968,85.48517550861364,25.283,0.324,0.174,60747026628.580475,8,margin 25%; earnings +32%; rev +17%; PE 8
MASFIN,MAS FINANCIAL SERV LTD,Financial Services,300.25,16.329944296172474,8.256712959269736,13.823666,1.8295432,13.217,339.79,40.508997,0.241,0.276,54481375232.0,8,margin 41%; earnings +24%; rev +28%; PE 14
MARUTI,MARUTI SUZUKI INDIA LTD.,Consumer Cyclical,13809.0,20.500863557858377,13.179247602655519,30.290865,4.051619,14.434,0.096,7.269,-0.091,0.359,4341584887808.0,8,21% below 52w high; low D/E 0; rev +36%
SUMICHEM,SUMITOMO CHEM INDIA LTD,Basic Materials,551.7999877929688,10.632443617484295,52.17870339346879,47.651123,8.12558,17.24,1.865,17.858,0.204,0.006,275428599858.91266,8,low D/E 2; margin 18%; earnings +20%
TIIL,TECHNOCRAFT IND LTD,Industrials,3200.199951171875,4.753116337200219,71.27107044002543,21.347475,3.5875232,15.107999999999999,40.163,11.586001,0.684,0.272,72557484972.92982,8,low D/E 40; earnings +68%; rev +27%
AEGISLOG,AEGIS LOGISTICS LIMITED,Energy,1336.199951171875,10.789163599152337,131.93890085012728,37.533707,7.7457275,15.258000999999998,47.243,13.949000999999999,2.69,0.371,469006171405.3285,8,low D/E 47; earnings +269%; rev +37%
PTC,PTC INDIA LIMITED,Utilities,157.0500030517578,31.571606112743773,4.986968979541043,9.141443,0.77700603,10.3769995,25.059,2.9000001,-0.498,0.191,46488109959.34575,8,32% below 52w high; low D/E 25; rev +19%; PE 9
AEROFLEX,AEROFLEX INDUSTRIES LTD,Industrials,475.2999877929687,8.928920184169698,200.8227770841574,91.934235,14.06213,14.062999000000001,1.988,13.350999999999999,1.582,0.724,62896810416.63425,8,low D/E 2; earnings +158%; rev +72%
SCILAL,SHIPPING CORP OF ILA LTD,Real Estate,40.0099983215332,27.254548506303266,16.64722802181028,65.59016,0.5592597,0.9599999499999999,0.003,111.984,-0.032,0.377,18636616946.171856,8,27% below 52w high; low D/E 0; margin 112%; rev +38%
LUMAXIND,LUMAX INDUSTRIES LTD,Consumer Cyclical,5808.0,16.244862643305215,56.68924047018691,28.983482,5.9173164,20.389,106.063,4.1770000000000005,0.412,0.326,54291628032.0,8,ROE 20%; earnings +41%; rev +33%
SERVOTECH,SERVOTECH REN POW SYS LTD,Industrials,82.55999755859375,42.26573597301137,43.55764209382909,50.650307,6.520297,11.8719995,71.469,4.9910000000000005,0.783,0.578,18645761496.62064,8,42% below 52w high; earnings +78%; rev +58%
BAJEL,BAJEL PROJECTS LIMITED,Utilities,180.5800018310547,20.340553228530602,33.663947944378044,95.544975,2.7947505,2.868,49.067,0.8019999999999999,0.414,-0.067,20892553427.84742,8,20% below 52w high; low D/E 49; earnings +41%
SAIPARENT,SAI PARENTERALS LIMITED,Healthcare,543.4000244140625,23.031158015005314,35.850006103515625,122.663666,3.6238506,4.8260003000000005,49.06,3.946,15.273,4.351,24006997046.59459,8,23% below 52w high; low D/E 49; earnings +1527%; rev +435%
CESC,CESC LTD,Utilities,156.61000061035156,23.418092611075032,13.38691438374022,13.339864,1.6577048,12.547,164.311,8.243,0.038,0.054,207597585193.06396,8,23% below 52w high; PE 13
ITI,ITI LTD,Technology,279.5,25.036879328251516,17.932489451476794,83.184525,14.112597,16.59,40.144,15.359001,,-0.147,269117128704.0,8,25% below 52w high; low D/E 40; margin 15%
FEDFINA,FEDBANK FINANCIAL SER L,Financial Services,154.02999877929688,13.699012513181952,29.36087946088431,15.190334,1.9698191,15.939999999999998,467.341,28.992,0.507,0.324,57755201078.284256,8,margin 29%; earnings +51%; rev +32%; PE 15
EBGNG,GNG ELECTRONICS LIMITED,Technology,624.75,9.390862944162437,161.40167364016736,50.10024,9.391488,26.766002,58.541,7.153,0.251,0.321,71228694528.0,8,ROE 27%; earnings +25%; rev +32%
CHOLAHLDNG,CHOLAMANDALAM FIN HOL LTD,Financial Services,1574.199951171875,23.73062252074249,20.628348748802683,11.071881,1.9127512,18.035,623.156,11.5030006,0.12,0.168,295599266863.1788,8,24% below 52w high; ROE 18%; rev +17%; PE 11
HPL,HPL ELECTRIC & POWER LTD,Industrials,314.6499938964844,39.227427542929135,23.126585849719888,22.205362,2.022627,9.507,75.317,4.696,0.01,0.345,20232148599.54096,8,39% below 52w high; rev +34%
INNOVACAP,INNOVA CAPTAB LIMITED,Healthcare,1084.199951171875,3.1964329310825894,74.30867382184485,40.25993,5.6879044,13.746998999999999,31.508,8.805,0.423,0.339,62043260181.81424,8,low D/E 32; earnings +42%; rev +34%
DMART,AVENUE SUPERMARTS LIMITED,Consumer Defensive,3960.0,19.991918375593496,10.0,84.63347,10.533427,12.142270859596369,9.913,4.2919997,0.114,0.149,2582894084096.0,8,low D/E 10; rev +15%
TRITURBINE,TRIVENI TURBINE LIMITED,Industrials,580.0499877929688,26.352208510235325,35.41495961897876,54.721695,12.734078,26.217000000000002,2.476,14.930001,-0.212,0.192,184397000919.4035,8,26% below 52w high; ROE 26%; low D/E 2; rev +19%
KALYANKJIL,KALYAN JEWELLERS IND LTD,Consumer Cyclical,596.0,8.159336036831581,82.2351390446416,42.97044,9.744772,24.305001,96.966,3.6730002999999996,0.316,0.457,615519551488.0,8,ROE 24%; earnings +32%; rev +46%
AIAENG,AIA ENGINEERING LIMITED,Industrials,4357.60009765625,15.876445991192083,45.2000918283058,32.16178,5.0661936,16.951999,0.128,27.836,-0.013,0.124,406652855193.3174,8,low D/E 0; margin 28%; rev +12%
HESTERBIO,HESTER BIOSCIENCES LTD,Healthcare,2413.10009765625,10.079743261160408,94.71475853955333,15.202546,5.6984777,16.555001,52.964,41.612,4.593,-0.082,20527917886.74858,8,margin 42%; earnings +459%; PE 15
TCIEXP,TCI EXPRESS LIMITED,Industrials,544.6500244140625,30.173073793068912,21.695908673783972,25.654736,2.5555546,10.2869995,7.738,6.523,0.014,0.093,20924906409.963737,8,30% below 52w high; low D/E 8
OPTIEMUS,OPTIEMUS INFRACOM LTD,Technology,551.75,22.61570827489481,91.57986111111111,68.201485,6.3007455,8.7139994,45.355,3.279,0.46,1.028,49749336064.0,8,23% below 52w high; low D/E 45; earnings +46%; rev +103%
BERGEPAINT,BERGER PAINTS (I) LTD,Basic Materials,528.5499877929688,11.100832790359453,35.14445910110089,51.11702,8.910899,17.226,9.165,9.9209994,0.285,0.12,616290764902.5675,8,low D/E 9; earnings +28%; rev +12%
MARINE,MARINE ELECTRICAL (I) LTD,Industrials,373.25,5.506329113924051,147.41482068798874,88.23877,10.522977,12.887,17.661,6.656,0.379,0.107,49517305856.0,8,low D/E 18; earnings +38%; rev +11%
AYE,AYE FINANCE LIMITED,Financial Services,169.69000244140625,13.989554353472888,92.34867387599182,17.475798,1.4796697,9.24,199.987,22.211,0.911,0.367,41498227285.05363,8,margin 22%; earnings +91%; rev +37%; PE 17
SBICARD,SBI CARDS & PAY SER LTD,Financial Services,647.0499877929688,32.948187793474744,14.430979542725849,27.084555,3.9172893,14.686,280.206,18.199,0.195,0.234,615760253599.2706,8,33% below 52w high; margin 18%; earnings +20%; rev +23%
XPROINDIA,XPRO INDIA LIMITED,Basic Materials,1121.0999755859375,28.8100113776225,42.26254589835302,79.11785,3.463531,2.777,40.676,6.105,0.93,0.204,26312656322.992374,8,29% below 52w high; low D/E 41; earnings +93%; rev +20%
UNOMINDA,UNO MINDA LIMITED,Consumer Cyclical,1260.5,8.791606367583213,26.81086519114688,60.42665,10.6571865,19.201999999999998,37.74,5.801,0.012,0.238,727897407488.0,8,ROE 19%; low D/E 38; rev +24%
ROTO,ROTO PUMPS LIMITED,Industrials,65.52999877929688,27.026729897183294,37.95789216694079,44.578228,5.140011,10.709,13.234,9.4119996,0.485,0.147,12379348761.395544,8,27% below 52w high; low D/E 13; earnings +48%; rev +15%
PSPPROJECT,PSP PROJECTS LIMITED,Industrials,923.3499755859376,19.216975014353665,62.21889595639956,49.749462,2.9295216,5.609999999999999,26.131,8.63,41.091,0.648,36603247672.1828,8,low D/E 26; earnings +4109%; rev +65%
APOLLOHOSP,APOLLO HOSPITALS ENTER. L,Healthcare,8735.0,3.4806629834254146,30.44127529306354,60.137695,13.248378,21.503,85.146,7.906000000000001,0.341,0.206,1255958904832.0,8,ROE 22%; earnings +34%; rev +21%
GLENMARK,GLENMARK PHARMACEUTICALS,Healthcare,2332.89990234375,5.703318417795069,30.140574256183818,36.56583,6.263239,14.069,5.646,10.137,9.307,0.231,658401891414.9976,8,low D/E 6; earnings +931%; rev +23%
NAUKRI,INFO EDGE (I) LTD,Communication Services,1360.9000244140625,5.348450535715286,49.82935623734216,55.16417,2.325069,4.5679998,0.64,47.402,0.507,0.114,881506139589.9067,8,low D/E 1; margin 47%; earnings +51%; rev +11%
SCHAEFFLER,SCHAEFFLER INDIA LIMITED,Consumer Cyclical,4049.300048828125,9.365000519134194,15.08924969360989,50.584633,10.317082,21.645,0.783,11.932000500000001,0.13,0.173,632920415696.0146,8,ROE 22%; low D/E 1; rev +17%
SPAL,S. P. APPARELS LIMITED,Consumer Cyclical,923.8499755859376,24.392343307387097,53.9749959309896,22.144054,2.4523518,11.280999999999999,44.596,6.672000000000001,0.198,-0.006,23224556954.25772,8,24% below 52w high; low D/E 45; earnings +20%
JGCHEM,J.G.CHEMICALS LIMITED,Basic Materials,619.9000244140625,6.514847347672132,107.7412992940969,32.370758,4.6344895,13.517999999999999,1.192,7.023,0.588,0.448,24291443644.69108,8,low D/E 1; earnings +59%; rev +45%
SANGHVIMOV,SANGHVI MOVERS LTD,Industrials,490.7000122070313,7.0643916274561915,119.25826877381589,21.297743,3.240099,15.026,51.403,16.935,0.3,0.389,42482844704.835945,8,margin 17%; earnings +30%; rev +39%
MONARCH,MONARCH NETWORTH CAP LTD,Financial Services,391.8500061035156,3.7105309376016726,66.42599752917138,17.186405,3.1960623,20.495,3.83,50.529,-0.002,-0.083,31076973028.059685,8,ROE 20%; low D/E 4; margin 51%; PE 17
AUBANK,AU SMALL FINANCE BANK LTD,Financial Services,1088.0,1.618593364580713,59.49570637845321,28.83647,4.0713077,16.46999999999999,69.44966791535315,21.372999,0.351,0.298,814916501504.0,8,margin 21%; earnings +35%; rev +30%
HAVELLS,HAVELLS INDIA LIMITED,Industrials,1278.0,21.164640105674295,13.741547505244972,49.153847,8.478005,21.19,2.801,6.923,-0.166,0.195,802023800832.0,8,21% below 52w high; ROE 21%; low D/E 3; rev +20%
CARYSIL,CARYSIL LIMITED,Consumer Cyclical,1158.0999755859375,9.58701276349018,58.188773966158124,30.816921,5.4184422,17.277001,45.99,11.135,0.376,0.155,32939380041.60047,8,low D/E 46; earnings +38%; rev +16%
DEEPINDS,DEEP INDUSTRIES LIMITED,Energy,658.4500122070312,8.548609415690105,99.5303067294034,20.38545,2.1112761,9.786,9.61,21.282999999999998,0.452,0.398,42140799757.24998,8,low D/E 10; margin 21%; earnings +45%; rev +40%
JTLIND,JTL INDUSTRIES LIMITED,Basic Materials,74.61000061035156,14.438069700121037,85.36646114373059,24.067743,1.7990885,7.521,16.038,4.956,1.432,0.327,29327821039.91799,8,low D/E 16; earnings +143%; rev +33%
PRINCEPIPE,PRINCE PIPES FITTINGS LTD,Industrials,283.1000061035156,20.921786004604574,38.09756395293445,30.704988,1.9050119,4.671,8.838,3.8859999999999997,5.932,0.05,31305835170.94048,8,21% below 52w high; low D/E 9; earnings +593%
VENUSPIPES,VENUS PIPES & TUBES LTD,Basic Materials,1540.9000244140625,17.81866536458333,73.13483420382725,30.787214,4.747205,16.994,42.948,8.5559994,0.055,0.16,31921455609.764423,8,low D/E 43; rev +16%
KAPSTON,KAPSTON SERVICES LIMITED,Industrials,524.7999877929688,12.533335367838541,121.24788977441759,56.673862,13.726722,27.415,158.273,3.5409999999999995,0.386,0.162,15970809484.513388,8,ROE 27%; earnings +39%; rev +16%
ROSSARI,ROSSARI BIOTECH LIMITED,Basic Materials,511.7000122070313,25.872805844450085,36.45333658854168,18.81942,2.1254504,11.848,32.695,5.9109997,0.045,0.282,28345170596.19772,8,26% below 52w high; low D/E 33; rev +28%
MANKIND,MANKIND PHARMA LIMITED,Healthcare,2385.0,10.80777860882573,24.88872917111718,48.357666,6.0403447,12.452,38.111,13.859999,0.296,0.129,984995397632.0,8,low D/E 38; earnings +30%; rev +13%
LLOYDSME,LLOYDS METALS N ENERGY L,Basic Materials,1891.4000244140625,10.99294002757353,81.3596682459296,22.298986,7.673988,36.945,145.214,21.511999,1.693,2.086,1064082159015.1,8,ROE 37%; margin 22%; earnings +169%; rev +209%
BRITANNIA,BRITANNIA INDUSTRIES LTD,Consumer Defensive,5548.0,12.436868686868687,10.18867924528302,51.384644,26.169071,53.31399999999999,26.875,13.376,0.136,0.082,1336337235968.0,8,ROE 53%; low D/E 27
FDC,FDC LIMITED,Healthcare,350.1499938964844,33.65858241856727,11.886876574027285,19.46359,2.2942452,11.8090004,0.622,13.358,0.093,0.03,57007946782.28616,8,34% below 52w high; low D/E 1
JSL,JINDAL STAINLESS LIMITED,Basic Materials,718.4000244140625,18.73302891243637,10.14182053109429,18.238132,13.151007,17.407,37.523,7.379,0.076,0.105,591925563027.9622,8,low D/E 38; rev +10%
NACLIND,NACL INDUSTRIES LIMITED,Basic Materials,170.10000610351562,40.48285046578283,51.03889358471718,340.2,5.8329334,0.823,45.68,0.81400005,0.369,-0.145,39844791701.70782,8,40% below 52w high; low D/E 46; earnings +37%
VSTIND,VST INDUSTRIES LTD,Consumer Defensive,212.86000061035156,25.775855528137242,6.430000305175781,13.180186,2.501028,21.114,,19.573,-0.242,-0.139,36089065575.48124,8,26% below 52w high; ROE 21%; margin 20%; PE 13
IPCALAB,IPCA LABORATORIES LTD,Healthcare,1900.0999755859375,2.313505761391226,51.81367950222309,36.83078,5.978109,13.217,8.492,12.934999999999999,0.724,0.208,482063378382.0494,8,low D/E 8; earnings +72%; rev +21%
VOLTAS,VOLTAS LTD,Consumer Cyclical,1219.5,22.938388625592417,2.7553041646875327,89.80118,6.3284245,5.7189997,15.51,2.999,0.52,0.187,403513933824.0,8,23% below 52w high; low D/E 16; earnings +52%; rev +19%
GAIL,GAIL (INDIA) LTD,Utilities,172.5,7.689835443178544,28.3864239478948,11.5461855,1.2726026,8.688,27.809,6.6979999999999995,0.972,0.167,1134201143296.0,8,low D/E 28; earnings +97%; rev +17%; PE 12
PIIND,PI INDUSTRIES LTD,Basic Materials,2482.5,36.63535736739412,1.0378510378510377,32.282185,3.3534608,12.3509996,3.048,17.879998999999998,-0.389,-0.104,376610488320.0,8,37% below 52w high; low D/E 3; margin 18%
CGPOWER,CG POWER AND IND SOL LTD,Industrials,876.2999877929688,10.663679683724766,66.75546865708255,110.365234,17.315102,19.561,1.446,9.75,0.131,0.14,1380566938848.431,8,ROE 20%; low D/E 1; rev +14%
PAGEIND,PAGE INDUSTRIES LTD,Consumer Cyclical,35505.0,24.952441344324665,19.124308002013084,52.47484,26.35556,52.5,18.422,14.126,-0.04,0.079,396018286592.0,8,25% below 52w high; ROE 52%; low D/E 18
SINDHUTRAD,SINDHU TRADE LINKS LTD,Industrials,23.899999618530273,27.00061578112447,35.48753087007106,66.388885,2.7411401,3.5159999999999996,25.008,12.578,0.6148305497632178,-0.219,36852096435.800865,8,27% below 52w high; low D/E 25; earnings +61%
NUCLEUS,NUCLEUS SOFTWARE EXPORTS,Technology,736.5999755859375,32.09808790277406,8.005861522864736,18.4012,2.1375818,13.561,0.942,12.134,-0.322,-0.033,19391219069.292355,8,32% below 52w high; low D/E 1
MPHASIS,MPHASIS LIMITED,Technology,2430.0,19.992096698723856,20.715350223546945,24.32676,4.0905166,17.743999,24.675,11.5559995,0.107,0.175,463685451776.0,8,low D/E 25; rev +18%
ALICON,ALICON CASTALLOY LIMITED,Industrials,746.75,26.932485322896284,28.749999999999996,33.411633,1.941673,5.638,56.406,1.8900000000000001,0.234,0.383,12199535616.0,8,27% below 52w high; earnings +23%; rev +38%
POKARNA,POKARNA LIMITED,Industrials,889.5499877929688,22.391377971749808,28.43632964907516,29.09879,3.218273,9.861,53.459,16.03,0.505,0.108,27579606661.533222,8,22% below 52w high; margin 16%; earnings +50%; rev +11%
PFC,POWER FIN CORP LTD.,Financial Services,363.7999877929687,25.22096859342884,10.27583950399266,4.609147,0.8399675,20.466,536.837,54.484004,0.021,0.008,1200576881315.558,8,25% below 52w high; ROE 20%; margin 54%; PE 5
SURYODAY,SURYODAY SMALL FIN BK LTD,Financial Services,154.5399932861328,29.110094822874856,33.90519745462094,8.566518,0.79035246,7.588,137.32320193248634,13.635998999999998,1.13,0.454,16427083062.338432,8,29% below 52w high; earnings +113%; rev +45%; PE 9
VSTTILLERS,VST TILLERS TRACTORS LTD,Industrials,4432.2001953125,30.46438350623627,3.6771975511695905,35.25734,3.50071,9.991999999999999,0.175,8.568000000000001,0.095,0.11,38350739097.991066,8,30% below 52w high; low D/E 0; rev +11%
NLCINDIA,NLC INDIA LIMITED,Utilities,272.04998779296875,29.847860661046322,22.54503954638232,11.454737,1.7524251,15.966,82.0,17.458001,-0.127,-0.003,377234472417.2836,8,30% below 52w high; margin 17%; PE 11
KEI,KEI INDUSTRIES LTD.,Industrials,5675.0,3.797253771825733,52.197818926578734,55.495792,8.139981,14.753,3.796,8.076,0.4,0.23,542533353472.0,8,low D/E 4; earnings +40%; rev +23%
VISHNU,VISHNU CHEMICALS LIMITED,Basic Materials,625.2000122070312,6.686565342234142,40.90601645404321,28.149485,4.211349,14.218001,49.066,8.825,0.23,0.249,42085516085.719765,8,low D/E 49; earnings +23%; rev +25%
HITECH,HI-TECH PIPES LIMITED,Basic Materials,77.88999938964844,38.90980440027573,11.049330007755573,20.938171,1.155004,5.8790002,20.061,1.5610000000000002,-0.048,0.785,15789099908.275492,8,39% below 52w high; low D/E 20; rev +78%
NOVARTIND,NOVARTIS INDIA LIMITED,Healthcare,1482.199951171875,16.730339821804776,120.48344383367422,37.363247,4.47331,11.627,0.393,26.382,0.166,0.186,36596693834.39482,8,low D/E 0; margin 26%; earnings +17%; rev +19%
CANTABIL,CANTABIL RETAIL LTD,Consumer Cyclical,247.30999755859375,23.0762060470937,18.613907701963427,21.228327,4.3214107,21.983999,113.826,11.1619994,0.114,0.127,20684523315.80557,8,23% below 52w high; ROE 22%; rev +13%
HDFCLIFE,HDFC LIFE INS CO LTD,Financial Services,542.0,32.83767038413878,2.167766258246937,59.105778,6.0355,10.828,15.885,1.9,0.119,0.143,1177188958208.0,8,33% below 52w high; low D/E 16; rev +14%
UNIONBANK,UNION BANK OF INDIA,Financial Services,184.67999267578125,10.127019446731737,48.17072655659788,6.829881,1.0104502,15.798001000000001,55.2580721094908,40.460998,0.0778423215089709,-0.0092990754093056,1409774200217.8037,8,margin 40%; PE 7
SGFIN,SG FINSERVE LIMITED,Financial Services,684.6500244140625,5.883564104029176,111.96595183097911,25.738722,3.060162,18.30999999999999,185.189,38.981998000000004,1.193,1.014,45115016776.76477,8,ROE 18%; margin 39%; earnings +119%; rev +101%
NFL,NATIONAL FERT. LTD,Basic Materials,70.30000305175781,31.727685521651416,10.970804648836484,9.474394,1.2135545,7.611999999999999,139.519,1.6210001000000003,0.124,0.273,34487666137.1266,8,32% below 52w high; rev +27%; PE 9
UPL,UPL LIMITED,Basic Materials,571.9000244140625,29.586306843309412,2.5002261675468875,23.467379,1.3914572,5.614,57.128,3.8249999999999997,0.244,0.105,483418067100.82184,8,30% below 52w high; earnings +24%; rev +10%
ADOR,ADOR WELDING LTD,Industrials,1684.0,1.0517670930891019,98.58490566037736,25.8203,5.285658,23.82999999999999,0.4,5.824,0.73,0.052,29306341376.0,8,ROE 24%; low D/E 0; earnings +73%
GALAXYSURF,GALAXY SURFACTANTS LTD,Basic Materials,2318.199951171875,12.454684623418617,53.52317557429635,23.263422,2.994402,10.47,8.579,6.151,1.081,0.394,82191202620.81097,8,low D/E 9; earnings +108%; rev +39%
TALBROAUTO,TALBROS AUTO. COMP. LTD,Consumer Cyclical,412.0,8.768823199359861,87.35789515025846,22.699724,3.4244869,15.137,11.266,12.413,0.35,0.153,25431998464.0,8,low D/E 11; earnings +35%; rev +15%
ARE&M,AMARA RAJA ENERGY MOB LTD,Industrials,930.8499755859376,12.005483095999057,38.932832177005615,18.46192,2.103592,11.567,5.015,6.303,0.159,0.239,170369150603.60742,8,low D/E 5; earnings +16%; rev +24%
RCF,RASHTRIYA CHEMICALS & FER,Basic Materials,118.41999816894533,28.007785145422304,11.716979404665402,14.637824,1.277399,8.665000000000001,80.607,2.3890000000000002,0.343,0.064,65330904077.828896,8,28% below 52w high; earnings +34%; PE 15
DHANBANK,DHANLAXMI BANK LIMITED,Financial Services,32.4900016784668,11.8317421334935,67.04370387673254,11.126713,0.84894574,7.915,49.97761072514112,14.882000000000001,1.032,0.25,12823766678.488934,8,low D/E 50; earnings +103%; rev +25%; PE 11
REDTAPE,REDTAPE LIMITED,Consumer Cyclical,123.9800033569336,24.171251769459577,15.298060787111156,27.860676,6.710327,26.577,70.489,9.806,0.143,0.069,68537091903.7385,8,24% below 52w high; ROE 27%
IGPL,I G PETROCHEMICALS LTD,Basic Materials,471.0499877929687,11.531603532049227,49.539678664434504,17.78218,1.0883076,0.166,27.136,3.9389998000000004,0.479,0.314,14505912968.086329,8,low D/E 27; earnings +48%; rev +31%; PE 18
BASF,BASF INDIA LTD,Basic Materials,3856.199951171875,20.159837074457357,23.509064489111374,27.0307,4.2178097,10.965,3.35,4.0120002,1.622,0.245,166918076350.44345,8,20% below 52w high; low D/E 3; earnings +162%; rev +24%
PGIL,PEARL GLOBAL IND LIMITED,Consumer Cyclical,2377.60009765625,6.3789570708201975,101.81649664101991,35.3074,7.515798,20.896,65.567,5.8280002,0.485,0.245,109822644638.79544,8,ROE 21%; earnings +48%; rev +24%
INTELLECT,INTELLECT DESIGN ARENA,Technology,685.7000122070312,44.905991832097314,15.20497280643888,27.615788,3.0008621,11.411,4.961,11.094999999999999,0.081,0.204,95534687908.73631,8,45% below 52w high; low D/E 5; rev +20%
JYOTHYLAB,JYOTHY LABS LIMITED,Consumer Defensive,208.4600067138672,40.89594570484355,10.824029744659887,26.967659,4.818659,22.428,3.247,9.575,-0.508,0.03,76549540257.42947,8,41% below 52w high; ROE 22%; low D/E 3
KINGFA,KINGFA SCI & TEC IND LTD.,Basic Materials,5857.5,5.524193548387097,60.48385316645697,34.352825,5.6726017,17.412001,1.101,9.284,0.262,0.232,79377211392.0,8,low D/E 1; earnings +26%; rev +23%
GNFC,GUJ NAR VAL FER & CHEM L,Basic Materials,592.7999877929688,4.232635251539782,62.410955559717465,8.404934,0.95598096,9.1350004,0.066,12.331,2.756,0.398,87106435326.2905,8,low D/E 0; earnings +276%; rev +40%; PE 8
TTKPRESTIG,TTK PRESTIGE LTD,Consumer Cyclical,592.6500244140625,23.152228341126683,40.10638875036939,42.031914,4.0994267,8.147000499999999,8.801,6.079,1.232,0.336,81173130511.90585,8,23% below 52w high; low D/E 9; earnings +123%; rev +34%
PGHL,PROCTER & GAMBLE HEALTH L,Healthcare,5832.5,16.379928315412187,23.911196090928406,27.1216,18.456985,61.592996,1.771,24.905,-0.049,0.074,96815898624.0,8,ROE 62%; low D/E 2; margin 25%
AVALON,AVALON TECHNOLOGIES LTD,Technology,2245.5,4.487452148022118,188.88460507709172,112.33117,20.785124,16.943,29.503,7.445,1.453,0.498,150025797632.0,8,low D/E 30; earnings +145%; rev +50%
GRANULES,GRANULES INDIA LIMITED,Healthcare,841.5999755859375,7.516486199347527,85.98894488087016,31.263,4.101205,13.522,29.735,11.76,0.534,0.22,208545884254.27045,8,low D/E 30; earnings +53%; rev +22%
LLOYDSENGG,LLOYDS ENGG WORK LIMITED,Industrials,92.25,7.518796992481203,146.65774394733023,53.94737,8.171672,16.820998,6.45,13.881999,0.917,1.429,136420720640.0,8,low D/E 6; earnings +92%; rev +143%
CCL,CCL PRODUCTS (I) LTD,Consumer Defensive,1112.4000244140625,10.449197541455462,36.40711519485745,34.343933,6.3187313,18.002000000000002,56.487,9.379999999999999,0.61,0.138,148322241719.25745,8,ROE 18%; earnings +61%; rev +14%
IIFLCAPS,IIFL CAPITAL SERVICES LTD,Financial Services,333.1499938964844,19.00072847457068,38.58153176157645,19.257225,3.3789403,20.198,59.292,24.520001,0.045,0.033,104877791358.57349,8,ROE 20%; margin 25%
THELEELA,LEELA PALACES HOTEL LTD,Consumer Cyclical,539.7000122070312,0.8542231261976335,40.36411240755039,39.889137,2.7975907,8.014000000000001,28.065,27.621000000000002,3.867,0.281,180237078508.6344,8,low D/E 28; margin 28%; earnings +387%; rev +28%
SKFINDUS,SKF IND (INDUSTRIAL) LTD,Industrials,2753.699951171875,9.447551753637784,38.09237174092738,65.54868,9.218084,15.615000000000002,0.309,5.787,0.7943285796719148,3.640540653057826,136137315986.03694,8,low D/E 0; earnings +79%; rev +364%
MGL,MAHANAGAR GAS LTD.,Utilities,1137.800048828125,17.431055963125907,26.422227647569446,15.71113,1.7485785,13.627,3.461,8.382000000000001,-0.393,0.139,112389362391.13376,8,low D/E 3; rev +14%; PE 16
BLUEJET,BLUE JET HEALTHCARE LTD,Healthcare,595.2999877929688,24.550064918508397,83.16922701322116,43.901176,7.5934024,19.881001,3.102,26.523000000000003,-0.143,-0.174,103263958970.50227,8,25% below 52w high; ROE 20%; low D/E 3; margin 27%
OLECTRA,OLECTRA GREENTECH LIMITED,Industrials,1291.199951171875,24.676234514580717,48.99607518438379,59.58468,8.638812,17.559999999999988,30.841,2.0079998000000003,-0.003,0.657,105982636120.1518,8,25% below 52w high; low D/E 31; rev +66%
USHAMART,USHA MARTIN LTD.,Basic Materials,495.6499938964844,6.037915849007701,36.71218055026426,28.40401,4.5744424,16.228001,6.922,13.215,0.408,0.164,150875994302.08817,8,low D/E 7; earnings +41%; rev +16%
GENUSPOWER,GENUS POWER INFRASTRU LTD,Industrials,334.25,8.299039780521262,61.973836074587474,14.265899,4.1687975,28.997,103.821,12.595998999999999,0.434,0.448,92453134336.0,8,ROE 29%; earnings +43%; rev +45%; PE 14
KAJARIACER,KAJARIA CERAMICS LTD,Industrials,1220.699951171875,6.795449592890786,40.37488333062175,35.55782,6.3413973,16.499001,7.302,10.7980005,0.554,0.204,191824519686.99927,8,low D/E 7; earnings +55%; rev +20%
V2RETAIL,V2 RETAIL LIMITED,Consumer Cyclical,220.0500030517578,15.120538842137776,38.780276513589904,43.834663,8.892346,25.959,110.224,5.284,1.796,0.599,80238494808.78548,8,ROE 26%; earnings +180%; rev +60%
PLATIND,PLATINUM INDUSTRIES LTD,Basic Materials,211.07000732421875,38.35572106113115,15.024527152162806,23.042578,2.6118648,12.031,2.293,11.346,-0.125,-0.056,11592993170.281776,8,38% below 52w high; low D/E 2
VTL,VARDHMAN TEXTILES LIMITED,Consumer Cyclical,600.5,12.718023255813954,55.77172503242542,20.184874,1.6255563,7.329,17.52,8.324,0.492,0.133,173830225920.0,8,low D/E 18; earnings +49%; rev +13%
MAHSEAMLES,MAHARASHTRA SEAMLESS LTD,Basic Materials,610.5999755859375,11.507249915081522,21.949263171470495,11.0998,1.1904668,10.6079996,0.194,15.958998999999999,0.156,-0.047,81819931448.53423,8,low D/E 0; margin 16%; earnings +16%; PE 11
CARTRADE,CARTRADE TECH LIMITED,Consumer Cyclical,2895.199951171875,12.013373311901688,80.94999694824219,62.289158,5.57928,9.849,5.363,28.656,0.224,0.163,140452034239.2484,8,low D/E 5; margin 29%; earnings +22%; rev +16%
AMAGI,AMAGI MEDIA LABS LIMITED,Technology,576.4500122070312,20.751994382819134,85.83171809235827,122.12924,7.3003473,6.325,1.763,6.303,6.45,0.324,124708588112.85626,8,21% below 52w high; low D/E 2; earnings +645%; rev +32%
FRACTAL,FRACTAL ANALYTICS LIMITED,Technology,855.25,23.501788908765654,16.566714702284955,44.777485,4.474282,11.583999500000001,13.131,9.5290005,0.771,0.2,147073171456.0,8,24% below 52w high; low D/E 13; earnings +77%; rev +20%
FINCABLES,FINOLEX CABLES LTD,Industrials,1291.199951171875,6.026204427083334,84.24657158431957,24.693056,3.245795,12.325999999999999,0.314,11.532,0.532,0.443,197475263188.25897,8,low D/E 0; earnings +53%; rev +44%
WABAG,VA TECH WABAG LTD,Industrials,2057.89990234375,8.679835706955846,99.21586663540658,35.88943,4.9922853,15.674,8.874,9.636,0.368,0.208,128573802538.61703,8,low D/E 9; earnings +37%; rev +21%
STARCEMENT,STAR CEMENT LIMITED,Basic Materials,194.3699951171875,37.08691133278294,1.498691967199739,21.289156,2.4645915,12.870999999999999,18.924,9.71,-0.242,0.034,78560540746.46294,8,37% below 52w high; low D/E 19
SFL,SHEELA FOAM LIMITED,Consumer Cyclical,666.2000122070312,19.971169146749133,45.840637042435084,33.97246,2.2370644,5.119,27.85,5.321,7.265,0.256,72751252789.04832,8,low D/E 28; earnings +726%; rev +26%
SKYGOLD,SKY GOLD AND DIAMONDS LTD,Consumer Cyclical,778.5499877929688,8.18985993007444,200.5984508853161,35.746094,10.063856,29.828,72.072,4.6680003,1.242,0.779,120577063069.44965,8,ROE 30%; earnings +124%; rev +78%
ASKAUTOLTD,ASK AUTOMOTIVE LIMITED,Consumer Cyclical,643.8499755859375,6.376332098696073,71.55608753739483,40.16531,9.681227,25.258000000000003,51.789,6.814000000000001,0.29,0.524,126930251058.9485,8,ROE 25%; earnings +29%; rev +52%
KRBL,KRBL LIMITED,Consumer Defensive,397.25,19.747474747474747,44.63863419917773,11.990643,1.5655789,11.731,2.924,12.617,0.731,-0.056,90926505984.0,8,low D/E 3; earnings +73%; PE 12
TSFINV,TSF INVESTMENTS LIMITED,Financial Services,424.7000122070313,39.458301894934955,28.037382145754613,19.392694,1.5635182,9.0629995,3.85,44.553003000000004,-0.223,0.709,93727828613.99222,8,39% below 52w high; low D/E 4; margin 45%; rev +71%
PUNJABCHEM,PUNJAB CHEM & CROP PROT L,Basic Materials,1167.0,23.91942229443639,33.12799823202746,21.890827,3.3792195,16.229999,36.418,6.184,0.07,0.087,14309969920.0,8,24% below 52w high; low D/E 36
NIVABUPA,NIVA BUPA HEALTH INS CO L,Financial Services,82.87999725341797,9.321667538537833,22.78518111617477,78.18868,3.9699187,12.1350005,9.883,4.8149999999999995,0.902,0.8,153264483368.92798,8,low D/E 10; earnings +90%; rev +80%
LTFOODS,LT FOODS LIMITED,Consumer Defensive,431.0,10.208333333333334,29.371156504934337,23.385784,8.397304,14.936,28.488,5.485,0.707,0.238,149666004992.0,8,low D/E 28; earnings +71%; rev +24%
ORKLAINDIA,ORKLA INDIA LIMITED,Consumer Defensive,550.3499755859375,27.58552952816612,3.2067464765002343,25.350069,2.7213256,10.967,2.284,11.452,0.111,0.104,75392021231.53629,8,28% below 52w high; low D/E 2; rev +10%
DIFFNKG,DIFFUSION ENGINEERS LTD,Industrials,401.7999877929687,11.47830068387212,85.3320950816799,27.333332,3.696174,13.011000000000001,7.057,12.553,0.371,0.365,14917330490.7986,8,low D/E 7; earnings +37%; rev +36%
JKPAPER,JK PAPER LIMITED,Basic Materials,389.6000061035156,12.410068166446488,27.80055709469859,22.301088,1.2803365,4.7810003,44.544,4.3390002,0.496,0.127,70641796178.68198,8,low D/E 45; earnings +50%; rev +13%
KPITTECH,KPIT TECHNOLOGIES LIMITED,Technology,592.9000244140625,55.353913824242284,9.189691420637661,27.87494,4.5582447,19.73,23.624,8.839,-0.318,0.089,161403542006.17307,8,55% below 52w high; ROE 20%; low D/E 24
AJAXENGG,AJAX ENGINEERING LIMITED,Industrials,566.4000244140625,22.251197746868563,43.465056212484,28.634985,4.654718,17.663,0.132,10.795999,0.052,0.017,64800017129.134895,8,22% below 52w high; low D/E 0
WENDT,WENDT (INDIA) LIMITED,Industrials,8109.5,23.386868209730753,38.82564409826244,96.01587,6.388703,5.849,0.075,6.6360004,0.632,0.366,16218999808.0,8,23% below 52w high; low D/E 0; earnings +63%; rev +37%
ASTRAZEN,ASTRAZENECA PHARMA IND LT,Healthcare,7507.0,23.782933143814407,0.34754711936906835,111.21481,21.502882,22.825001,12.679,6.973999999999999,-0.321,0.297,187675000832.0,8,24% below 52w high; ROE 23%; low D/E 13; rev +30%
TBOTEK,TBO TEK LIMITED,Consumer Cyclical,1702.5999755859375,3.524482747124244,69.54789433271988,69.239525,11.741583,17.794999999999998,48.762,8.561,0.323,0.811,181810410960.9691,8,low D/E 49; earnings +32%; rev +81%
HONASA,HONASA CONSUMER LIMITED,Consumer Defensive,483.7999877929687,5.1000393531901524,94.76650550747695,63.4076,11.131562,15.449001,9.586,9.748999999999999,1.19,0.27,157730517108.21207,8,low D/E 10; earnings +119%; rev +27%
GREENPOWER,ORIENT GREEN POWER CO LTD,Utilities,9.539999961853027,36.101810000996466,19.548871416677816,17.666666,0.97119004,6.458,45.393,22.264,-0.2,-0.068,11190722515.252392,8,36% below 52w high; low D/E 45; margin 22%; PE 18
DOMS,DOMS INDUSTRIES LIMITED,Industrials,2209.89990234375,20.220220131994584,9.190171238005501,61.81538,10.993925,20.091998999999998,10.849,8.929,-0.225,0.192,134115141849.40492,8,20% below 52w high; ROE 20%; low D/E 11; rev +19%
JAGSNPHARM,JAGSONPAL PHARMACEUTICALS,Healthcare,232.9900054931641,11.913041401450249,50.31613257623489,34.774628,5.9136024,16.695,2.956,15.476,0.253,0.088,15360908650.16142,8,low D/E 3; margin 15%; earnings +25%
BLUEDART,BLUE DART EXPRESS LTD,Industrials,5077.0,27.842524161455373,9.689964351301718,41.92403,6.779059,14.832,64.2661368842264,4.516,1.891,0.08,120466718720.0,8,28% below 52w high; earnings +189%
SYRMA,SYRMA SGS TECHNOLOGY LTD,Technology,1443.699951171875,6.43551839456416,127.5334832422183,74.8807,9.648917,14.142999,13.045,6.737,0.86,0.683,278092667714.4836,8,low D/E 13; earnings +86%; rev +68%
LUMAXTECH,LUMAX AUTO TECH LTD,Consumer Cyclical,2043.699951171875,3.1421824089158763,99.46320514043984,43.03432,11.509847,24.350001,83.409,6.2230001999999995,1.09,0.329,139293897471.9871,8,ROE 24%; earnings +109%; rev +33%
JKTYRE,JK TYRE & INDUSTRIES LTD,Consumer Cyclical,373.3999938964844,38.97696045133496,17.402926655524702,16.544085,1.7761161,14.051,80.551,4.003,-0.743,0.02,107647293728.4206,8,39% below 52w high; PE 17
HARIOMPIPE,HARIOM PIPE INDUSTRIES L,Basic Materials,347.5,39.26948748923324,29.63999844252756,15.653152,1.6644235,12.392,62.241,4.202,-0.297,-0.069,10761133056.0,8,39% below 52w high; PE 16
PFIZER,PFIZER LTD,Healthcare,4920.0,14.657415437987858,12.84144606323881,30.583702,5.355324,17.159,1.671,28.608,0.066,0.083,225078837248.0,8,low D/E 2; margin 29%
PRIVISCL,PRIVI SPECIALITY CHE LTD,Basic Materials,3450.300048828125,8.850024982926023,57.267888345414434,39.79585,9.54226,24.757999,74.399,13.096,0.36,0.192,134778054515.35866,8,ROE 25%; earnings +36%; rev +19%
WSTCSTPAPR,WEST COAST PAPER MILLS LT,Basic Materials,636.25,1.3565891472868217,69.66666666666667,18.309353,1.1648002,3.7720002000000004,8.243,5.25,1.453,0.101,42023616512.0,7,low D/E 8; earnings +145%; rev +10%
BBL,BHARAT BIJLEE LTD,Industrials,2353.89990234375,30.990914619063325,14.729246886186582,23.810438,1.3114811,6.0500003,15.116,4.7470003,-0.296,0.177,26606412720.1797,7,31% below 52w high; low D/E 15; rev +18%
TTKHLTCARE,TTK HEALTHCARE LIMITED,Healthcare,1082.0999755859375,11.070025298890673,47.224486474277214,20.666538,1.3715229,6.026,2.187,8.325000000000001,0.637,0.137,15290432167.021189,7,low D/E 2; earnings +64%; rev +14%
TIINDIA,TUBE INVEST OF INDIA LTD,Industrials,2930.0,14.32497781610533,35.34113040644245,93.34183,7.3162203,19.189999999999998,27.724,2.8169999,-0.142,0.207,567166894080.0,7,ROE 19%; low D/E 28; rev +21%
SMCGLOBAL,SMC GLOBAL SECURITIES LTD,Financial Services,81.12999725341797,14.510014806170371,49.02644985302133,16.659138,1.3028327,8.1750005,163.316,6.162999999999999,4.611,0.238,16988621248.865732,7,earnings +461%; rev +24%; PE 17
SMSPHARMA,SMS PHARMACEUTICALS LTD.,Healthcare,356.5,20.38856415404357,61.297617006887286,32.204155,4.2487516,14.310001,46.455,11.407,-0.035,0.056,33386948608.0,7,20% below 52w high; low D/E 46
PITTIENG,PITTI ENGINEERING LIMITED,Industrials,1051.6500244140625,4.395452325994318,55.80000361689815,33.112408,3.9333575,12.4960005,82.134,6.267,0.301,0.159,38820176773.21066,7,earnings +30%; rev +16%
GKSL,GUJARAT KIDNEY N SUP SP L,Healthcare,156.41000366210938,3.581554379776602,59.017896189041444,63.06855,3.8555968,11.928999999999998,11.427,18.895999999999997,2.24,2.126,12331872544.732594,7,low D/E 11; margin 19%; earnings +224%; rev +213%
GMMPFAUDLR,GMM PFAUDLER LIMITED,Industrials,1018.2000122070312,22.12619409506453,38.53061390571854,64.812225,3.8003743,4.5809999999999995,84.461,1.931,1.145,0.164,45775446564.79424,7,22% below 52w high; earnings +114%; rev +16%
POWERGRID,POWER GRID CORP. LTD.,Utilities,264.79998779296875,18.51054690089991,5.9199951171875,13.18725,2.4506943,16.492,150.813,33.797002,-0.008,0.027,2462799774851.239,7,margin 34%; PE 13
PHOENIXLTD,THE PHOENIX MILLS LTD,Real Estate,1925.0,11.282147816354676,31.34552620542978,52.523872,6.264094,11.056000000000001,37.211,28.164,0.233,0.128,688502669312.0,7,low D/E 37; margin 28%; earnings +23%; rev +13%
DREDGECORP,DREDGING CORP OF INDIA,Industrials,1118.300048828125,13.040431661887636,107.86246260745817,63.539776,2.5176165,3.1889997,88.829,2.9749999,5.438,0.467,31312401751.18752,7,earnings +544%; rev +47%
GOCLCORP,GOCL CORPORATION LIMITED,Basic Materials,398.25,13.405086913386812,78.30758411326116,7.3207717,0.6281457,11.849,0.02,3188.6980000000003,-0.967,0.263,19742242816.0,7,low D/E 0; margin 3189%; rev +26%; PE 7
ARSSBL,ANAND RATHI SH N STK BR L,Financial Services,497.6499938964844,37.390701493117234,19.627402378962593,21.285288,2.315448,9.58899333817461,63.43,16.182,-0.265,0.27,31384993407.07325,7,37% below 52w high; margin 16%; rev +27%
AFSL,ABANS FINANCIAL SRVCS LTD,Financial Services,202.13999938964844,11.729257908450464,3.97613064242006,7.6192985,0.8192263,8.3579995,55.763,0.49900003000000004,0.889,0.959,10276749280.969872,7,earnings +89%; rev +96%; PE 8
ABLBL,ADITYA BIRLA LIFES BRAN L,Consumer Cyclical,86.5,42.840151355731244,0.5813953488372093,59.65517,7.476232,12.723999999999998,213.719,2.046,0.2,0.111,105066201088.0,7,43% below 52w high; earnings +20%; rev +11%
VESUVIUS,VESUVIUS INDIA LTD,Industrials,429.2999877929687,29.379837053509135,0.16331817066843632,34.017433,5.236579,16.75,0.821,12.003,-0.074,0.023,87131067986.4512,7,29% below 52w high; low D/E 1
BIOCON,BIOCON LIMITED.,Healthcare,412.5,7.74907623156669,22.385407191700015,120.26239,1.9630052,1.1469999,42.145,2.86,2.346,0.1,671671189504.0,7,low D/E 42; earnings +235%; rev +10%
BAJAJHFL,BAJAJ HOUSING FINANCE LTD,Financial Services,85.58999633789062,26.84615697616186,17.81141712351144,26.498451,3.1649594,12.679000000000002,460.74,63.176995999999995,0.229,0.196,712850114779.5303,7,27% below 52w high; margin 63%; earnings +23%; rev +20%
GENESYS,GENESYS INTL CORPN LTD,Technology,183.5500030517578,71.6700114006395,8.931752552971997,33.99074,1.0610011,5.1960003,24.515,9.9379994,-0.359,0.107,11242086586.914328,7,72% below 52w high; low D/E 25; rev +11%
UNICHEMLAB,UNICHEM LABORATORIES LTD,Healthcare,516.5499877929688,24.83265736070027,85.67576029024826,11.946114,1.3379662,9.7849995,18.405,13.206000000000001,-0.793,0.201,36368088228.55484,7,25% below 52w high; low D/E 18; rev +20%; PE 12
TRIDENT,TRIDENT LIMITED,Consumer Cyclical,24.6299991607666,20.39431565731616,12.056413438217263,31.576923,2.6319726,8.0299996,38.323,5.829,0.148,0.047,125504229195.61574,7,20% below 52w high; low D/E 38
BATAINDIA,BATA INDIA LTD,Consumer Cyclical,711.2000122070312,44.5458080150463,17.55372102595558,62.385967,5.728785,8.465999,86.9,4.1149996,0.23,0.039,91408786976.93968,7,45% below 52w high; earnings +23%
NAVA,NAVA LIMITED,Industrials,556.75,24.702463941464366,10.983754963402935,20.813084,1.8016634,10.309,20.684,18.333,-0.446,0.122,157772365824.0,7,25% below 52w high; low D/E 21; margin 18%; rev +12%
ARMANFIN,ARMAN FIN SERV LTD,Financial Services,1973.0999755859375,8.593538111655029,51.66025946087145,17.92098,2.2197573,6.263000000000001,190.256,30.789,2.216,2.657,20746673919.291977,7,margin 31%; earnings +222%; rev +266%; PE 18
BHARTIARTL,BHARTI AIRTEL LIMITED,Communication Services,1941.699951171875,10.705911649948264,11.559893776034185,40.57041,7.4830713,20.151,100.415,13.139999999999999,0.351,0.184,12113601583634.035,7,ROE 20%; earnings +35%; rev +18%
ROLEXRINGS,ROLEX RINGS LIMITED,Industrials,185.82000732421875,0.832531496393851,86.21104882193174,33.360863,4.169827,12.3459995,0.0,13.153,0.224,0.044,48746743681.385216,7,low D/E 0; earnings +22%
TECHNOE,TECHNO ELEC & ENG CO. LTD,Industrials,985.4500122070312,37.43174525669643,13.270116345635778,26.569157,2.7560332,11.364,1.744,12.845,-0.315,0.198,114607416715.67252,7,37% below 52w high; low D/E 2; rev +20%
AZAD,AZAD ENGINEERING LIMITED,Industrials,2766.60009765625,7.366235612616706,103.4264777688419,128.67908,11.690535,9.142,31.025,21.756001,0.213,0.259,178671868066.81125,7,low D/E 31; margin 22%; earnings +21%; rev +26%
MRF,MRF LTD,Consumer Cyclical,134000.0,18.09290953545232,9.836065573770492,23.484053,2.7095356,12.258001,15.288,7.5840004,-0.01,0.096,568313184256.0,7,low D/E 15
IMPAL,IND MOTOR PART & ACC LTD,Consumer Cyclical,1106.5999755859375,10.678831723382705,19.245687024346715,14.122001,0.5983255,3.7800000000000002,0.0,10.674,0.1539380901159317,0.0604421478662611,13810367183.312511,7,low D/E 0; earnings +15%; PE 14
IOLCP,IOL CHEM AND PHARMA LTD,Healthcare,163.75,8.825170136341862,143.71185302872988,28.577662,2.674037,7.896,7.529,6.6610000000000005,0.897,0.371,48065130496.0,7,low D/E 8; earnings +90%; rev +37%
SURAKSHA,SURAKSHA DIAGNOSTIC LTD,Healthcare,305.1499938964844,8.363365196250939,36.16688334918224,44.353195,6.4687424,13.843,53.533,10.998999,0.389,0.207,15892442818.124285,7,earnings +39%; rev +21%
MANINDS,MAN INDUSTRIES (I) LTD.,Basic Materials,676.9000244140625,3.1616560208780395,124.10198701217085,24.88603,2.3566234,9.231,30.097,5.272,0.952,0.419,50773980967.288376,7,low D/E 30; earnings +95%; rev +42%
ADANIPORTS,ADANI PORT & SEZ LTD,Industrials,1696.0,10.316745709093873,31.269349845201237,28.976593,4.0720778,15.592,64.051,32.431,0.024,0.186,3907514531840.0,7,margin 32%; rev +19%
KNRCON,KNR CONSTRU LTD.,Industrials,127.13999938964844,42.20909118652344,17.017945332808367,9.068473,0.71847963,9.1850005,49.162,14.757000000000001,-0.346,-0.04,35756166996.34802,7,42% below 52w high; low D/E 49; PE 9
CEATLTD,CEAT LIMITED,Consumer Cyclical,3588.199951171875,19.148266084455273,19.586733916743043,24.578394,2.4669359,18.82,64.742,3.583,-0.962,0.223,145143019592.89783,7,ROE 19%; rev +22%
NSLNISP,NMDC STEEL LIMITED,Basic Materials,39.52000045776367,26.47441775299782,19.721304051033048,141.14285,0.8774228,0.447,35.019,0.43,,0.367,115817547069.52492,7,26% below 52w high; low D/E 35; rev +37%
HDBFS,HDB FINANCIAL SERVICES L,Financial Services,692.3499755859375,14.714217048928347,24.6803513066283,20.704247,2.7820191,12.310413495902301,484.313,29.786,0.326,0.21,573580488958.0587,7,margin 30%; earnings +33%; rev +21%
OAL,ORIENTAL AROMATICS LTD,Basic Materials,334.8999938964844,16.275001525878906,46.88596223530016,213.31209,1.6960224,0.49900003000000004,60.585,0.5,4.0,0.152,11270582066.59488,7,earnings +400%; rev +15%
ASHIANA,ASHIANA HOUSING LTD,Real Estate,367.2999877929687,15.737556105542527,36.31470445462613,30.506643,4.055203,14.333999,35.119,12.347999,0.038,-0.633,36922776372.89001,7,low D/E 35
STUDDS,STUDDS ACCESSORIES LTD,Consumer Cyclical,448.0,25.333333333333336,8.658746850353443,23.578947,3.3720975,16.999,1.559,11.411,-0.393,0.132,17630322688.0,7,25% below 52w high; low D/E 2; rev +13%
KSL,KALYANI STEELS LIMITED,Basic Materials,856.6500244140625,12.813593704449202,49.24216453206664,14.138472,1.7765746,14.45,22.567445652251372,8.605,-0.102,-0.102,37486474284.344246,7,low D/E 23; PE 14
PAUSHAKLTD,PAUSHAK LIMITED,Basic Materials,787.4000244140625,3.3449946827902663,129.89781734717155,45.805702,3.9531684,8.222,15.666,17.216,0.256,0.495,19414854233.975426,7,low D/E 16; margin 17%; earnings +26%; rev +50%
M&M,MAHINDRA & MAHINDRA LTD,Consumer Cyclical,3424.800048828125,10.810173808495934,18.259670194341332,20.849873,4.111281,18.754,125.278,8.609,0.334,0.275,4112370689286.97,7,ROE 19%; earnings +33%; rev +28%
TITAN,TITAN COMPANY LIMITED,Consumer Cyclical,5068.0,1.9349845201238391,53.431620301063646,78.12548,28.652517,37.127998,195.001,6.2319998000000005,0.628,0.293,4496898916352.0,7,ROE 37%; earnings +63%; rev +29%
ASIANTILES,ASIAN GRANITO IND. LTD.,Industrials,45.41999816894531,42.549962596086374,6.870583926930148,78.31034,0.8844147,1.283,28.468,0.885,-0.156,0.368,13465906657.137548,7,43% below 52w high; low D/E 28; rev +37%
NRBBEARING,NRB BEARING LIMITED,Consumer Cyclical,483.2000122070313,4.107954344152153,127.33474724503664,31.7477,4.865132,15.174000000000001,15.653,10.576,0.148,0.192,46833001631.137215,7,low D/E 16; rev +19%
NYKAA,FSN E COMMERCE VENTURES,Consumer Cyclical,330.3500061035156,5.071837326575969,47.93999175492403,375.39774,65.78057,14.338000000000001,82.829,2.405,2.5,0.291,946482463823.121,7,earnings +250%; rev +29%
SHILPAMED,SHILPA MEDICARE LTD,Healthcare,820.9500122070312,1.5765452300449572,216.35838620694847,54.045425,6.1978607,9.822000000000001,25.465,17.665,1.154,0.449,160562907475.47354,7,low D/E 25; margin 18%; earnings +115%; rev +45%
INDSWFTLAB,IND SWIFT LABORATORIES LT,Healthcare,333.510009765625,5.064041743670057,282.68503032279386,51.230415,2.0119205,3.2390002,1.481,8.5,1.427,0.254,29002552145.234028,7,low D/E 1; earnings +143%; rev +25%
ZYDUSLIFE,ZYDUS LIFESCIENCES LTD,Healthcare,1107.699951171875,8.074692848807054,32.5792879918462,24.703388,4.111211,18.318,42.304,15.784,-0.359,0.22,1104934814141.764,7,ROE 18%; low D/E 42; margin 16%; rev +22%
WHIRLPOOL,WHIRLPOOL OF INDIA LTD,Consumer Cyclical,775.75,46.0160055671538,3.2956058588548602,39.298378,2.3660219,7.2459996,8.621,3.013,-0.294,0.121,98458460160.0,7,46% below 52w high; low D/E 9; rev +12%
KKCL,KEWAL KIRAN CLOTHING LTD,Consumer Cyclical,518.5999755859375,12.840340237657562,26.998890127229192,21.626354,3.7950134,14.948,13.649200208872832,11.838,-0.0178571428571429,0.2094199068580033,31958817311.47898,7,low D/E 14; rev +21%
GRAPHITE,GRAPHITE INDIA LTD,Industrials,717.0499877929688,10.636843721860428,41.765520976340504,65.724106,2.3910754,2.9189998000000004,6.295,7.0440000000000005,0.284,0.266,140094076591.04388,7,low D/E 6; earnings +28%; rev +27%
AWFIS,AWFIS SPACE SOLUTIONS LTD,Industrials,263.0,58.8676900284748,14.822089716615544,22.17538,3.4054122,14.007,271.732,5.357,1.386,0.27,18821117952.0,7,59% below 52w high; earnings +139%; rev +27%
BAJAJHLDNG,BAJAJ HOLDINGS & INVS LTD,Financial Services,11368.0,18.097982708933717,32.37074988355845,14.291101,1.729562,11.598,0.012,734.641,-0.224,0.242,1265184669696.0,7,low D/E 0; margin 735%; rev +24%; PE 14
TATACONSUM,TATA CONSUMER PRODUCT LTD,Consumer Defensive,1056.300048828125,17.650262022455916,4.874904291701019,63.82478,4.7975693,6.94,12.159,7.837999599999999,0.279,0.119,1045409610948.7078,7,low D/E 12; earnings +28%; rev +12%
VINDHYATEL,VINDHYA TELELINKS LTD,Industrials,2436.0,6.3076923076923075,152.72330514575935,12.3273115,0.67945355,5.311,34.118,6.877999999999999,0.765,-0.208,28868702208.0,7,low D/E 34; earnings +76%; PE 12
RAINBOW,RAINBOW CHILDRENS MED LTD,Healthcare,1453.5,9.720496894409939,34.086715867158674,51.78126,8.952218,17.941,53.558,15.68,0.133,0.332,147457785856.0,7,margin 16%; rev +33%
SIMPLEXINF,SIMPLEX INFRASTRUCTURES L,Industrials,259.45001220703125,21.3787841796875,89.37957095403742,44.274746,2.067924,5.3790003,167.843,4.285,1.0,0.198,20521288645.519367,7,21% below 52w high; earnings +100%; rev +20%
VSSL,VARDHMAN SPC STEEL LTD,Basic Materials,356.0,5.306559797648062,72.48062525551447,23.796791,2.821344,11.76,7.281,7.932,0.749,0.121,34420101120.0,7,low D/E 7; earnings +75%; rev +12%
HEG,HEG LTD,Industrials,711.9500122070312,4.9465938308369495,54.83906722668218,38.092564,2.8876145,7.338,16.73,13.611999999999998,0.168,0.104,137390360883.68286,7,low D/E 17; earnings +17%; rev +10%
DEN,DEN NETWORKS LTD,Communication Services,27.75,26.09853378475781,23.223798560951224,8.92283,0.34757885,2.85,0.524,15.193999999999999,-0.325,0.006,13230254080.0,7,26% below 52w high; low D/E 1; margin 15%; PE 9
SUNDROP,SUNDROP BRANDS LIMITED,Consumer Defensive,652.3499755859375,27.32286170572867,17.329132299629045,88.03644,1.6651776,1.38,0.909041718521725,1.7409999999999999,0.139,0.005,24591539303.666744,7,27% below 52w high; low D/E 1
BANKBARODA,BANK OF BARODA,Financial Services,244.5,24.88479262672811,5.931286593394156,6.9638276,0.7500391,11.3170005,93.62656457792755,27.392,-0.486,0.18,1264398106624.0,7,25% below 52w high; margin 27%; rev +18%; PE 7
PROTEAN,PROTEAN EGOV TECHNO LTD,Technology,548.1500244140625,42.025380812896614,23.45721270586993,27.002466,2.063709,9.689999,8.121,7.959,-0.756,0.19,22266508255.72836,7,42% below 52w high; low D/E 8; rev +19%
HYUNDAI,HYUNDAI MOTOR INDIA LTD,Consumer Cyclical,2227.0,22.941176470588236,34.31845597104945,36.57415,9.0427,29.915999999999997,5.484,7.0040000000000004,-0.351,-0.005,1809529044992.0,7,23% below 52w high; ROE 30%; low D/E 5
RML,RANE (MADRAS) LIMITED,Consumer Cyclical,1078.199951171875,18.55880872507201,77.18980298633936,25.138725,3.9701445,15.123000000000001,100.193,2.9590001,0.625,0.183,29798357690.530514,7,earnings +62%; rev +18%
PARACABLES,PARAMOUNT COMM LTD,Technology,63.04999923706055,16.710697782234696,122.79152274496457,32.668396,2.473131,8.929999999999989,15.807,3.665,0.081,0.131,20632448774.336098,7,low D/E 16; rev +13%
INOXINDIA,INOX INDIA LIMITED,Industrials,1923.5999755859375,9.25559339196409,80.07864290535129,69.69565,15.6220045,25.901000000000003,7.251,15.748000000000001,-0.049,0.092,174592669528.0942,7,ROE 26%; low D/E 7; margin 16%
SOMANYCERA,SOMANY CERAMICS LIMITED,Industrials,511.1000061035156,8.207611833936577,53.94578497093844,19.756474,2.4883883,8.397,40.692,3.624,2.429,0.24,20961646842.32232,7,low D/E 41; earnings +243%; rev +24%
DIVGIITTS,DIVGI TORQTRANSFER SYST L,Consumer Cyclical,1263.449951171875,4.197004519785516,120.2283291421534,61.154404,6.083052,7.6160000000000005,0.279,15.116,1.825,0.913,38639995434.6931,7,low D/E 0; margin 15%; earnings +182%; rev +91%
BLSE,BLS E-SERVICES LIMITED,Industrials,321.1000061035156,2.133495845712206,158.32662769108012,50.329155,5.5917387,12.732,1.076,4.934,0.037,0.246,29109025321.308582,7,low D/E 1; rev +25%
TITAGARH,TITAGARH RAIL SYSTEMS LTD,Industrials,849.2999877929688,12.533471905976443,49.340596019503344,59.02015,4.700628,4.9200002,25.363,6.072,0.67,0.126,114378422676.0332,7,low D/E 25; earnings +67%; rev +13%
AETHER,AETHER INDUSTRIES LIMITED,Basic Materials,1634.4000244140625,3.404253876237441,124.98451331132668,92.28685,8.829869,9.375,18.646,19.12,0.341,0.275,216930405544.42612,7,low D/E 19; margin 19%; earnings +34%; rev +28%
PARAGMILK,PARAG MILK FOODS LTD.,Consumer Defensive,207.94000244140625,44.836186309180995,16.92532991640785,20.567755,2.0646174,11.8360005,48.262,3.312,-0.21,0.109,26306185524.858734,7,45% below 52w high; low D/E 48; rev +11%
GRAVITA,GRAVITA INDIA LIMITED,Industrials,1792.800048828125,6.312705283183545,41.510775458173164,33.329617,5.3240047,16.680999,29.934,8.3380006,0.14,0.418,130582023652.48996,7,low D/E 30; rev +42%
RECLTD,REC LIMITED,Financial Services,328.1000061035156,15.979511881302017,7.909889582670471,5.3999343,1.0259634,19.957,607.463,68.89,-0.061,0.252,863960776391.9231,7,ROE 20%; margin 69%; rev +25%; PE 5
HOMEFIRST,HOME FIRST FIN CO IND LTD,Financial Services,1187.4000244140625,13.643634588068181,32.86337788915614,21.468088,2.8435202,15.714,243.944,51.428,0.323,0.297,124123392504.0938,7,margin 51%; earnings +32%; rev +30%
DCAL,DISHMAN CARBO AMCIS LTD,Healthcare,172.41000366210938,46.44820713619342,34.1712090755715,27.71865,0.4038613,1.5579999,46.07,3.3239998,-0.495,0.189,27030972990.156822,7,46% below 52w high; low D/E 46; rev +19%
METROPOLIS,METROPOLIS HEALTHCARE LTD,Healthcare,540.7999877929688,11.205976745409586,31.182531908543055,55.35312,7.409843,13.373,15.212,11.791000499999999,0.127,0.166,112155194908.41348,7,low D/E 15; rev +17%
RISHABH,RISHABH INSTRUMENTS LTD,Technology,684.2000122070312,6.254705063497138,117.20635308159721,32.48813,3.5399237,12.069,10.752,10.5179995,2.17,0.093,26473458136.32143,7,low D/E 11; earnings +217%
ELECON,ELECON ENG. CO. LTD,Industrials,451.7000122070313,28.854938598577483,28.323867104270256,42.978115,4.3958507,20.5,11.824,9.852,-0.598,0.061,101361453747.25702,7,29% below 52w high; ROE 20%; low D/E 12
AUROPHARMA,AUROBINDO PHARMA LTD,Healthcare,1608.0,4.422255309938797,58.25214433970842,25.121075,2.4647796,9.932999,21.31,10.627,0.258,0.163,925207691264.0,7,low D/E 21; earnings +26%; rev +16%
SURAJEST,SURAJ ESTATE DEVELOPERS L,Real Estate,198.55999755859375,43.163018723475105,15.913598377811708,10.172131,0.9268716,9.527001,64.98,16.242,-0.342,-0.276,9520141194.944538,7,43% below 52w high; margin 16%; PE 10
SAIL,STEEL AUTHORITY OF INDIA,Basic Materials,174.89999389648438,16.595137605246173,48.094831631017925,16.89855,1.1979369,5.656000199999999,52.899,3.8440000000000003,1.211,0.013,722428796293.2761,7,earnings +121%; PE 17
HERITGFOOD,HERITAGE FOODS LTD,Consumer Defensive,378.75,29.86111111111111,29.46505411172094,25.977365,3.1855302,14.299999999999999,32.621,2.8469998,-0.378,0.177,35146485760.0,7,30% below 52w high; low D/E 33; rev +18%
NTPCGREEN,NTPC GREEN ENERGY LIMITED,Utilities,91.87999725341795,23.401417598148257,9.38094911121185,148.19354,4.150705,2.7640000000000002,165.281,18.476,0.385,0.627,774211085720.3964,7,23% below 52w high; margin 18%; earnings +38%; rev +63%
PRABHA,PRABHA ENERGY LIMITED,Energy,212.88999938964844,21.903890453763687,54.368786698930194,2128.9,4.6793127,0.13999999999999999,37.627,16.451999999999998,,0.493,31203878822.53908,7,22% below 52w high; low D/E 38; margin 16%; rev +49%
ICICIGI,ICICI LOMBARD GIC LIMITED,Financial Services,1625.0,21.303691372373294,5.205232790681813,33.63693,4.758962,14.63,0.2104137997786446,8.764,-0.462,0.109,811731845120.0,7,21% below 52w high; low D/E 0; rev +11%
APOLLO,APOLLO MICRO SYSTEMS LTD,Industrials,386.75,17.095391211146836,115.45961002785516,116.14114,10.165326,11.21,41.527,11.8710004,0.389,0.881,143716106240.0,7,low D/E 42; earnings +39%; rev +88%
HUBTOWN,HUBTOWN LIMITED,Real Estate,198.80999755859375,45.63576950442026,18.23372273268361,30.49233,1.071937,6.370000000000001,44.93,15.387999999999998,-0.697,-0.17,28251031205.07457,7,46% below 52w high; low D/E 45; margin 15%
UNITDSPR,UNITED SPIRITS LIMITED,Consumer Defensive,1544.0,0.3870967741935484,27.518990562840095,64.955826,12.245319,20.034,4.611,14.917,0.112,-0.102,1096325595136.0,7,ROE 20%; low D/E 5
POLYPLEX,POLYPLEX CORPORATION LTD,Basic Materials,1170.9000244140625,7.3655043976216374,58.22973302892736,23.678463,0.8669378,0.617,13.292,2.043,1.456,0.296,36757435134.41754,7,low D/E 13; earnings +146%; rev +30%
JBMA,JBM AUTO LIMITED,Consumer Cyclical,623.3499755859375,21.09493979924842,30.68133660082547,65.82365,12.911677,15.988,190.282,3.5709999999999997,0.141,0.15,147418687858.21448,7,21% below 52w high; rev +15%
CAPACITE,CAPACITE INFRAPROJECT LTD,Industrials,203.72999572753903,39.002995291155976,13.183330959743907,9.341128,0.9029744,10.633001,25.274,6.959999999999999,-0.151,0.067,17236381334.532536,7,39% below 52w high; low D/E 25; PE 9
TCPLPACK,TCPL PACKAGING LIMITED,Consumer Cyclical,4100.89990234375,7.028044318921865,86.404541015625,32.280384,5.1918406,14.355,88.192,6.1479997,0.793,0.161,37239880841.19291,7,earnings +79%; rev +16%
FILATEX,FILATEX INDIA LTD,Consumer Cyclical,81.51000213623047,6.6002002158820625,124.7931768044934,18.955814,3.7622893,14.81,9.979,4.3309998,0.17,-0.018,36195197876.611,7,low D/E 10; earnings +17%
SBILIFE,SBI LIFE INSURANCE CO LTD,Financial Services,1782.0,16.416510318949342,4.798869349231859,68.564835,8.8800745,13.703000000000001,,2.1389998,0.218,0.188,1787968880640.0,7,earnings +22%; rev +19%
APLAPOLLO,APL APOLLO TUBES LTD,Basic Materials,2140.0,7.013118501455572,35.61470215462611,48.252537,11.220284,25.313999999999997,9.396,5.2259997,0.11,0.085,594188959744.0,7,ROE 25%; low D/E 9
MOLDTKPAC,MOLD-TEK PACKAGING LTD,Consumer Cyclical,682.4000244140625,21.60826830395606,46.784261856972,29.786121,3.287249,10.975999999999999,31.851,8.035,0.142,0.249,22675411755.252785,7,22% below 52w high; low D/E 32; rev +25%
SOLEX,SOLEX ENERGY LIMITED,Technology,772.2999877929688,61.093199607407115,0.8027100676019203,10.444955,3.2979326,47.055998,132.242,4.9289998,-0.67,0.005,8342761852.133683,7,61% below 52w high; ROE 47%; PE 10
MINDACORP,MINDA CORPORATION LTD,Consumer Cyclical,743.2999877929688,3.3420041881705136,58.65528021194637,35.804432,6.6296816,14.739000999999998,55.351,7.539,2.158,0.332,174943761606.94202,7,earnings +216%; rev +33%
AEGISVOPAK,AEGIS VOPAK TERMINALS LTD,Energy,266.6000061035156,14.411372929538674,68.73418107817444,96.59421,6.8846197,11.566,84.438,32.126,0.304,0.425,295390550634.6436,7,margin 32%; earnings +30%; rev +42%
LICHSGFIN,LIC HOUSING FINANCE LTD,Financial Services,508.0499877929687,15.070214405622998,10.710393233862463,4.870111,0.67464745,14.408999999999999,642.522,65.17699999999999,0.099,0.145,279459489221.3641,7,margin 65%; rev +14%; PE 5
TVSHLTD,TVS HOLDINGS LIMITED,Consumer Cyclical,13968.0,14.290973798858687,20.32044103712637,14.34926,4.370768,29.418,289.853,3.642,0.819,0.357,282602012672.0,7,ROE 29%; earnings +82%; rev +36%; PE 14
GAEL,GUJARAT AMBUJA EXPORTS LT,Consumer Defensive,183.36000061035156,0.7093721620093909,81.18577681788798,20.238409,2.5526583,9.664,13.384,6.898,1.711,0.235,84101849367.95033,7,low D/E 13; earnings +171%; rev +24%
NH,NARAYANA HRUDAYALAYA LTD.,Healthcare,1799.300048828125,14.044809303118663,13.234741902336374,44.58127,8.054163,19.845,129.033,8.984,0.054,0.804,365437560508.9846,7,ROE 20%; rev +80%
RESPONIND,RESPONSIVE INDUSTRIES LTD,Basic Materials,156.3699951171875,35.08924903319829,33.36460137926439,28.073606,2.6742713,10.221,12.509,10.647,-0.576,0.13,41689574122.20055,7,35% below 52w high; low D/E 13; rev +13%
SUDARSCHEM,SUDARSHAN CHEMICAL INDS L,Basic Materials,1186.5,25.982532751091703,63.33975221945634,130.67181,2.7034295,1.03400005,64.172,0.73,1.05,0.054,94454390784.0,7,26% below 52w high; earnings +105%
PTCIL,PTC INDUSTRIES LIMITED,Industrials,19623.0,5.4313253012048195,48.08693683495585,234.33246,19.520906,7.019,17.341,16.848,1.438,0.849,294198804480.0,7,low D/E 17; margin 17%; earnings +144%; rev +85%
RATNAVEER,RATNAVEER PRECISION ENG L,Basic Materials,269.239990234375,0.4658076767560074,106.31416876197318,14.648531,2.7352893,12.364,50.053,6.042,-0.097,0.189,19230917958.47385,7,rev +19%; PE 15
GANESHHOU,GANESH HOUSING LIMITED,Real Estate,826.7999877929688,10.145088751210709,65.35999755859375,26.0,2.956997,14.415,13.079,41.397,-0.549,0.856,68944444422.0912,7,low D/E 13; margin 41%; rev +86%
ISGEC,ISGEC HEAVY ENG LTD,Industrials,761.75,31.614149986153528,11.375098531238676,50.58101,2.0466037,5.371,32.93,1.497,-0.828,0.477,56011104256.0,7,32% below 52w high; low D/E 33; rev +48%
KAYNES,KAYNES TECHNOLOGY IND LTD,Technology,3815.0,50.48669695003245,27.378964941569283,74.46809,5.5023904,9.568,19.168,8.866999,-0.004,0.405,256453787648.0,7,50% below 52w high; low D/E 19; rev +40%
AMRUTANJAN,AMRUTAJAN HEALTH LTD,Healthcare,521.6500244140625,34.047662132468545,8.046818062007334,27.95552,4.0741496,16.622999999999998,0.48,10.552,-0.474,0.095,15075728065.56839,7,34% below 52w high; low D/E 0
DEEPAKFERT,DEEPAK FERTILIZERS & PETR,Basic Materials,1464.199951171875,12.897087973118678,68.99814288002803,18.786245,2.7009528,10.771,75.969,8.131,1.016,0.225,185024096229.81833,7,earnings +102%; rev +22%
KIRLOSBROS,KIRLOSKAR BROTHERS LTD,Industrials,1918.199951171875,12.37895149115704,43.685389600889515,40.78673,6.1818395,16.486,10.101,8.009,-0.001,0.129,152322191578.6112,7,low D/E 10; rev +13%
NEPHROPLUS,NEPHROCARE HEALTH SERV L,Healthcare,674.1500244140625,12.419613587000649,51.15471399418442,79.31177,6.0586863,9.037,7.139,8.076999,2.962,0.222,67791866263.05423,7,low D/E 7; earnings +296%; rev +22%
RAMCOSYS,RAMCO SYSTEMS LTD.,Technology,552.3499755859375,42.909563246931526,61.45862780803418,49.986423,5.9001665,12.493,12.101,5.825,-0.36,0.071,20766516330.112698,7,43% below 52w high; low D/E 12
COCHINSHIP,COCHIN SHIPYARD LIMITED,Industrials,1489.0,24.794182451679138,25.44229149115417,57.62384,6.669922,12.517,28.466,14.272000000000002,-0.038,-0.156,391727284224.0,7,25% below 52w high; low D/E 28
EQUITASBNK,EQUITAS SMALL FIN BNK LTD,Financial Services,76.98999786376953,8.235999447482714,53.97999572753906,17.262331,1.437346,1.6900001000000002,94.248,10.925999000000001,4.027,0.192,88068576884.3738,7,earnings +403%; rev +19%; PE 17
ENDURANCE,ENDURANCE TECHNO. LTD.,Consumer Cyclical,3001.699951171875,2.5390419705642446,40.08306341104824,43.47769,6.1721845,15.156998999999999,19.393,6.22,0.08,0.3,422227666219.6968,7,low D/E 19; rev +30%
DBL,DILIP BUILDCON LIMITED,Industrials,415.0,29.059829059829063,8.766875449405461,5.395917,0.7957295,22.893,115.513,13.572000000000001,-0.538,-0.093,67414605824.0,7,29% below 52w high; ROE 23%; PE 5
IIFL,IIFL FINANCE LIMITED,Financial Services,636.7000122070312,5.674072265625,55.63431989925842,12.792848,1.9452804,12.286,447.421,24.174,1.895,0.318,270781879367.52313,7,margin 24%; earnings +190%; rev +32%; PE 13
CDSL,CENTRAL DEPO SER (I) LTD,Financial Services,1345.9000244140625,19.585346019057763,20.567944597598835,59.57946,14.353358,23.913,0.11,36.923,-0.199,0.042,281293100014.53894,7,ROE 24%; low D/E 0; margin 37%
KROSS,KROSS LIMITED,Consumer Cyclical,210.36000061035156,11.46464848207804,39.75551065596065,24.013699,2.770848,11.948,10.969,8.0520004,0.241,0.323,13570202663.373428,7,low D/E 11; earnings +24%; rev +32%
SUNDRMFAST,SUNDRAM FASTENERS LTD,Consumer Cyclical,1228.4000244140625,1.7515815051426131,68.25093350102048,42.256622,6.0378766,14.583999,14.532,9.259,0.135,0.204,258121700362.08725,7,low D/E 15; rev +20%
RATNAMANI,RATNAMANI MET & TUB LTD.,Basic Materials,2289.60009765625,31.551566587257103,18.233932231151563,37.168835,3.9040961,13.578000000000001,7.549,9.9379994,-0.434,-0.085,160482663100.92242,7,32% below 52w high; low D/E 8
SHYAMMETL,SHYAM METALICS AND ENGY L,Basic Materials,996.7999877929688,8.550459835507453,33.61930131273039,24.618423,2.4645875,8.971,8.133,5.7350002,0.207,0.235,277435904698.4591,7,low D/E 8; earnings +21%; rev +24%
UNIMECH,UNIMECH AEROSPACE N MFG L,Industrials,1508.300048828125,3.003212294011254,117.02158975944246,107.12358,10.407453,9.0,17.186,25.259999999999998,0.455,0.709,76775483829.44905,7,low D/E 17; margin 25%; earnings +46%; rev +71%
AADHARHFC,AADHAR HOUSING FINANCE L,Financial Services,474.9500122070313,15.63942944812943,10.414975926124983,18.4375,2.744202,15.753001,255.574,48.150999999999996,0.184,0.196,207903429855.4753,7,margin 48%; earnings +18%; rev +20%
SAATVIKGL,SAATVIK GREEN ENERGY LTD,Technology,401.0,29.276895943562607,22.25609756097561,20.702116,3.5289977,42.051,69.034,7.856000000000001,-0.38,0.749,50969108480.0,7,29% below 52w high; ROE 42%; rev +75%
GOODYEAR,GOODYEAR INDIA LIMITED,Consumer Cyclical,762.9000244140625,40.10363086595458,7.261866349956063,32.644417,2.9029572,10.1730004,4.446,2.078,-0.539,0.18,17597440563.1472,7,40% below 52w high; low D/E 4; rev +18%
BALAMINES,BALAJI AMINES LIMITED,Basic Materials,2078.89990234375,14.924708656800997,114.7402081159548,33.00365,3.4080439,8.113,6.194,13.407,0.972,0.272,67358434211.83991,7,low D/E 6; earnings +97%; rev +27%
BECTORFOOD,MRS BECTORS FOOD SPE LTD,Consumer Defensive,258.0199890136719,13.705689293086328,56.3757509173769,53.199997,6.250181,11.562999999999999,15.011,7.019,0.252,0.16,79209706195.30075,7,low D/E 15; earnings +25%; rev +16%
BLUESTARCO,BLUE STAR LIMITED,Industrials,1510.0,25.98039215686275,4.137931034482759,60.911655,9.047172,16.222,23.588,3.979,-0.151,0.133,310444883968.0,7,26% below 52w high; low D/E 24; rev +13%
HONAUT,HONEYWELL AUTOMATION IND,Industrials,36715.0,11.51946017592481,40.02669717772693,59.064365,7.273993,12.352,2.476,11.7180005,0.209,0.018,324830789632.0,7,low D/E 2; earnings +21%
GLAND,GLAND PHARMA LIMITED,Healthcare,2820.0,7.230740354546025,79.20691686271535,41.179905,4.4855676,10.532,2.738,16.784,0.469,0.196,465205985280.0,7,low D/E 3; margin 17%; earnings +47%; rev +20%
PICCADIL,PICCADILY AGRO INDUSTRI L,Consumer Defensive,709.4000244140625,12.38730224538062,37.74757755612864,49.263893,7.6171455,17.366,58.89,13.071,0.124,0.174,69925144934.47984,7,rev +17%
EXIDEIND,EXIDE INDUSTRIES LTD,Consumer Cyclical,464.1000061035156,6.50684693596196,61.707319199831225,42.813652,2.83704,6.172,11.308,4.948,0.283,0.177,394485011523.9883,7,low D/E 11; earnings +28%; rev +18%
AARTIPHARM,AARTI PHARMALABS LIMITED,Healthcare,829.25,12.350700623744357,41.75213675213676,36.822823,3.5396438,8.491999999999999,37.359,10.402001,0.537,0.387,75196235776.0,7,low D/E 37; earnings +54%; rev +39%
GUJGASLTD,GUJARAT ENERGY LIMITED,,266.1000061035156,11.137086239441652,1.8564616664174642,961.91174,1.6613413,12.267999,118.64,8.5489996,0.326,0.211,249663234803.69977,7,earnings +33%; rev +21%
THOMASCOOK,THOMAS COOK (INDIA) LTD,Consumer Cyclical,101.58000183105467,44.04847142740318,17.63752591321467,21.70513,1.8581254,9.263,21.373,2.706,-0.006,-0.131,47998989153.2173,7,44% below 52w high; low D/E 21
PRSMJOHNSN,PRISM JOHNSON LIMITED,Basic Materials,109.87999725341795,37.5681833787398,13.161687930101214,27.747475,3.5563323,10.81,93.47,2.535,0.26,-0.008,55308819097.48988,7,38% below 52w high; earnings +26%
JKCEMENT,JK CEMENT LIMITED,Basic Materials,5266.0,30.394554226422578,12.726105105426521,43.77754,5.7820096,15.032,87.522,6.558999999999999,-0.145,0.28,406894608384.0,7,30% below 52w high; rev +28%
VRLLOG,VRL LOGISTICS LIMITED,Industrials,295.45001220703125,4.75499658915412,31.311116536458332,19.323088,4.717087,21.269,101.023,7.9380006000000005,0.608,0.181,51685140567.4615,7,ROE 21%; earnings +61%; rev +18%
GNA,GNA AXLES LIMITED,Consumer Cyclical,566.1500244140625,5.900440215983186,94.01989311108001,18.369566,2.420572,12.285,21.71905085620807,8.0790006,0.092030526196859,-0.0449389600647707,24305273880.115253,7,low D/E 22
ADVENZYMES,ADVANCED ENZYME TECH LTD,Basic Materials,303.0,27.684964200477324,20.26195819412729,20.472973,2.0781038,11.016,1.902,22.128001,-0.073,0.021,33928773632.0,7,28% below 52w high; low D/E 2; margin 22%
ONEPOINT,ONE POINT ONE SOL LTD,Industrials,56.61000061035156,14.031887741653982,39.50221305073867,33.49704,3.3546667,8.809000000000001,47.642,11.206000000000001,0.722,1.294,14859964576.215551,7,low D/E 48; earnings +72%; rev +129%
ACC,ACC LIMITED,Basic Materials,1301.0999755859375,34.519377172323225,3.9466346841200144,12.828831,1.1889226,10.9280005,2.085,7.563000000000001,-0.606,-0.038,244329999895.3501,7,35% below 52w high; low D/E 2; PE 13
CHALET,CHALET HOTELS LIMITED,Consumer Cyclical,852.9000244140625,20.297164389051247,23.367332687212006,35.419437,5.0472236,19.131999999999998,64.041,22.12,-0.577,-0.427,186780095714.5363,7,20% below 52w high; ROE 19%; margin 22%
TATATECH,TATA TECHNOLOGIES LIMITED,Technology,823.9500122070312,7.525251155215348,62.38668153691914,60.01093,8.525973,14.57,23.908,9.4,0.062,0.338,334566429532.6876,7,low D/E 24; rev +34%
SUNDARMFIN,SUNDARAM FINANCE LTD,Financial Services,4503.39990234375,20.18078868586051,12.58499755859375,22.362696,3.3594525,14.659001,409.161,46.089999999999996,0.338,0.268,496353760756.56616,7,20% below 52w high; margin 46%; earnings +34%; rev +27%
PRAJIND,PRAJ INDUSTRIES LTD,Industrials,358.45001220703125,17.217087250108257,31.300370771806318,219.90799,5.0329967,1.7719999,13.217,0.928,1.172,0.118,65887807683.81225,7,low D/E 13; earnings +117%; rev +12%
HATSUN,HATSUN AGRO PRODUCT LTD.,Consumer Defensive,963.7000122070312,18.261237302202606,12.673918620504116,60.571968,11.061881,19.453,94.535,3.3910000000000005,-0.012,0.193,214662515359.09515,7,ROE 19%; rev +19%
ARFIN,ARFIN INDIA LIMITED,Basic Materials,82.70999908447266,22.118642691880368,158.46874713897705,75.19091,8.283425,9.4469994,75.884,2.555,3.0,0.955,13955036005.52996,7,22% below 52w high; earnings +300%; rev +96%
KPIL,KALPATARU PROJECT INT LTD,Industrials,1387.5999755859375,6.217896831443716,37.78175049389932,20.869305,3.047159,14.513999,45.814,4.151,0.452,0.038,236963966902.7486,7,low D/E 46; earnings +45%
DODLA,DODLA DAIRY LIMITED,Consumer Defensive,1138.0,24.133333333333333,18.03755096128631,28.06412,4.100945,17.337,3.405,5.671,-0.353,0.19,68653043712.0,7,24% below 52w high; low D/E 3; rev +19%
RAMRAT,RAM RATNA WIRES LIMITED,Industrials,486.5,6.442307692307692,81.52985074626866,35.851143,7.837041,20.249,115.438,2.103,1.278,0.886,45414322176.0,7,ROE 20%; earnings +128%; rev +89%
SHREEJISPG,SHREEJI SHIPPING GLOBAL L,Industrials,613.3499755859375,10.006604567315765,176.28377278645831,60.13235,12.970796,29.87,36.166,21.525,-0.262,0.205,99925905526.50362,7,ROE 30%; low D/E 36; margin 22%; rev +20%
SMLMAH,SML MAHINDRA LIMITED,Consumer Cyclical,5159.5,13.834564970257809,89.75726369988966,47.671623,14.3771925,35.421002,55.669,5.301,-0.05,0.132,74666459136.0,7,ROE 35%; rev +13%
NUVAMA,NUVAMA WEALTH MANAGE LTD,Financial Services,1727.9000244140625,16.3649552558537,57.52575311839062,29.668612,7.6304154,27.317000000000004,282.325,28.107,0.156,0.225,317269315970.8015,7,ROE 27%; margin 28%; earnings +16%; rev +22%
RAIN,RAIN INDUSTRIES LIMITED,Basic Materials,204.9199981689453,18.682540409148686,105.12512015914352,12.831559,0.9252637,8.547,130.481,2.9089997999999997,3.894,0.174,68923948440.13274,7,earnings +389%; rev +17%; PE 13
CERA,CERA SANITARYWARE LTD,Industrials,5858.5,13.078635014836795,31.32411001218979,37.293907,5.13199,14.466999999999999,3.172,9.524999600000001,-0.027,0.151,75545214976.0,7,low D/E 3; rev +15%
JINDRILL,JINDAL DRILLING IND. LTD,Energy,628.7000122070312,9.343905954285328,42.85389763415617,9.509908,1.0008979,12.357999999999999,5.119,18.826999999999998,-0.287,0.084,18220421473.773266,7,low D/E 5; margin 19%; PE 10
ANDHRSUGAR,ANDHRA SUGARS LTD,Basic Materials,102.73999786376952,4.187266019397871,54.49623738912709,13.3776045,0.82490283,4.9689997,0.032,4.2250000000000005,0.942,0.046,13924905694.465174,7,low D/E 0; earnings +94%; PE 13
STEELXIND,STEEL EXCHANGE INDIA LTD,Basic Materials,10.539999961853027,24.444443684847208,50.57142802647182,42.16,1.6980828,3.6630000000000003,54.377,3.089,0.333,-0.101,13443964879.34283,7,24% below 52w high; earnings +33%
CARBORUNIV,CARBORUNDUM UNIVERSAL LTD,Industrials,1137.5999755859375,12.954322875923829,54.73339998606951,102.578896,5.5567765,4.3670002,10.292,3.849,0.235,0.194,216718912980.9898,7,low D/E 10; earnings +24%; rev +19%
SKFINDIA,SKF INDIA LTD,Industrials,1601.699951171875,68.43318976799615,14.0811931034099,37.80269,5.95629,13.543000999999999,0.219,6.8330005,-0.477,-0.542,79184778898.03708,7,68% below 52w high; low D/E 0
UGROCAP,UGRO CAPITAL LIMITED,Financial Services,87.02999877929688,54.78961102374188,8.624557907930962,6.086014,0.4576552,7.06,373.984,24.009000999999998,0.337,0.067,13299532613.457644,7,55% below 52w high; margin 24%; earnings +34%; PE 6
RACLGEAR,RACL GEARTECH LIMITED,Consumer Cyclical,1435.5,15.154561186489653,67.09347465886455,33.705093,4.7420683,16.91,66.889,9.507,0.077,0.315,16951697408.0,7,rev +32%
LUXIND,LUX INDUSTRIES LIMITED,Consumer Cyclical,1201.0,34.13222825672532,45.74358567938415,34.741104,1.9694529,6.0,33.964,3.489,-0.061,0.008,36116086784.0,7,34% below 52w high; low D/E 34
HNDFDS,HINDUSTAN FOODS LIMITED,Industrials,653.25,3.614902250092217,47.794117647058826,49.042793,6.792023,14.496,93.406,3.599,0.312,0.207,79149539328.0,7,earnings +31%; rev +21%
BELRISE,BELRISE INDUSTRIES LTD,Consumer Cyclical,234.0800018310547,12.72185265585982,73.18733019291598,41.13884,3.8121917,12.516,29.1,5.175,-0.087,0.126,226390935274.90817,7,low D/E 29; rev +13%
KRISHANA,KRISHANA PHOSCHEM LIMITED,Basic Materials,196.52000427246097,1.9165483760196216,127.98145154281058,33.708405,10.834712,32.12761024605732,130.807,7.698,0.535,0.346,60751799592.77998,7,ROE 32%; earnings +54%; rev +35%
INDIANHUME,INDIAN HUME PIPE CO. LTD.,Industrials,368.3500061035156,14.733794883445459,31.647613357319848,13.597268,1.3073182,9.864,28.091,10.974,0.075,-0.015,19405330753.544018,7,low D/E 28; PE 14
RGL,RENAISSANCE GLOBAL LTD,Consumer Cyclical,130.50999450683594,11.7579446296798,53.541170008042286,32.066338,0.92862576,6.087,41.552,3.562,3.017,0.472,14016312754.05357,7,low D/E 42; earnings +302%; rev +47%
KANSAINER,KANSAI NEROLAC PAINTS LTD,Basic Materials,201.5099945068359,23.67045662619852,27.610657864349342,27.194332,2.4271293,8.796,4.526,7.263,0.048,0.098,162977001125.2457,7,24% below 52w high; low D/E 5
IGARASHI,IGARASHI MOTORS INDIA LTD,Consumer Cyclical,446.7999877929687,19.928317599826396,64.84043826419203,85.59387,3.0137467,2.606,31.472,1.799,1.688,0.225,14063050367.78313,7,low D/E 31; earnings +169%; rev +22%
FSL,FIRSTSOURCE SOLU. LTD.,Technology,272.25,28.61824741562758,34.777227722772274,28.567682,4.286659,15.9,67.135,6.668,-0.017,0.229,187998240768.0,7,29% below 52w high; rev +23%
VMART,VMART RETAIL LTD,Consumer Cyclical,806.7000122070312,9.155404030739724,76.17384209649033,46.71106,6.7394614,14.081,100.682,3.4459999999999997,0.404,0.23,64193471435.37932,6,earnings +40%; rev +23%
HFCL,HFCL LIMITED,Technology,223.8999938964844,4.479522300942126,274.2895269788121,58.155846,6.7535367,7.266,38.321,9.554,0.7571726509215941,1.199,342626032516.01154,6,low D/E 38; earnings +76%; rev +120%
JSFB,JANA SMALL FIN BANK LTD,Financial Services,562.8499755859375,5.084321149083052,70.56059866240531,15.643413,1.3256567,9.84,122.9643655659712,12.906,0.522,0.251,59522811370.15102,6,earnings +52%; rev +25%; PE 16
POLYMED,POLY MEDICURE LIMITED,Healthcare,1769.5999755859375,17.49731660427226,49.712349880366965,57.454548,5.7747407,10.845,11.227,15.774,-0.075,0.303,179369244245.3549,6,low D/E 11; margin 16%; rev +30%
ENTERO,ENTERO HEALTHCARE SOLU L,Healthcare,1408.4000244140625,4.0468743996491074,49.194917840472726,48.818024,3.6290646,8.28,38.638,1.7590000000000001,0.373,0.382,61297898534.57504,6,low D/E 39; earnings +37%; rev +38%
CHOLAFIN,CHOLAMANDALAM IN & FIN CO,Financial Services,1888.9000244140625,3.2573611055537772,45.36709165184315,27.929914,5.2839766,19.334999,695.283,40.549,0.437,0.346,1613245337971.2212,6,ROE 19%; margin 41%; earnings +44%; rev +35%
JAGRAN,JAGRAN PRAKASHAN LIMITED,Communication Services,61.790000915527344,21.68567842769882,3.8487410344997373,7.135104,0.66743,8.794,5.156,9.8450005,-0.126,0.085,13448857799.26844,6,22% below 52w high; low D/E 5; PE 7
KSB,KSB LIMITED,Industrials,802.5,21.95857610679413,20.378005041751834,56.83428,8.219304,15.192,0.371,9.007,-0.186,0.036,139666472960.0,6,22% below 52w high; low D/E 0
GOKEX,GOKALDAS EXPORTS LTD.,Consumer Cyclical,799.9000244140625,16.232065769933314,50.6403059160193,60.09767,2.71182,4.7220003,58.934,2.4600001,0.034,0.207,58614781693.00475,6,rev +21%
BOROLTD,BOROSIL LIMITED,Consumer Cyclical,257.82000732421875,35.21296659991323,20.628836606016332,41.2512,3.4586287,8.8120006,16.696,6.243,-0.054,0.052,30832085867.886024,6,35% below 52w high; low D/E 17
BOMDYEING,BOMBAY DYEING & MFG. CO L,Consumer Cyclical,112.5999984741211,42.38935777321137,22.39130268926206,116.082466,1.0178899,1.169,0.139,1.352,-0.493,0.087,23255828164.852768,6,42% below 52w high; low D/E 0
TATVA,TATVA CHIN PHARM CHEM LTD,Basic Materials,1638.4000244140625,10.864477113559394,67.80008023834968,74.74453,4.904905,6.15,15.398,9.241000000000001,1.405,0.429,38325547579.09515,6,low D/E 15; earnings +140%; rev +43%
PRAKASH,PRAKASH INDUSTRIES LTD,Basic Materials,129.4499969482422,26.86440850381797,17.425616343182146,7.4098454,0.646029,9.646,14.363,9.011,-0.22,-0.005,23182142941.485615,6,27% below 52w high; low D/E 14; PE 7
JYOTICNC,JYOTI CNC AUTOMATION LTD,Industrials,949.75,10.053037405029611,63.721778998644616,67.07274,10.79924,18.224001,42.585,14.681,-0.201,0.24,215995088896.0,6,ROE 18%; low D/E 43; rev +24%
ALKYLAMINE,ALKYL AMINES CHEM. LTD,Basic Materials,1923.800048828125,12.629995269976146,58.72937696601691,43.712795,6.416645,13.719999999999999,0.0775090969658694,11.769,-0.035,-0.046,98395015617.37189,6,low D/E 0
EIDPARRY,EID PARRY INDIA LTD,Basic Materials,810.25,32.275996032612895,16.04840816871019,31.103647,1.6392697,9.913000499999999,23.647,1.197,-0.424,0.034,144188604416.0,6,32% below 52w high; low D/E 24
GODREJAGRO,GODREJ AGROVET LIMITED,Consumer Defensive,581.6500244140625,24.43159475257845,14.927883303580556,25.049528,5.5051303,18.681,72.751,4.2630002000000005,-0.163,0.096,111886185048.2885,6,24% below 52w high; ROE 19%
KIOCL,KIOCL LIMITED,Basic Materials,385.3999938964844,39.26404517996354,32.59934697736323,602.1875,13.490619,0.9610000000000001,11.051,2.701,,-0.106,234227265922.58176,6,39% below 52w high; low D/E 11
SKIPPER,SKIPPER LIMITED,Industrials,555.4500122070312,6.33220704771817,69.83642652163795,27.926094,4.177384,15.878998999999999,63.557,4.006,0.254,0.045,62712546658.22306,6,earnings +25%
DEEPAKNTR,DEEPAK NITRITE LTD,Basic Materials,1750.4000244140625,8.086536338256037,36.75000190734863,30.45763,4.0902743,9.751,27.903,9.1359995,2.074,0.364,238742392065.90836,6,low D/E 28; earnings +207%; rev +36%
THEMISMED,THEMIS MEDICARE LTD.,Healthcare,102.7699966430664,30.560813079009186,58.22940950245539,23.679722,2.3865035,0.28600001,25.112,12.055001,-0.9616565548218416,-0.109,9545648840.195871,6,31% below 52w high; low D/E 25
SUPRAJIT,SUPRAJIT ENGINEERING LTD,Consumer Cyclical,511.3500061035156,8.565041376215357,31.13219389567064,37.544052,4.885401,13.446,69.079,4.634,0.086,0.239,70146663237.27632,6,rev +24%
ULTRACEMCO,ULTRATECH CEMENT LIMITED,Basic Materials,11575.0,11.708619374523265,12.106537530266344,39.956505,4.443204,10.593,29.432,9.2930004,0.168,0.159,3405013581824.0,6,low D/E 29; earnings +17%; rev +16%
RAJRATAN,RAJRATAN GLOBAL WIRE LTD,Basic Materials,505.3500061035156,10.390992966589922,65.39028842832919,32.208416,3.9445643,11.594,49.797,6.476,0.699,0.291,25657125173.88159,6,low D/E 50; earnings +70%; rev +29%
CANHLIFE,CANARA HSBC LIFE INS CO L,Financial Services,151.69000244140625,8.998740044576278,43.1037758881191,109.920296,8.709807,8.276,15.304,1.054,0.217,0.204,143723989257.1956,6,low D/E 15; earnings +22%; rev +20%
NTPC,NTPC LTD,Utilities,337.5,18.556948607410867,6.956112519780092,10.3179455,1.6114093,13.694999999999999,118.127,14.530999999999999,-0.016,0.08,3272625094656.0,6,PE 10
ADANIENT,ADANI ENTERPRISES LIMITED,Energy,2994.89990234375,7.707244920069338,70.84426140009982,52.16687,4.7839484,13.664000000000001,119.56,6.546,0.31560360614171,0.499,4261662810413.756,6,earnings +32%; rev +50%
SUNFLAG,SUNFLAG IRON AND STEEL CO,Basic Materials,358.1499938964844,16.32009488399898,86.3908432333482,31.361645,0.72807884,2.2939998999999998,5.905,5.138,0.055,0.065,64545594292.02779,6,low D/E 6
ETHOSLTD,ETHOS LIMITED,Consumer Cyclical,2867.60009765625,11.6546971893478,49.40085762120617,73.793106,5.1568956,7.265000000000001,19.366,6.013,0.353,0.333,76730362421.05594,6,low D/E 19; earnings +35%; rev +33%
DATAPATTNS,DATA PATTERNS INDIA LTD,Industrials,4700.2001953125,5.15950104057437,120.56312507332238,98.454124,15.157877,16.73,0.304,28.459,-0.134,0.168,263135865526.36908,6,low D/E 0; margin 28%; rev +17%
JMFINANCIL,JM FINANCIAL LIMITED,Financial Services,129.16000366210938,35.35535450985417,15.321431841169083,11.893187,1.159051,11.1269996,102.435,30.868000000000002,-0.357,-0.103,123600948656.49196,6,35% below 52w high; margin 31%; PE 12
ACI,ARCHEAN CHEMICAL IND LTD,Basic Materials,499.9500122070313,31.136361954954367,3.5093192975220093,63.36502,3.190817,5.552,24.128,8.724,-0.237,0.119,61723026915.0605,6,31% below 52w high; low D/E 24; rev +12%
INDGN,INDEGENE LIMITED,Healthcare,566.7000122070312,5.043561695979667,36.88406091957276,34.076973,4.3495283,13.941,5.043,10.515001,-0.002,0.397,136465877883.55035,6,low D/E 5; rev +40%
CRAFTSMAN,CRAFTSMAN AUTOMATION LTD,Consumer Cyclical,10690.5,2.4589416058394162,69.04648956356736,55.099987,7.813219,12.547,111.011,5.3340003,1.133,0.363,279603970048.0,6,earnings +113%; rev +36%
TATASTEEL,TATA STEEL LIMITED,Basic Materials,183.5,18.226379237493003,19.895456609657654,20.781427,2.242125,11.156998999999999,89.017,4.601999999999999,0.114,0.143,2289036951552.0,6,rev +14%
WELSPUNLIV,WELSPUN LIVING LIMITED,Consumer Cyclical,188.69000244140625,1.4519239366862664,76.18114391196748,63.96271,3.6803916,4.301,46.501,2.795,0.837,0.237,178889459978.59982,6,low D/E 47; earnings +84%; rev +24%
ETERNAL,ETERNAL LIMITED,Consumer Cyclical,327.95001220703125,10.991993122052929,54.25682163308658,728.77783,9.694345,1.194,14.826,0.642,2.333,1.82,3018908874482.525,6,low D/E 15; earnings +233%; rev +182%
YATRA,YATRA ONLINE LIMITED,Consumer Cyclical,114.63999938964844,43.247525054629484,27.519463230095493,57.89899,2.1780186,5.801,12.403,3.164,-0.98,-0.104,17988872096.225956,6,43% below 52w high; low D/E 12
ATUL,ATUL LTD,Basic Materials,6510.5,9.324512534818941,17.08479453286575,24.073732,3.0807092,11.529,2.907,11.972999600000001,0.92,0.25,191680544768.0,6,low D/E 3; earnings +92%; rev +25%
NIRLON,NIRLON LTD,Real Estate,624.5999755859375,4.931510565306317,15.027619813248158,15.772727,12.01616,83.82,244.748,52.922999999999995,0.188,0.033,56287725415.85255,6,ROE 84%; margin 53%; earnings +19%; PE 16
BHEL,BHEL,Industrials,413.5,7.3908174692049275,101.5893183713087,58.98716,5.5067987,9.82,31.312,6.758,1.9973028657051883,0.403,1439833260032.0,6,low D/E 31; earnings +200%; rev +40%
DLF,DLF LIMITED,Real Estate,676.1500244140625,14.928279466684197,38.15897687916168,37.66852,3.6805694,10.102,0.673,65.791,0.042,-0.529,1673682021392.4128,6,low D/E 1; margin 66%
BIL,BHARTIYA INTERNATIONAL,Consumer Cyclical,834.5499877929688,14.841837980309311,38.629566078566235,43.6252,2.2670658,2.8729999999999998,111.216,1.7659999999999998,2.13,0.332,11191658332.298698,6,earnings +213%; rev +33%
MOTHERSON,SAMVRDHNA MTHRSN INTL LTD,Consumer Cyclical,169.5800018310547,2.1296256423032416,86.14709623648075,40.764423,4.358039,10.113999999999999,43.908,3.3570003,1.042,0.166,1785886165843.26,6,low D/E 44; earnings +104%; rev +17%
ASTRAMICRO,ASTRA MICROWAVE LTD,Technology,1684.199951171875,14.071431062659439,97.90833738799941,84.63316,12.166349,15.994,21.883,16.587,-0.246,-0.115,159906377188.0133,6,low D/E 22; margin 17%
HIKAL,HIKAL LIMITED,Healthcare,212.2599945068359,24.916878195466655,45.1350389790331,58.81,2.1791935,-4.05,57.040373707040374,6.15,0.683,0.373,26171815258.68879,6,25% below 52w high; earnings +68%; rev +37%
SHRIRAMFIN,SHRIRAM FINANCE LIMITED,Financial Services,1128.199951171875,2.2102800623418837,99.15268334896294,19.922302,3.2203095,18.495001,276.215,50.009996,0.295,0.428,2654635704116.2344,6,ROE 18%; margin 50%; earnings +30%; rev +43%
SHADOWFAX,SHADOWFAX TECHNOLOGIES L,Industrials,258.0,3.964263591454987,161.796034511029,89.27335,8.689795,9.2889994,14.161,3.5700000000000003,6.333,0.649,151332798464.0,6,low D/E 14; earnings +633%; rev +65%
PCBL,PCBL CHEMICAL LIMITED,Basic Materials,319.8500061035156,24.909027600155625,41.21413073002898,48.462124,3.1504245,5.125,124.132,3.0269999,0.589,0.17,125849012577.50508,6,25% below 52w high; earnings +59%; rev +17%
LANDMARK,LANDMARK CARS LIMITED,Consumer Cyclical,509.2000122070313,23.174408330543862,49.985276055090225,46.84453,3.6078165,6.664000000000001,173.699,0.8750000000000001,1.102,0.227,21113934330.16349,6,23% below 52w high; earnings +110%; rev +23%
SIS,SIS LIMITED,Industrials,413.2000122070313,14.086703041986018,60.746948776293166,39.807323,2.293415,5.5649999999999995,70.299,0.86,0.115,0.297,58363274940.20691,6,rev +30%
STOVEKRAFT,STOVE KRAFT LIMITED,Consumer Cyclical,775.9500122070312,8.690277317811528,73.57119637510827,52.857628,5.0882635,8.613,23.223,2.781,0.635,0.413,25689624980.14208,6,low D/E 23; earnings +64%; rev +41%
EPL,EPL LIMITED,Consumer Cyclical,270.1000061035156,1.0622688265510531,53.11792259018818,22.340778,3.0204082,15.076999999999998,33.579,7.684,-0.016,0.253,86512404386.94186,6,low D/E 34; rev +25%
VIYASH,VIYASH SCIENTIFIC LIMITED,Healthcare,265.8500061035156,10.78858855586724,58.29116459313999,55.968422,3.9857574,11.565,15.724,5.9120003,1.625,1.144,116949437052.98288,6,low D/E 16; earnings +162%; rev +114%
MOREPENLAB,MOREPEN LAB. LTD,Healthcare,96.47000122070312,1.0564090044070513,191.8910845617409,37.683594,4.351965,7.859000600000001,16.667,7.204000000000001,4.15,0.341,52861096604.888824,6,low D/E 17; earnings +415%; rev +34%
JUBLINGREA,JUBILANT INGREVIA LIMITED,Basic Materials,720.4000244140625,9.38364472779088,34.07780397933779,37.11489,3.6415105,9.182,25.328,6.637,0.406,0.253,113619005194.50163,6,low D/E 25; earnings +41%; rev +25%
TORNTPOWER,TORRENT POWER LTD,Utilities,1248.699951171875,31.544324988504673,5.109423499316077,27.504404,3.2986307,13.022,70.885,7.9629995,-0.127,0.028,629224284131.3365,6,32% below 52w high
SHANTIGEAR,SHANTHI GEARS LTD,Industrials,386.8999938964844,35.398233741097215,0.7552067438761394,46.55836,6.7448835,18.186000999999997,,12.781,-0.568,-0.144,29690826283.614307,6,35% below 52w high; ROE 18%
PDSL,PDS LIMITED,Industrials,370.1499938964844,11.553167527721774,50.436898722013645,44.65018,2.9639504,10.045999,67.994,0.8659999999999999,0.462,0.148,52279024801.95529,6,earnings +46%; rev +15%
FLUOROCHEM,GUJARAT FLUOROCHEM LTD,Basic Materials,4682.7001953125,5.569777823115735,60.55338539813771,83.91936,6.7212286,7.547,28.94,11.635,0.204,0.24,514394641359.0792,6,low D/E 29; earnings +20%; rev +24%
SALZERELEC,SALZER ELECTRONICS LTD,Industrials,568.5499877929688,40.30971256766732,16.31546685589898,22.981003,1.6963439,9.309000000000001,88.776,2.407,-0.543,0.129,10053519144.146294,6,40% below 52w high; rev +13%
SHRIRAMPPS,SHRIRAM PROPERTIES LTD,Real Estate,77.66999816894531,21.89260231091469,28.23179554280617,14.517756,0.9081236,7.159,42.189,7.303999999999999,-0.463,-0.074,13254726343.522474,6,22% below 52w high; low D/E 42; PE 15
KDDL,KDDL LIMITED,Consumer Cyclical,3942.699951171875,5.120925251549151,98.1256256870289,49.907593,4.4887366,8.123,26.688,4.178,0.437,0.363,48492371367.44921,6,low D/E 27; earnings +44%; rev +36%
INOXWIND,INOX WIND LIMITED,Industrials,73.9000015258789,53.609541675985895,1.6506253480189914,30.53719,1.7321395,6.7540005,20.631,7.826000499999999,-0.383,-0.015,127716780621.0817,6,54% below 52w high; low D/E 21
MAHLOG,MAHINDRA LOGISTIC LIMITED,Industrials,406.6499938964844,9.63333468967014,47.84585055228997,96.13475,5.116768,1.279,46.725,0.522,0.289,0.201,40348818850.39407,6,low D/E 47; earnings +29%; rev +20%
BRIGADE,BRIGADE ENTER. LTD,Real Estate,625.75,21.977526475488567,38.82418191902385,31.683544,29.92158,10.786,84.316,12.536,0.338,-0.08,204096094208.0,6,22% below 52w high; earnings +34%
TFCILTD,TOURISM FINANCE CORP. OF,Financial Services,132.75999450683594,1.6009514463561156,160.31371471928614,39.98795,4.685206,9.754,81.939,67.816,1.0,0.983,61464856080.790054,6,margin 68%; earnings +100%; rev +98%
ALLTIME,ALL TIME PLASTICS LIMITED,Consumer Defensive,208.2100067138672,37.829199609294804,11.940863824659779,36.78622,2.2178314,8.208,14.078,5.589,-0.25,0.023,13639375287.810534,6,38% below 52w high; low D/E 14
PAYTM,ONE 97 COMMUNICATIONS LTD,Technology,1603.5999755859375,3.257722055703565,72.31893591833118,158.30206,6.4151444,3.558,1.073,7.249,0.799,0.277,1028121019099.3364,6,low D/E 1; earnings +80%; rev +28%
SANSERA,SANSERA ENGINEERING LTD,Consumer Cyclical,3900.199951171875,3.469952345324729,214.2028355556692,75.307976,7.8612456,11.1269996,19.023,9.284,0.383,0.333,243386397720.9507,6,low D/E 19; earnings +38%; rev +33%
CYIENTDLM,CYIENT DLM LIMITED,Industrials,730.25,4.517519396498922,175.3582075365526,70.898056,5.7262383,7.4719999999999995,17.021,6.0510002,1.181,0.343,57955852288.0,6,low D/E 17; earnings +118%; rev +34%
FORTIS,FORTIS HEALTHCARE LTD,Healthcare,916.7999877929688,16.979086547549276,19.561815647876493,66.19495,6.9945216,11.006,34.15,11.023,0.023,0.175,692145609728.2025,6,low D/E 34; rev +18%
SONACOMS,SONA BLW PRECISION FRGS L,Consumer Cyclical,821.9000244140625,2.6184805196608414,104.30028569551637,73.383934,8.542594,10.6850006,7.213,14.212,0.443,0.524,512775732095.705,6,low D/E 7; earnings +44%; rev +52%
MWL,MANGALAM WORLDWIDE LTD,Basic Materials,41.16999816894531,6.304052217425249,125.46548550326271,23.525713,4.0802774,17.683001,160.456,4.157,0.176,0.147,12227766752.164425,6,earnings +18%; rev +15%
BHAGCHEM,BHAGIRADHA CHEM & INDS L,Basic Materials,283.8999938964844,10.413379815582918,66.41265166439753,133.28638,5.2716603,2.633,33.579,4.533,0.3114531690877733,0.576,36813049064.56279,6,low D/E 34; earnings +31%; rev +58%
MIDHANI,MISHRA DHATU NIGAM LTD,Basic Materials,420.5,7.9062649191755385,57.69735969438702,58.484005,5.139896,8.921999999999999,26.557,10.564,0.275,0.405,78776467456.0,6,low D/E 27; earnings +28%; rev +40%
MADRASFERT,MADRAS FERTILISERS LTD,Basic Materials,65.04000091552734,32.52411938233485,23.744290746115137,13.034069,11.364669,269.54901,689.616,2.905,-0.215,0.211,10478028947.492647,6,33% below 52w high; ROE 270%; rev +21%; PE 13
AMBUJACEM,AMBUJA CEMENTS LTD,Basic Materials,411.0,31.591210327782566,4.314720812182741,23.02521,1.7118224,8.302,1.205,11.128,-0.275,-0.077,1021259874304.0,6,32% below 52w high; low D/E 1
AKUMS,AKUMS DRUGS AND PHARMA L,Healthcare,752.9000244140625,2.8516097530241935,83.94821570209596,39.501575,3.4789803,8.019,5.756,6.4770006,0.573,0.139,115270553241.84354,6,low D/E 6; earnings +57%; rev +14%
PRECAM,PRECISION CAMSHAFTS LTD.,Consumer Cyclical,130.67999267578125,50.122140200083486,25.678003901571568,30.320185,1.4854556,6.295000000000001,13.008,5.3379997999999995,-0.29,-0.089,12412747080.30303,6,50% below 52w high; low D/E 13
INDIACEM,THE INDIA CEMENTS LIMITED,Basic Materials,370.6499938964844,23.703169368039855,8.266390328151987,125.21959,1.134534,1.32,12.888,2.0650001000000002,,-0.005,172294878442.80994,6,24% below 52w high; low D/E 13
RATEGAIN,RATEGAIN TRAVEL TECHN LTD,Technology,943.75,10.119047619047619,115.96109839816933,46.104057,5.5564713,10.5399996,47.296,10.3769995,1.015,1.876,111735644160.0,6,low D/E 47; earnings +101%; rev +188%
SAKAR,SAKAR HEALTHCARE LIMITED,Healthcare,884.6500244140625,9.729589345503827,184.45338405596866,64.71471,6.060243,9.995999999999999,21.739,13.272998999999999,1.19,0.384,19417989655.88651,6,low D/E 22; earnings +119%; rev +38%
KRSNAA,KRSNAA DIAGNOSTICS LTD,Healthcare,550.0,38.506262859248594,6.796116504854369,18.524755,1.8198965,10.888,54.501,11.584999999999999,-0.194,0.221,17841268736.0,6,39% below 52w high; rev +22%
ASIANENE,ASIAN ENERGY SERVICES LTD,Energy,484.8999938964844,1.040817572146046,110.82608430281928,38.514694,4.3921304,11.6000004,32.051,6.079,1.024,1.351,23561957079.421787,6,low D/E 32; earnings +102%; rev +135%
COROMANDEL,COROMANDEL INTERNTL. LTD,Basic Materials,2004.800048828125,19.807998046875,17.48022553929827,32.252254,4.701457,15.587000000000002,11.469,5.619,-0.245,0.159,590406891563.7191,6,low D/E 11; rev +16%
PASHUPATI,PASHUPATI COTSPIN LIMITED,Consumer Cyclical,86.7300033569336,26.71735997031015,30.617471933537864,1495.0,8.017194,6.525,60.103,2.238,2.651,0.097,13689464337.85842,6,27% below 52w high; earnings +265%
WINDLAS,WINDLAS BIOTECH LIMITED,Healthcare,988.2000122070312,6.455888927573504,41.6977312321277,31.703562,3.8838234,12.2320004,6.067,7.053,-0.002,0.181,20392720635.90708,6,low D/E 6; rev +18%
FOSECOIND,FOSECO INDIA LTD,Basic Materials,5506.0,19.57347356120362,28.046511627906977,42.675552,4.0048237,13.254,0.2680423394182624,12.838,-0.011,0.012,41706004480.0,6,low D/E 0
RELAXO,RELAXO FOOT LTD.,Consumer Cyclical,374.1000061035156,28.87832583583353,58.181820762585886,50.147453,4.218301,8.33,10.545,6.732,0.128,0.077,93127927279.40056,6,29% below 52w high; low D/E 11
MOTILALOFS,MOTILAL OSWAL FIN LTD,Financial Services,973.4000244140624,11.27517582030841,58.30216063848983,30.211048,4.5456667,15.55,165.8,22.963,0.087,0.239,586129619308.8475,6,margin 23%; rev +24%
360ONE,360 ONE WAM LIMITED,Financial Services,1203.0,2.6856457274895202,32.77413125189335,39.966778,4.96015,13.52,161.977,26.455997999999997,0.128,0.299,489487695872.0,6,margin 26%; rev +30%
PREMEXPLN,PREMIER EXPLOSIVES LTD,Basic Materials,663.5499877929688,20.03494847501475,75.35676493020516,106.50883,12.379895,17.044999999999998,11.133,9.6149996,-0.8,-0.278,35688467823.455284,6,20% below 52w high; low D/E 11
ANUP,THE ANUP ENGINEERING LTD,Industrials,1811.800048828125,29.666147172821233,27.385220180574454,42.903152,5.252188,16.945,17.66,10.967,-0.979,-0.285,36293010386.09891,6,30% below 52w high; low D/E 18
JSWCEMENT,JSW CEMENT LIMITED,Basic Materials,125.12999725341795,22.83071109253311,17.327703200318126,22.225576,2.562144,-17.950001,68.39,10.869,6.957,0.199,168968663427.16678,6,23% below 52w high; earnings +696%; rev +20%
THERMAX,THERMAX LTD,Industrials,4034.0,23.56663478563196,47.081345820434734,76.50294,8.1898155,13.691,42.166,5.473999999999999,-0.834,0.071,454424756224.0,6,24% below 52w high; low D/E 42
SUMEETINDS,SUMEET IND LIMITED,Consumer Cyclical,13.380000114440918,66.96296268039279,9.31372846928257,43.16129,3.1586401,13.763,75.265,1.907,-0.99,0.096,7042238012.233195,6,67% below 52w high
ANTHEM,ANTHEM BIOSCIENCES LTD,Healthcare,874.5,3.263274336283186,50.99714463186786,86.2426,16.145111,21.708,1.772,28.691998,-0.128,-0.226,491218763776.0,6,ROE 22%; low D/E 2; margin 29%
JTEKTINDIA,JTEKT INDIA LIMITED,Consumer Cyclical,129.27000427246094,31.421748396572447,10.477738579951977,48.965908,3.0240011,7.445,28.653,2.566,-0.488,0.268,35859100833.167496,6,31% below 52w high; low D/E 29; rev +27%
EMSLIMITED,EMS LIMITED,Industrials,405.0,31.800957034578264,58.17223952670756,32.980457,2.1309285,8.956,14.575,10.464,-0.591,-0.342,22489976832.0,6,32% below 52w high; low D/E 15
TRUALT,TRUALT BIOENERGY LIMITED,Energy,462.6000061035156,14.649445368355051,49.1295899094842,26.709007,2.6067994,8.254,104.636,7.236,8.955,1.063,39669150219.39229,6,earnings +896%; rev +106%
BLISSGVS,BLISS GVS PHARMA LTD,Healthcare,580.1500244140625,3.70154989478287,391.65256306276484,45.970684,5.144907,11.5959994,1.766,13.547999999999998,0.151,0.376,61655575074.610016,6,low D/E 2; earnings +15%; rev +38%
WOCKPHARMA,WOCKHARDT LIMITED,Healthcare,1830.5999755859375,24.427199823095563,68.45496069194223,72.64285,6.0131063,4.005,42.284,11.196,,0.259,297458167936.90594,6,24% below 52w high; low D/E 42; rev +26%
MEDANTA,GLOBAL HEALTH LIMITED,Healthcare,1408.199951171875,5.55332319437458,47.30125012258107,69.47212,9.548996,15.032,29.869,11.875,-0.002,0.265,378409864382.96265,6,low D/E 30; rev +26%
SIGMAADV,SIGMA ADVANCED SYSTEM LTD,Industrials,664.4500122070312,7.9071362152416835,472.90049402926553,70.16367,24.994358,87.583,70.808,19.245,-0.891,773.436,117102479463.36368,6,ROE 88%; margin 19%; rev +77344%
MUTHOOTMF,MUTHOOT MICROFIN LIMITED,Financial Services,213.2100067138672,18.860594577726335,50.998591587803475,14.583447,1.253174,6.2069997,341.252,20.950001,12.417,0.483,35769533542.36316,6,margin 21%; earnings +1242%; rev +48%; PE 15
ATGL,ADANI TOTAL GAS LIMITED,Utilities,657.6500244140625,23.515724476713228,42.10242907531342,113.78027,14.867859,14.456000999999999,58.65,10.083999500000001,-0.14,0.272,723290122466.8319,6,24% below 52w high; rev +27%
HATHWAY,HATHWAY CABLE & DATACOM,Communication Services,10.539999961853027,30.88524615178343,20.319631124009664,25.09524,0.44574136,1.3299999999999998,0.212,3.469,-0.222,0.065,18656901052.475876,6,31% below 52w high; low D/E 0
SETL,STANDARD ENGNG TCNLGY LTD,Industrials,304.95001220703125,3.37452271562733,191.65074533991083,71.41686,7.731018,10.995000000000001,10.365,10.077,0.257,0.431,61578987936.98312,6,low D/E 10; earnings +26%; rev +43%
NILKAMAL,NILKAMAL LIMITED,Consumer Cyclical,2043.699951171875,2.912116333877672,94.5454498973703,24.449097,1.9334015,7.5679995,26.499,3.0589999999999997,0.22,0.08,30598880548.93086,6,low D/E 26; earnings +22%
GATEWAY,GATEWAY DISTRIPARKS LTD,Industrials,55.099998474121094,21.843973795572914,14.553015014680637,11.244898,1.1934674,10.375,25.362,11.048,-0.183,-0.002,27530374405.604015,6,22% below 52w high; low D/E 25; PE 11
ELECTCAST,ELECTROSTEEL CASTINGS LTD,Industrials,71.88999938964844,33.86992917386872,19.517867940067333,36.866665,0.75027657,2.7590000999999997,26.35,2.086,-0.458,-0.085,44441288326.69008,6,34% below 52w high; low D/E 26
ELPROINTL,ELPRO INTERNATIONAL LTD,Consumer Discretionary,176.44000244140625,2.460056920369939,72.98039455039829,34.12766,1.4717929,1.72,59.54004228533887,9.21,0.3216353658684157,0.3534196144717372,29902899613.76743,6,earnings +32%; rev +35%
HEROMOTOCO,HERO MOTOCORP LIMITED,Consumer Cyclical,5740.5,10.143226109415355,22.88344214920261,21.078432,5.314909,28.027,3.57,10.724,-0.172,0.349,1148910567424.0,6,ROE 28%; low D/E 4; rev +35%
LENSKART,LENSKART SOLUTIONS LTD,Healthcare,654.7999877929688,0.471201779306012,83.88092574270367,173.687,13.011425,6.6539995,34.983,6.802999999999999,2.581,0.433,1133746957680.2566,6,low D/E 35; earnings +258%; rev +43%
SHREECEM,SHREE CEMENT LIMITED,Basic Materials,24300.0,22.177742193755005,7.760532150776053,53.67556,9.515288,7.41,38.149,14.530000000000001,0.034,0.052,876762169344.0,6,22% below 52w high; low D/E 38
SGMART,SG MART LIMITED,Industrials,805.2000122070312,2.281551916622421,157.17023203788116,81.49798,6.357177,7.920000000000001,16.781,1.9189999999999998,0.346,0.144,101483546114.51564,6,low D/E 17; earnings +35%; rev +14%
CYIENT,CYIENT LIMITED,Industrials,903.0499877929688,29.70732294577995,20.35852358858741,26.497944,1.7558272,7.765999399999999,7.528,4.955,-0.324,0.213,93998881545.3646,6,30% below 52w high; low D/E 8; rev +21%
STARHEALTH,STAR HEALTH & AL INS CO L,Financial Services,575.5,7.905268440400916,38.15868848039236,50.660213,3.3390965,7.507,6.2241598046408395,3.6189999999999998,1.096,14.078,338626215936.0,6,low D/E 6; earnings +110%; rev +1408%
WEL,WONDER ELECTRICALS LTD,Consumer Cyclical,136.0399932861328,25.875881768120614,81.36247088629844,149.49449,20.374418,8.762,107.754,1.633,2.75,0.509,18230447228.288097,6,26% below 52w high; earnings +275%; rev +51%
CGCL,CAPRI GLOBAL CAPITAL LTD,Financial Services,225.11000061035156,14.901900862228587,48.98080179833557,19.174618,3.0127947,16.496,334.728,34.958,0.794,0.858,216590484043.25217,6,margin 35%; earnings +79%; rev +86%
ANANTRAJ,ANANT RAJ LIMITED,Real Estate,633.8499755859375,14.765016502842016,57.28287235383065,38.91037,3.9405787,11.175,11.703,22.770001,0.134,0.066,228107967917.94272,6,low D/E 12; margin 23%
INDORAMA,INDO RAMA SYNTHETICS LTD,Consumer Cyclical,61.290000915527344,18.279998779296875,111.34483074319775,9.93355,3.0775797,33.855000000000004,219.556,3.55,0.208,-0.283,16003625199.056229,6,ROE 34%; earnings +21%; PE 10
JYOTISTRUC,JYOTI STRUCTURES LTD,Industrials,10.6899995803833,38.63375698298179,34.63475445018484,19.796295,2.6886315,10.8059995,439.045,7.603,0.74,0.61,12760223243.120396,6,39% below 52w high; earnings +74%; rev +61%
JBCHEPHARM,J B CHEMICALS AND PHARMA,Healthcare,2408.89990234375,4.616911409869333,47.01860862641135,54.221275,9.3268795,18.688999,0.086,17.105,-0.31,-0.048,386769862914.237,6,ROE 19%; low D/E 0; margin 17%
LTF,L&T FINANCE LIMITED,Financial Services,314.75,7.043711067218434,46.647715994719746,24.822556,2.8081117,13.750000000000002,393.442,33.076,0.282,0.293,788777861120.0,6,margin 33%; earnings +28%; rev +29%
BANARISUG,BANNARI AMMAN SUGARS LTD,Consumer Defensive,4240.7001953125,2.242964607826187,36.56770133955777,35.95947,2.7796023,8.012,0.484,7.7170000000000005,0.182,-0.428,53177108881.16019,6,low D/E 0; earnings +18%
NORTHARC,NORTHERN ARC CAPITAL LTD,Financial Services,292.6000061035156,12.395207753438434,42.03883791432798,10.913838,1.2135842,10.9960005,314.96,36.551997,0.402,0.439,47295869914.572365,6,margin 37%; earnings +40%; rev +44%; PE 11
AYMSYNTEX,AYM SYNTEX LIMITED,Consumer Cyclical,262.5,6.656710454250925,85.47304618390113,81.7757,2.6142554,1.123,31.914,1.351,3.157,0.075,15417699328.0,6,low D/E 32; earnings +316%
GREENPLY,GREENPLY INDUSTRIES LTD,Basic Materials,287.1499938964844,14.129784946894027,62.76499086090034,36.256313,3.97566,10.536,57.505,3.4450000000000003,0.32,0.207,35865619717.658455,6,earnings +32%; rev +21%
EKC,EVEREST KANTO CYLINDERLTD,Industrials,112.8000030517578,27.01391082212933,24.98615296593662,10.098478,0.9042737,11.256,19.067,8.762,-0.417,-0.105,12657027414.430683,6,27% below 52w high; low D/E 19; PE 10
SWANCORP,SWAN CORP LIMITED,Industrials,305.54998779296875,39.61462691838562,3.3485520381747915,43.463722,1.3582535,2.9949998,24.561,5.3590003,-0.6370635360908139,-0.164,95776747789.622,6,40% below 52w high; low D/E 25
UBL,UNITED BREWERIES LTD,Consumer Defensive,1338.5,30.755302638385928,4.898119122257053,89.832214,7.824923,9.292,29.076,4.19,-0.095,0.071,353906294784.0,6,31% below 52w high; low D/E 29
POLICYBZR,PB FINTECH LIMITED,Financial Services,1779.5999755859375,9.848025552890704,30.469206421256416,108.5122,11.247986,9.7440004,4.922,10.2019995,0.923,0.401,822249968623.6772,6,low D/E 5; earnings +92%; rev +40%
NHPC,NHPC LTD,Utilities,76.3499984741211,14.425019693449187,6.604294255999306,27.967031,1.8554522,9.020999999999999,113.111,31.094998,0.028,0.185,766938367008.4939,6,margin 31%; rev +18%
BOSCHLTD,BOSCH LIMITED,Consumer Cyclical,48750.0,0.7734581721962142,70.39496679482698,60.968746,9.685387,19.353001,0.8,11.328000000000001,-0.367,0.22,1437934813184.0,6,ROE 19%; low D/E 1; rev +22%
UTLSOLAR,FUJIYAMA POWER SYSTEMS L,Technology,477.5,3.388973191704603,177.61627906976744,49.843426,11.137026,36.418,40.802,8.649999999999999,-0.217,1.253,146545590272.0,6,ROE 36%; low D/E 41; rev +125%
COSMOFIRST,COSMO FIRST LIMITED,Consumer Cyclical,938.4500122070312,11.3415198670731,67.34130396477114,14.720784,1.5237992,10.119,103.944,4.167,0.252,0.457,24360431932.87202,6,earnings +25%; rev +46%; PE 15
MBAPL,MADHYA BHARAT AGRO P. LTD,Basic Materials,163.41000366210938,5.461383921359461,118.96021663678324,47.7807,13.024869,27.32081304043153,156.708,8.2399994,0.165,0.016,71595591236.49716,6,ROE 27%; earnings +16%
TASTYBITE,TASTY BITE EATABLES LTD,Consumer Defensive,10104.5,4.168247344461305,57.14618973561431,72.02581,8.1341095,10.807,12.254,5.9439998,0.08,0.291,25928146944.0,5,low D/E 12; rev +29%
GODAVARIB,GODAVARI BIOREFINERIES L,Basic Materials,245.8000030517578,30.36827109015359,8.08196510016608,4916.0,1.5963423,0.449,67.331,0.011000000000000001,-0.265,0.046,12579054748.17668,5,30% below 52w high
GOCOLORS,GO FASHION INDIA LTD,Consumer Cyclical,330.1499938964844,56.61059491347511,39.274410312662596,33.11434,2.5681016,8.529,77.141,6.372999999999999,-0.238,0.0,17364563646.979595,5,57% below 52w high
AWHCL,ANTONY WASTE HDG CELL LTD,Industrials,381.1499938964844,38.12500099083046,2.3221460124790267,18.493448,1.4635522,10.58,50.103,5.4770004,-0.957,0.055,10813865810.833006,5,38% below 52w high
SULA,SULA VINEYARDS LIMITED,Consumer Defensive,145.2100067138672,51.074793569345545,4.769119999471557,49.39116,2.0876105,4.3709997000000005,56.679,4.4299997,-0.435,0.03,12262583862.967531,5,51% below 52w high
SHREDIGCEM,SHREE DIGVIJAY CEM CO LTD,Basic Materials,70.20999908447266,34.8096554559665,30.25973487359339,57.54918,2.8384879,6.845,140.51,2.022,-0.505,0.721,10385060728.580442,5,35% below 52w high; rev +72%
SALASAR,SALASAR TECHNO ENGG. LTD.,Basic Materials,6.010000228881836,45.31391852549278,7.513417975480846,75.12501,1.2599581,2.1760002,50.613,0.914,-0.4,-0.015,10505182608.074108,5,45% below 52w high
BHARATWIRE,BHARAT WIRE ROPES LTD.,Basic Materials,187.7599945068359,28.335879959222936,26.856294490413006,25.89793,1.5885209,9.365,9.237,11.924999999999999,-0.395,-0.08,12914692742.163786,5,28% below 52w high; low D/E 9
LGHL,LAXMI GOLDORNA HOUSE LTD,Consumer Cyclical,174.14999389648438,56.417103784024306,3.660710652669271,420.19,12.351063,6.468,153.423,4.202999999999999,0.1137679282776789,-0.045,8723618510.259295,5,56% below 52w high
BLKASHYAP,B.L.KASHYAP & SON LTD,Industrials,53.97999954223633,28.408490119580133,33.878968131950685,1799.3334,2.2911716,0.29499999,56.784,0.05,-0.083,0.026,12171539352.782354,5,28% below 52w high
ORIENTHOT,ORIENT HOTELS LTD,Consumer Cyclical,137.2899932861328,8.16722857114862,71.61249160766602,36.80697,3.2175584,18.5,17.136,13.386999999999999,-0.189,0.036,24519879504.908863,5,ROE 18%; low D/E 17
SWELECTES,SWELECT ENERGY SYS LTD,Technology,608.7999877929688,37.68679756469101,26.01945355026945,22.154293,1.001871,6.288,83.572,6.8280004000000005,-0.667,-0.262,9458461506.348658,5,38% below 52w high
SBC,SBC EXPORTS LIMITED,Industrials,39.86000061035156,11.422220865885418,156.33440592561084,58.61765,24.026522,37.219003,283.225,7.1419999999999995,1.857,0.663,18980933922.64331,5,ROE 37%; earnings +186%; rev +66%
RIIL,RELIANCE INDUSTRIAL INFRA,Industrials,737.7999877929688,23.536120932217884,19.5108150919922,91.65217,2.3508196,2.41,,29.159000000000002,-0.083,-0.307,11140779847.673828,5,24% below 52w high; margin 29%
GSPCROP,GSP CROP SCIENCE LIMITED,Basic Materials,590.5,2.8463290787135618,80.03048780487805,27.300047,3.0789685,15.498999999999999,34.017,6.604,-0.058,0.024,27469322240.0,5,low D/E 34
NELCO,NELCO LTD,Technology,912.0,18.571428571428573,82.36352506886898,556.0976,16.153315,7.3999999999999995,56.54,1.238,0.291,0.067,20810381312.0,5,earnings +29%
RELIANCE,RELIANCE INDUSTRIES LTD,Energy,1313.199951171875,18.525877193846103,5.072803637925676,23.794165,1.9657358,8.93499109542824,36.653,6.614999500000001,-0.224,0.297,17770841762530.758,5,low D/E 37; rev +30%
HINDOILEXP,HINDUSTAN OIL EXPLORATION,Energy,158.1999969482422,16.141000759825452,34.638295275099736,33.446087,1.5042455,4.638,3.594,8.405999999999999,-0.858,0.452,20920886892.42553,5,low D/E 4; rev +45%
COHANCE,COHANCE LIFESCIENCES LTD,Healthcare,475.5499877929687,54.225625506055984,78.30894864144717,171.6787,4.6607013,3.836,9.928,4.961,-0.968,-0.231,181944151489.62253,5,54% below 52w high; low D/E 10
JUBLPHARMA,JUBILANT PHARMOVA LTD,Healthcare,871.0499877929688,26.48126672053091,10.813561646207601,39.360596,1.9451156,5.962,50.943,4.0900003,-0.45,0.173,137963141234.5629,5,26% below 52w high; rev +17%
AGARWALEYE,DR AGARWALS HEALTH CARE L,Healthcare,503.1000061035156,11.426055263465559,25.46134815549018,107.730194,7.869176,8.3100006,50.3,6.723999999999999,0.495,0.26,159474173838.711,5,earnings +50%; rev +26%
ANURAS,ANUPAM RASAYAN INDIA LTD,Basic Materials,1239.4000244140625,12.40989226755742,18.580183918345096,80.272026,4.2283025,5.763,41.317,7.192,-0.076,0.275,141105498843.53717,5,low D/E 41; rev +28%
JSWHL,JSW HOLDINGS LIMITED,Financial Services,11465.0,49.69284774023694,8.879392212725547,92.84153,0.3854526,0.38,,76.741,-0.51,-0.419,127243591680.0,5,50% below 52w high; margin 77%
PGEL,PG ELECTROPLAST LTD,Technology,602.0499877929688,6.572010399844665,37.91089328319658,83.38643,5.642984,6.69,19.567,3.537,0.137,0.353,172485341782.7257,5,low D/E 20; rev +35%
KEC,KEC INTL. LIMITED,Industrials,424.1000061035156,54.77713674302787,1.459331603711872,20.39923,1.8328125,10.524999,87.306,2.355,-0.417,0.0,112895419992.75584,5,55% below 52w high
CLEANMAX,CLEAN MAX ENVIRO EN SOL L,Utilities,1220.0999755859375,20.56640783945719,67.80360563245974,90.84884,2.7454376,1.9609999,229.641,6.694999999999999,1.282,1.092,143082550480.93436,5,21% below 52w high; earnings +128%; rev +109%
IRCON,IRCON INTERNATIONAL LTD,Industrials,126.54000091552734,33.224273923204564,10.51528464238196,19.260273,1.7902466,9.084,85.833,5.667,-0.434,0.095,119012860765.06786,5,33% below 52w high
AFCONS,AFCONS INFRASTRUCTURE LTD,Industrials,280.20001220703125,41.551936634456,8.143576073512616,72.03085,1.8909563,4.681,66.542,1.286,-0.781,-0.208,103053267337.55888,5,42% below 52w high
JWL,JUPITER WAGONS LIMITED,Industrials,248.1000061035156,33.45849482576252,5.283264387649505,63.615383,3.5839655,5.768,33.365,5.868,-0.725,-0.253,106030598704.46191,5,33% below 52w high; low D/E 33
ARVIND,ARVIND LIMITED,Consumer Cyclical,539.0,10.166666666666666,96.142657912371,34.113922,3.493399,10.657,40.071,4.449,0.059,0.15,141293273088.0,5,low D/E 40; rev +15%
MEDPLUS,MEDPLUS HEALTH SERV LTD,Healthcare,656.2999877929688,35.79534533794889,1.2808623137297455,37.438675,3.9883564,11.8240006,72.133,2.911,-0.218,0.218,157691901066.96634,5,36% below 52w high; rev +22%
JLHL,JUPITER LIFE LINE HOSP L,Healthcare,317.70001220703125,6.558819939108456,34.8472003296313,55.34844,6.7452235,13.389999999999999,37.837,12.043,-0.133,0.182,104151633825.83257,5,low D/E 38; rev +18%
GMRP&UI,GMR POW AND URBAN INFRA L,Energy,98.55999755859376,28.032128693042058,10.741570290554792,12.635897,4.043321,41.511002000000005,549.816,8.1879996,-0.5764886810155694,0.154,76977084557.21893,5,28% below 52w high; ROE 42%; rev +15%; PE 13
TRIVENI,TRIVENI ENGG. & INDS. LTD,Consumer Defensive,300.04998779296875,38.77780370204806,36.35536634025595,23.681925,1.9776561,8.2650006,64.646,4.2740002,-0.15,-0.011,66119914878.02201,5,39% below 52w high
RELIGARE,RELIGARE ENTER. LTD.,Financial Services,231.6499938964844,17.267859322684142,17.88204181565233,154.43333,2.6510644,2.001,12.72,0.55199997,-0.169,0.26,79857563591.91235,5,low D/E 13; rev +26%
YATHARTH,YATHARTH HOSP & TRA C S L,Healthcare,847.8499755859375,7.792281067325993,57.5197353619949,45.412426,4.589771,9.889000000000001,14.614,13.203000000000001,0.119,0.523,81694037711.59875,5,low D/E 15; rev +52%
DYNAMATECH,DYNAMATIC TECHNOLOGIES,Consumer Cyclical,11765.0,8.62135922330097,86.15506329113924,189.1479,10.065888,4.29,80.387,2.533,0.931,0.145,79901327360.0,5,earnings +93%; rev +14%
JKLAKSHMI,JK LAKSHMI CEMENT LTD,Basic Materials,557.9000244140625,43.6350746317896,2.753478565413622,18.715197,1.782468,11.097999999999999,66.59,5.3400002,-0.281,0.094,69260176342.86969,5,44% below 52w high
KALPATARU,KALPATARU LIMITED,Real Estate,288.3500061035156,32.83251472101757,11.7635682571766,49.039116,1.4423847,2.447,224.816,3.366,10.088,0.065,59377640680.84879,5,33% below 52w high; earnings +1009%
INDIAGLYCO,INDIA GLYCOLS LTD,Basic Materials,1101.9000244140625,9.82814857495397,39.041012544361195,30.839632,2.5183234,11.2849995,57.645,7.353999999999999,0.221,0.086,73856796260.39568,5,earnings +22%
ICIL,INDO COUNT INDUSTRIES LTD,Consumer Cyclical,435.1000061035156,6.188008289095554,100.5993630000595,57.024902,3.6587007,5.469,56.992,3.437,0.67,0.259,86173443256.82774,5,earnings +67%; rev +26%
ARVINDFASN,ARVIND FASHIONS LIMITED,Consumer Cyclical,428.2999877929687,26.02763595976361,16.957939245187447,47.273727,6.0564494,15.903,115.111,2.199,-0.234,0.155,57262418335.9567,5,26% below 52w high; rev +16%
HCC,HINDUSTAN CONSTRUCTION CO,Industrials,21.219999313354492,29.266668955485027,55.45787477200898,30.753622,2.6129785,10.915,47.912,4.284000000000001,-0.304,-0.09,55585106169.35415,5,29% below 52w high; low D/E 48
GREENLAM,GREENLAM INDUSTRIES LTD.,Consumer Cyclical,256.20001220703125,8.050099516459099,29.66244089043556,70.38461,5.5431747,4.862,98.417,2.932,25.414,0.182,65368845354.59602,5,earnings +2541%; rev +18%
RTNPOWER,RATTANINDIA POWER LIMITED,Utilities,7.769999980926514,39.7674402271667,3.3244680935384565,37.0,0.897125,1.13699995,80.012,3.753,-0.647,-0.028,41725722521.57336,5,40% below 52w high
PILANIINVS,PILANI INV & IND COR LTD,Financial Services,4309.5,27.934782608695652,5.310103402105199,156.75098,0.30063862,0.19499999999999998,15.067,10.9680004,-0.6846606717112024,-0.231,47715860480.0,5,28% below 52w high; low D/E 15
PAISALO,PAISALO DIGITAL LIMITED,Financial Services,69.94999694824219,9.613648404294228,134.25986442877914,25.252707,3.5223324,14.255,243.153,45.757999999999996,0.288,0.207,63944725786.23839,5,margin 46%; earnings +29%; rev +21%
IONEXCHANG,ION EXCHANGE (INDIA) LTD,Industrials,373.1000061035156,23.230451419029706,19.3156352857751,45.06039,3.303641,11.233,35.976,3.235,-0.916,0.201,45865349870.30789,5,23% below 52w high; low D/E 36; rev +20%
ZYDUSWELL,ZYDUS WELLNESS LIMITED,Consumer Defensive,501.2999877929687,18.068152685157944,36.38960806477781,85.546074,2.7376237,3.4299999999999997,54.974,4.1479997,-0.07,0.669,159493959892.2023,5,rev +67%
CENTURYPLY,CENTURY PLYBOARDS (I) LTD,Basic Materials,772.75,10.040745052386496,24.93936944219887,59.12395,6.5860686,10.7130006,67.105,5.029,0.549,0.335,171684184064.0,5,earnings +55%; rev +34%
UNIVCABLES,UNIVERSAL CABLES LTD,Industrials,1644.199951171875,7.3637991686509086,185.45138041178387,28.589811,3.0167036,8.906,62.258,5.929,1.131,0.575,57046141281.88967,5,earnings +113%; rev +57%
AARTIIND,AARTI INDUSTRIES LTD,Basic Materials,520.0499877929688,3.996681544431666,53.83819156102496,35.61986,3.1567733,7.249,83.392,5.901,2.58,0.425,188635999924.18423,5,earnings +258%; rev +42%
BAJFINANCE,BAJAJ FINANCE LIMITED,Financial Services,1095.0,6.919417096629692,38.97702323519008,33.681946,5.9724774,17.907,314.833,43.495,0.272,0.261,6811899920384.0,5,margin 43%; earnings +27%; rev +26%
LT,LARSEN & TOUBRO LTD.,Industrials,4081.0,8.085585585585587,24.114226416310355,33.886906,5.136758,16.951999,97.64,5.588,0.14,0.081,5614909521920.0,5,
JSWSTEEL,JSW STEEL LIMITED,Basic Materials,1299.699951171875,2.6441984140917603,27.13488865218337,12.827674,3.170665,9.16,95.374,13.065,1.13,0.098,3172539182699.614,5,earnings +113%; PE 13
GRASIM,GRASIM INDUSTRIES LTD,Basic Materials,3300.0,3.257016636145809,31.868131868131865,39.421814,2.1631742,6.287,135.044,3.093,0.513,0.214,2238233968640.0,5,earnings +51%; rev +21%
ADANIENSOL,ADANI ENERGY SOLUTION LTD,Utilities,1548.5,13.44326439351593,107.8802455696049,63.619556,7.315633,9.659999599999999,194.5,9.5769994,1.241,0.424,1893745033216.0,5,earnings +124%; rev +42%
TVSMOTOR,TVS MOTOR COMPANY  LTD,Consumer Cyclical,4390.0,1.899441340782123,36.28461649525714,61.006115,62.43511,31.619000000000003,306.09,5.691,0.671,0.343,2086243139584.0,5,ROE 32%; earnings +67%; rev +34%
TORNTPHARM,TORRENT PHARMACEUTICALS L,Healthcare,5005.0,4.666666666666667,43.79704245168077,79.87552,20.193502,16.986,85.446,13.874,-0.082,0.548,1903741239296.0,5,rev +55%
TMPV,TATA MOTORS PASS VEH LTD,Consumer Cyclical,320.25,56.70542183114542,8.817537643014212,1.41,1.0522909,-1.118,70.364,22.814,-0.803,-0.082,1179446018048.0,5,57% below 52w high; margin 23%; PE 1
TATACAP,TATA CAPITAL LIMITED,Financial Services,366.1499938964844,6.163510394199203,23.699322262325804,28.538582,3.366525,12.005,502.931,39.678000000000004,0.472,0.403,1543942019959.35,5,margin 40%; earnings +47%; rev +40%
JINDALSTEL,JINDAL STEEL LIMITED,Basic Materials,1118.9000244140625,14.33929978253129,18.615502904006572,41.984993,2.2362704,6.771999600000001,43.613,4.818,-0.437,0.259,1138467561737.0205,5,low D/E 44; rev +26%
ASHOKLEY,ASHOK LEYLAND LTD,Industrials,173.8000030517578,19.320395260864593,38.10091788558648,29.358109,7.168193,21.639,344.737,6.021,0.01,0.116,1020875916805.5808,5,ROE 22%; rev +12%
YESBANK,YES BANK LIMITED,Financial Services,22.739999771118164,11.792090126289708,32.20929513047262,18.949999,1.3670794,7.4650005,127.93754327208444,23.185,0.118,0.198,713758270447.9058,5,margin 23%; rev +20%
INDUSINDBK,INDUSIND BANK LIMITED,Financial Services,1008.0,6.480491456889988,41.851960967045656,59.36396,1.1940411,1.362,65.08887677361896,7.6469995,0.717,0.01,785373659136.0,5,earnings +72%
ALKEM,ALKEM LABORATORIES LTD.,Healthcare,5400.0,8.991320468526165,6.403940886699508,29.948423,4.671826,17.557000000000002,14.267,14.306,-0.217,0.109,645650972672.0,5,low D/E 14; rev +11%
JSWINFRA,JSW INFRASTRUCTURE LTD,Industrials,329.8500061035156,7.293418375425234,41.31180219818867,46.523273,6.323084,13.947999999999999,59.002,26.578000000000003,-0.103,0.181,763656156978.6266,5,margin 27%; rev +18%
BDL,BHARAT DYNAMICS LIMITED,Industrials,1317.0,20.37484885126965,21.2707182320442,93.00848,11.374727,10.190000000000001,0.007,17.214,-0.584,-0.73,482762817536.0,5,20% below 52w high; low D/E 0; margin 17%
BALKRISIND,BALKRISHNA IND. LTD,Consumer Cyclical,2378.0,14.306306306306308,20.710659898477157,32.732277,4.1962237,14.52999999999999,35.269,12.33,-0.15,0.069,459708268544.0,5,low D/E 35
M&MFIN,M&M FIN. SERVICES LTD,Financial Services,382.4500122070313,7.843370552522577,51.13614210421746,16.309168,1.9943577,11.856,429.851,30.886999999999997,0.64,0.367,531446350402.6931,5,margin 31%; earnings +64%; rev +37%; PE 16
DALBHARAT,DALMIA BHARAT LIMITED,Basic Materials,1897.0,24.007532632524015,18.193146417445483,38.031273,1.9790453,6.5009999999999994,40.987,6.2030002,-0.521,0.07,356121542656.0,5,24% below 52w high; low D/E 41
SCHNEIDER,SCHNEIDER ELECTRIC INFRA,Industrials,1242.5999755859375,19.728683747678456,117.29475013314918,162.43137,38.317554,31.813000000000002,70.795,6.292000000000001,-0.698,0.048,297110661426.49927,5,ROE 32%
GODIGIT,GO DIGIT GENERAL INS LTD,Financial Services,256.70001220703125,32.69532870608747,5.118761431204448,48.25188,5.064515,11.7089994,7.469,4.828,-0.376,0.086,237318925333.3892,5,33% below 52w high; low D/E 7
KIRLOSENG,KIRLOSKAR OIL ENG LTD,Industrials,2150.10009765625,20.95220229204963,151.23862214594848,57.42789,8.632617,16.819,154.864,6.868,-0.199,0.134,312882280322.9245,5,21% below 52w high; rev +13%
PNBHOUSING,PNB HOUSING FIN LTD.,Financial Services,1175.5,2.609776304888152,61.11568521585582,13.261507,1.5936002,12.7,287.733,61.353,0.043,0.058,306323456000.0,5,margin 61%; PE 13
NIACL,THE NEW INDIA ASSU CO LTD,Financial Services,183.0800018310547,16.018347783919868,56.51876542739611,39.11966,0.78283477,3.421,,1.48599995,0.608,0.015,301715852233.5782,5,earnings +61%
ASAHIINDIA,ASAHI INDIA GLASS LIMITED,Consumer Cyclical,951.5499877929688,11.401304674770135,22.764806833291885,54.939377,6.165324,10.4940005,55.868,8.457,1.532,0.15,242575963096.09583,5,earnings +153%; rev +15%
RBLBANK,RBL BANK LIMITED,Financial Services,392.2999877929687,0.4061960214033814,61.27440402588641,32.448303,1.4478152,5.66,100.4317087054479,9.081999999999999,3.679,0.408,608107410965.7814,5,earnings +368%; rev +41%
CREDITACC,CREDITACCESS GRAMEEN LTD,Financial Services,1534.5,6.089351285189718,37.870619946091644,20.36226,3.134569,16.364999,302.872,39.812002,7.152,1.495,245918253056.0,5,margin 40%; earnings +715%; rev +150%
RAMCOCEM,THE RAMCO CEMENTS LIMITED,Basic Materials,906.9500122070312,25.323177257551976,8.189195444795438,33.28257,2.647867,8.996,47.897,6.9879999999999995,-0.633,0.096,214305377092.42847,5,25% below 52w high; low D/E 48
SYNGENE,SYNGENE INTERNATIONAL LTD,Healthcare,395.5,42.12336077704853,5.396402398401066,72.17153,3.2847474,6.621,9.473,6.138999800000001,-0.194,-0.158,159190007808.0,5,42% below 52w high; low D/E 9
BAJAJHIND,BAJAJ HINDUSTHAN SUGAR LT,Consumer Defensive,23.329999923706055,2.710590621094131,57.10437255488506,11.492611,5.5349936,3.1400003,92.996,2.17,0.23,-0.098,55732711241.74246,5,earnings +23%; PE 11
RKFORGE,RAMKRISHNA FORGINGS LTD,Industrials,745.4000244140625,3.5455439714948125,61.99066267547276,127.636986,4.1010575,2.2689999999999997,74.422,2.408,2.892,0.198,135789539679.51031,5,earnings +289%; rev +20%
WHEELS,WHEELS INDIA LTD,Consumer Cyclical,1483.800048828125,17.931413228532907,110.21464902600565,22.195963,3.4803455,15.9,73.75415282392026,3.1870000000000003,-0.098,0.025,36253705385.01819,5,
JINDWORLD,JINDAL WORLDWIDE LTD,Consumer Cyclical,35.099998474121094,17.21698771001752,96.63864271150813,41.785713,4.1004667,8.457,64.866,3.66,0.882,0.061,35191327238.15082,5,earnings +88%
HGINFRA,H.G.INFRA ENGINEERING LTD,Industrials,513.7000122070312,51.07385722208206,19.60419376182334,17.948986,1.0253698,10.586,153.264,3.841,-0.424,-0.257,33478402843.54584,5,51% below 52w high; PE 18
HARSHA,HARSHA ENGINEERS INT LTD,Industrials,438.0499877929687,6.599149724313712,39.8180673030973,25.797998,2.845275,11.687,26.551,8.997,-0.014,0.252,39881866152.62186,5,low D/E 27; rev +25%
YASHO,YASHO INDUSTRIES LIMITED,Basic Materials,4284.2001953125,14.213051755857029,279.1327606471239,89.55268,11.634103,5.849,125.684,6.140000000000001,8.901,0.549,51655010610.90145,5,earnings +890%; rev +55%
HEIDELBERG,HEIDELBERGCEMENT (I) LTD,Basic Materials,160.22000122070312,28.207195171721715,17.722258659446492,31.292969,2.6400607,9.6829996,1.037,4.9270000000000005,-0.366,0.051,36310868244.64954,5,28% below 52w high; low D/E 1
UFLEX,UFLEX LIMITED,Consumer Cyclical,611.0499877929688,3.7716554656742125,85.16666296756628,13.919133,0.54315263,4.085,124.991,2.105,0.163,0.032,44124826766.51215,5,earnings +16%; PE 14
PARKHOTELS,PARKHOTELS,Consumer Cyclical,116.4000015258789,29.067643390303814,22.397479909060184,37.79221,1.8396182,4.9250003,27.784,9.291001,-0.549,0.036,24836761925.583252,5,29% below 52w high; low D/E 28
SANGAMIND,SANGAM (INDIA) LTD,Consumer Cyclical,578.0499877929688,14.044611480599443,69.24315867443538,23.916012,2.6986713,7.931000000000001,118.739,3.6760002,18.429,0.089,28503653798.071102,5,earnings +1843%
MAITHANALL,MAITHAN ALLOYS LTD,Basic Materials,978.0,19.18023140803332,17.661210976547064,9.797636,0.6863384,11.144,5.704,13.969999999999999,-0.267,-0.147,28471095296.0,5,low D/E 6; PE 10
CAMLINFINE,CAMLIN FINE SCIENCES LTD,Basic Materials,108.37999725341795,53.880852232588104,12.649410960143555,46.83,2.0001106,-3.3619999999999997,71.951,0.32,,0.227,20818888176.404636,5,54% below 52w high; rev +23%
TVSSRICHAK,TVS SRICHAKRA LIMITED,Consumer Cyclical,4922.7001953125,2.520788211633663,75.06046213771337,40.83534,3.1672328,5.988,64.482,2.3740001,1.642,0.303,37693363671.51766,5,earnings +164%; rev +30%
GUFICBIO,GUFIC BIOSCIENCES LTD.,Healthcare,413.7000122070313,7.656247275216225,54.36567619665347,64.53979,6.2390666,10.144,60.866,7.487000000000001,0.708,0.166,41486873800.15167,5,earnings +71%; rev +17%
TTML,TATA TELESERV(MAHARASTRA),Communication Services,37.45000076293945,38.49564602014742,19.955162032691174,197.10527,-0.3665639,1.13,,3.1870000000000003,,0.061,73212044755.49149,4,38% below 52w high
MANAPPURAM,MANAPPURAM FINANCE LTD,Financial Services,349.25,8.465466865771427,42.4638012218235,21.360855,2.0439157,6.968000000000001,360.191,30.516001999999997,2.885,0.801,328063156224.0,4,margin 31%; earnings +288%; rev +80%
PWL,PHYSICSWALLAH LIMITED,Consumer Defensive,121.9499969482422,24.717579595743356,56.90941203402484,1742.1428,7.7704854,-0.7889999999999999,23.018,0.49699999999999994,,0.239,353764760939.15533,4,25% below 52w high; low D/E 23; rev +24%
PVRINOX,PVR INOX LIMITED,Communication Services,1219.5,2.416576166427449,34.394971036888684,42.849613,1.6248798,2.4400001000000002,91.874,6.52,,0.104,119754850304.0,4,rev +10%
SJVN,SJVN LTD,Utilities,65.91000366210938,35.03202992136573,4.585850814587979,37.448868,1.8203663,4.514,226.528,12.770999999999999,-0.017,0.52,259012818999.34003,4,35% below 52w high; rev +52%
AMBER,AMBER ENTERPRISES (I) LTD,Consumer Cyclical,7275.0,18.932471584577666,34.7097490973058,278.73563,5.8561864,5.583,46.566,0.76099997,-0.793,0.127,256573014016.0,4,low D/E 47; rev +13%
KIRLOSIND,KIRLOSKAR INDUSTRIES LTD,Industrials,3714.10009765625,18.81393162055631,50.79578147203614,25.665813,0.6245667,4.326,13.283,2.157,-0.23,0.043,39033631746.32616,4,low D/E 13
VARROC,VARROC ENGINEERING LTD.,Consumer Cyclical,824.25,5.783846030520579,78.4090909090909,63.994564,7.068494,13.456000000000001,50.855,2.0769998000000003,-0.265,0.299,125944848384.0,4,rev +30%
WEWORK,WEWORK INDIA MANAGEMENT L,Real Estate,688.1500244140625,13.38577414549245,63.84524390811011,112.99672,31.021503,24.98011538113025,1854.959,3.254,,0.277,95370890551.55128,4,ROE 25%; rev +28%
ZEEL,ZEE ENTERTAINMENT ENT LTD,Communication Services,108.02999877929688,12.977284267406652,58.867645263671875,52.955883,0.8732237,2.332,2.26,2.5139999,-0.473,0.045,103764908907.49097,4,low D/E 2
RANEHOLDIN,RANE HOLDINGS LIMITED,Consumer Cyclical,1581.0999755859375,16.54262467215954,61.17227070193043,26.70326,1.956497,9.861,71.619,1.3780001,-0.264,0.184,22574642851.42069,4,rev +18%
MAMATA,MAMATA MACHINERY LIMITED,Industrials,405.5,21.262135922330096,36.53198653198653,66.47541,5.3917136,8.450000000000001,4.503,6.460000000000001,-1.0,-0.336,9978463232.0,4,21% below 52w high; low D/E 5
TEXINFRA,TEXMACO INFRA & HOLDG LTD,Real Estate,108.61000061035156,7.9576266013969805,31.648485588304926,150.84721,1.2356367,0.9330000999999999,2.626,53.251000000000005,-0.5,-0.108,13839802445.77502,4,low D/E 3; margin 53%
HCG,HEALTHCARE GLOB. ENT. LTD,Healthcare,730.4500122070312,9.221401846232826,42.30470087243533,465.25476,7.9334655,1.8980000000000001,123.057,0.8669998999999999,1.706,0.134,109057804062.5368,4,earnings +171%; rev +13%
AURUM,AURUM PROPTECH LIMITED,Real Estate,229.8000030517578,13.165058066884969,51.283747389983525,30.396826,2.7975264,-2.928,44.065,10.419,,0.635,17633976554.180264,4,low D/E 44; rev +64%
BEML,BEML LIMITED,Industrials,1962.800048828125,13.751508345463034,44.856092164437264,91.54851,5.5722423,4.858,10.529,3.934,-0.375,0.293,163479654370.84573,4,low D/E 11; rev +29%
FUSION,FUSION FINANCE LIMITED,Financial Services,203.32000732421875,16.329215092914097,48.95238631810898,16.543531,1.338803,0.676,227.507,19.635001,,1.281,32880168096.445873,4,margin 20%; rev +128%; PE 17
FAZE3Q,FAZE THREE LIMITED,Consumer Cyclical,490.7000122070313,24.51349566622683,52.34399345193786,39.19329,2.6382148,7.697,60.909,3.237,-0.246,0.082,12046568747.679716,4,25% below 52w high
SHRIPISTON,SPR AUTO TECHNOLOGIES LTD,Consumer Cyclical,4513.7998046875,1.6387054982022224,81.64184324698189,35.31096,6.85367,19.04461198219712,67.85244513812673,8.016,-0.506,-0.053,198832070244.51947,4,ROE 19%
TEGA,TEGA INDUSTRIES LIMITED,Industrials,1776.5,16.400000000000002,20.604209097080787,467.5,3.948436,5.939,11.693,0.6910000000000001,-0.636,3.84,133464350720.0,4,low D/E 12; rev +384%
MTNL,MAHANAGAR TELEPHONE NIGAM,Communication Services,26.790000915527344,44.4075499502522,26.011291754987703,,-0.056360256,12.26,,0.0,,2.299,16877700672.78223,4,44% below 52w high; rev +230%
UNITECH,UNITECH LTD,Real Estate,3.9700000286102295,49.93694685310018,28.06452099167981,,-0.1106281,52.0,,0.0,,0.01,10386715722.852976,4,50% below 52w high; ROE 52%
ABDL,ALLIED BLEND N DISTILS L,Consumer Defensive,595.4500122070312,16.33412926880536,55.83616924772215,75.46895,10.017328,13.550999999999998,68.251,5.554,-0.129,0.061,166553406806.43042,4,
BOSCH-HCIL,BOSCH HOME COMFRT IND LTD,Consumer Cyclical,1772.0,1.6484404715978007,73.50435926561552,1114.4653,9.646372,-0.501,16.319,0.159,0.482,0.285,48182247424.0,4,low D/E 16; earnings +48%; rev +28%
ALLCARGO,ALLCARGO LOGISTICS LTD,Industrials,10.510000228881836,71.2448688145935,47.81997231393643,52.55,2.8169394,0.373,120.732,1.467,-0.8769230769230769,-0.857,15741652310.814293,4,71% below 52w high
63MOONS,63 MOONS TECHNOLOGIES LTD,Technology,770.7999877929688,23.508982985443446,65.05353057665285,22.14,1.0004724,-1.52,0.149,-20.482,1.043,3.505,35517332941.51791,4,24% below 52w high; low D/E 0; earnings +104%; rev +350%
LMW,LMW LIMITED,Industrials,19570.0,2.8832316014093595,64.1778523489933,119.89952,7.2933836,4.6329997,,5.177,3.839,0.24,209066311680.0,4,earnings +384%; rev +24%
LLOYDSENT,LLOYDS ENTERPRISES LTD,Basic Materials,78.55000305175781,7.260913952857005,93.04498821043818,140.26787,2.833592,9.7440004,14.694,5.647,-0.626,0.702,119910666802.6671,4,low D/E 15; rev +70%
EDELWEISS,EDELWEISS FIN SERV LTD,Financial Services,126.62000274658205,5.436886842228206,35.42246283056903,16.995974,2.592388,11.472999,319.986,8.392999,0.273,0.23,119849839143.7268,4,earnings +27%; rev +23%; PE 17
IFCI,IFCI LTD,Financial Services,81.76000213623047,14.655532847887226,76.85486252608216,123.878784,2.4168615,5.01,39.38782081382401,0.0,0.0574719363891487,0.1312397089660413,220287145595.6764,4,low D/E 39; rev +13%
DELHIVERY,DELHIVERY LIMITED,Industrials,450.1000061035156,14.103052270321445,20.202962059100656,368.93442,3.4679365,1.5959999999999999,15.098,0.839,-0.65,0.278,337200026076.5519,4,low D/E 15; rev +28%
EXCELINDUS,EXCEL INDUSTRIES LTD,Basic Materials,1114.5,17.37099943254683,39.30379563837983,19.628391,0.82257354,4.5969999999999995,0.463,6.616,-0.127,-0.051,14010036224.0,4,low D/E 0
POONAWALLA,POONAWALLA FINCORP LTD,Financial Services,494.0499877929687,13.385349465846112,36.78016918498633,52.17001,3.8575351,9.82,468.058,22.666,3.37,1.003,432630748734.5209,4,margin 23%; earnings +337%; rev +100%
CONCOR,CONTAINER CORP OF IND LTD,Industrials,519.0,8.915406964070772,23.14627713073802,31.723715,3.0541627,9.755999599999999,7.39,13.670999,0.006,0.003,395279695872.0,4,low D/E 7
MANGLMCEM,MANGALAM CEMENT LTD,Basic Materials,981.8499755859376,4.064686709161762,44.527859111070796,23.545563,2.762553,14.099,90.914,6.514,-0.44,0.008,26998220128.679276,4,
MMFL,MM FORGINGS LTD,Industrials,638.9500122070312,7.1226105284600205,121.78063126366392,31.229229,3.1633382,10.556000000000001,126.624,6.2059999999999995,0.304,0.159,30849530445.375027,4,earnings +30%; rev +16%
ROSSTECH,ROSSELL TECHSYS LIMITED,Industrials,1076.5999755859375,8.13993382372547,95.071557883864,158.32352,26.145027,15.179,264.369,4.659,1.172,0.771,40738827364.16543,4,earnings +117%; rev +77%
ADANIGREEN,ADANI GREEN ENERGY LTD,Utilities,1301.800048828125,20.208394187672386,70.16994102328431,124.3362,11.116045,7.576,346.548,13.095,0.185,0.166,2144294091308.5264,4,20% below 52w high; earnings +18%; rev +17%
MOSCHIP,MOSCHIP TECHNOLOGIES LTD,Technology,206.30999755859375,28.476342926788494,40.53814255429837,149.5,9.785145,9.558,21.561,4.723999999999999,-0.778,-0.143,40130362917.110176,4,28% below 52w high; low D/E 22
HLEGLAS,HLE GLASCOAT LIMITED,Industrials,311.79998779296875,52.896747179838364,24.719995117187498,59.50382,4.007867,9.648,56.224,2.612,-0.847,0.059,21655985328.163887,4,53% below 52w high
EMIL,ELECTRONICS MART IND LTD,Consumer Cyclical,191.05999755859375,2.8870630151363383,125.04121805033836,35.71215,4.532536,6.787,122.806,2.622,4.607,0.391,73510100052.67194,4,earnings +461%; rev +39%
MICEL,MIC ELECTRONICS LTD,Technology,35.650001525878906,57.03266120118686,18.95229343563392,,3.9801276,-5.7509999999999994,21.749,-5.466,0.286,2.765,8592062831.75447,4,57% below 52w high; low D/E 22; earnings +29%; rev +276%
HIRECT,HIND RECTIFIER LIMITED,Industrials,1278.4000244140625,8.620441428587384,126.1854205243343,106.444626,21.064774,21.110001,118.871,3.995,-0.267,0.203,43941475143.16606,4,ROE 21%; rev +20%
FINOPB,FINO PAYMENTS BANK LTD,Financial Services,146.16000366210938,56.88495467194413,32.8365039386065,58.23108,1.516214,6.760000400000001,190.67075669701072,1.5890000000000002,-0.705,-0.361,12163202352.7549,4,57% below 52w high
DRREDDY,DR. REDDY S LABORATORIES,Healthcare,1180.0,16.60188143055119,7.1752951861943695,29.7529,2.563512,8.836999500000001,18.605,9.995999999999999,-0.687,-0.056,982940057600.0,4,low D/E 19
BANSALWIRE,BANSAL WIRE INDUSTRIES L,Basic Materials,322.75,15.110470900181848,45.056179775280896,35.584347,3.5310657,11.923,38.769,3.238,-0.478,0.244,50528432128.0,4,low D/E 39; rev +24%
NEOGEN,NEOGEN CHEMICALS LIMITED,Basic Materials,2259.10009765625,9.050276320530635,133.69194880825498,170.24115,7.297141,3.581,170.915,3.846,0.617,0.34,61857946225.99177,4,earnings +62%; rev +34%
GICRE,GENERAL INS CORP OF INDIA,Financial Services,359.79998779296875,13.913152940705736,3.778475663310584,7.110672,0.68558407,9.1079995,,16.819,-0.311,-0.008,631233096791.9844,4,margin 17%; PE 7
GREENPANEL,GREENPANEL INDUSTRIES LTD,Basic Materials,160.25999450683594,51.9892149887575,1.6362265036120598,291.3818,1.4494116,-2.125,27.299,0.43099998000000006,-0.954,0.066,19652265310.387615,4,52% below 52w high; low D/E 27
GODREJPROP,GODREJ PROPERTIES LTD,Real Estate,2020.0,14.1156462585034,40.86471408647141,37.977066,3.1763103,9.969,82.119,30.754998,-0.417,0.165,608477511680.0,4,margin 31%; rev +16%
SANATHAN,SANATHAN TEXTILES LIMITED,Consumer Cyclical,461.25,16.432649732963593,30.813951223979025,63.973648,2.075982,4.204,80.77,1.38,-0.411,0.791,38931369984.0,4,rev +79%
ARIHANTSUP,ARIHANT SUPERSTRUCT LTD,Real Estate,247.8500061035156,46.698923418598795,31.27648416169239,25.18801,2.9545348,11.1269996,194.333,7.1080000000000005,-0.371,0.088,10719510791.977003,4,47% below 52w high
ASTERDM,ASTER DM QUALITY CARE LTD,Healthcare,765.6500244140625,14.097381925252783,47.49567721513183,124.29384,8.62267,10.067,45.921,6.535999500000001,-0.814,0.216,667396035361.0658,4,low D/E 46; rev +22%
PIRAMALFIN,PIRAMAL FINANCE LIMITED,Financial Services,2128.10009765625,4.139635240709459,68.89683314732142,28.572771,1.7091087,5.448,285.784,32.564,505.75,0.304,480961123894.7944,4,margin 33%; earnings +50575%; rev +30%
WELENT,WELSPUN ENTERPRISES LTD.,Industrials,584.6500244140625,7.9146319212028375,41.905345731568566,23.785599,2.5730684,13.603000000000002,60.918,8.623999,-0.5,-0.084,79286619374.88412,4,
TATACOMM,TATA COMMUNICATIONS LTD,Communication Services,1677.5,20.497630331753555,26.84310018903592,50.527107,13.869482,31.130999999999997,335.854,3.7199999999999998,-0.294,0.105,478115561472.0,4,20% below 52w high; ROE 31%; rev +10%
MAHSCOOTER,MAHARASHTRA SCOOTERS LTD,Financial Services,13138.0,29.129355917574713,20.521053114393176,53.985863,0.5433315,1.0620001000000001,,96.25,-0.906,-0.815,150148530176.0,4,29% below 52w high; margin 96%
VHL,VARDHMAN HOLDINGS LIMITED,Financial Services,3510.0,17.894736842105264,22.299651567944252,4.454767,0.29754913,3.91,,1454.8559,-0.183,-0.114,11202291712.0,4,margin 1455%; PE 4
RICOAUTO,RICO AUTO INDUSTRIES LTD,Consumer Cyclical,131.5399932861328,16.741573066263165,66.67510939944908,59.252247,2.2976017,6.9110000000000005,92.781,1.13699995,-0.185,0.389,17795386483.714554,4,rev +39%
RAYMOND,RAYMOND LTD,Industrials,656.6500244140625,3.291601706323638,105.20313262939453,99.19185,1.536613,1.472,34.127,1.609,-0.996,0.155,43700999768.79083,4,low D/E 34; rev +16%
FACT,FACT LTD,Basic Materials,772.9500122070312,26.983749288374803,18.53243998552603,,36.489166,33.75,295.147,7.693999999999999,-0.954,0.409,500154310362.8281,4,27% below 52w high; ROE 34%; rev +41%
TATAPOWER,TATA POWER CO LTD,Utilities,375.25,19.28371586867477,9.562043795620438,31.038048,3.037404,11.336,168.051,6.0890004,0.109,0.056,1199051112448.0,3,
MUFIN,MUFIN GREEN FINANCE LTD,Financial Services,139.50999450683594,0.6763577969681659,68.10458862265017,64.88837,4.27224,6.6979999999999995,243.19,41.074002,2.684,0.49,27645604799.46263,3,margin 41%; earnings +268%; rev +49%
EPACK,EPACK DURABLE LIMITED,Consumer Cyclical,203.05999755859375,50.412699008890414,3.5228161494391945,711.7647,1.7056842,0.34099999999999997,76.95,-0.369,-0.485,0.338,19540154133.067196,3,50% below 52w high; rev +34%
ARKADE,ARKADE DEVELOPERS LIMITED,Real Estate,131.00999450683594,31.61603859761551,41.448920990957966,479.31036,2.755031,0.6,11.23,-0.5349999999999999,-0.335,-0.078,24323787780.11936,3,32% below 52w high; low D/E 11
BAJAJFINSV,BAJAJ FINSERV LTD.,Financial Services,2016.0,8.15489749430524,26.236693800876644,31.908833,4.1366405,14.602,256.404,6.471,0.127,0.193,3226093486080.0,3,rev +19%
JINDALPHOT,JINDAL PHOTO LIMITED,Financial Services,1049.4000244140625,35.08598043658222,28.60294416839001,295.35,1.053605,2.00999999999999,6.343082632408667,0.0,-0.995,-0.964,10806161659.40299,3,35% below 52w high; low D/E 6
KICL,KALYANI INVEST CO LTD,Financial Services,5258.0,19.785197663812294,31.089503864372976,56.561962,0.20148554,0.366,,51.94800000000001,-0.248,0.029,22952779776.0,3,margin 52%
ORISSAMINE,ORISSA MIN DEV CO LTD,Basic Materials,4651.5,24.229095212578404,50.024189646831154,,-51.07273,23.23,,-3.09,-15.268348054343583,3.315,27908999168.0,3,24% below 52w high; ROE 23%; rev +332%
TARSONS,TARSONS PRODUCTS LIMITED,Healthcare,337.29998779296875,10.053336588541667,105.10793192603593,161.38756,2.8126144,2.2650002,61.913,2.5139999,-0.589,0.207,17946477942.509266,3,rev +21%
ICEMAKE,ICE MAKE REFRIGERAT LTD,Industrials,726.0499877929688,21.08152306598166,9.957595216648002,94.04793,8.612692,9.4639994,119.455,1.8239999999999998,-0.136,0.419,11456877375.376266,3,21% below 52w high; rev +42%
RELTD,RAVINDRA ENERGY LIMITED,Technology,166.7100067138672,15.13870740461781,45.4805776129829,37.462925,7.0122824,20.363001999999998,366.24,12.514,,-0.34,33100174645.034416,3,ROE 20%
CIPLA,CIPLA LTD,Healthcare,1438.0,14.046622833233712,23.359360061256115,34.517525,3.3735833,11.736,1.778,12.009,-0.392,0.035,1161692839936.0,3,low D/E 2
JINDALSAW,JINDAL SAW LIMITED,Basic Materials,269.75,4.0035587188612105,76.30718954248366,26.342773,1.3670064,4.82,38.19,3.578,-0.754,0.09,171998298112.0,3,low D/E 38
IDFCFIRSTB,IDFC FIRST BANK LIMITED,Financial Services,85.83999633789062,3.2897766201697083,47.796132285920486,33.142857,1.557612,4.44,77.27783905977178,32.775003000000005,-0.232,-0.011,740045456556.151,3,margin 33%
INDOCO,INDOCO REMEDIES LTD.,Healthcare,222.67999267578125,32.96809617905605,37.29575764463533,674.78784,1.9962348,-10.1210006,116.912,0.301,,0.068,20525239644.89963,3,33% below 52w high
GEOJITFSL,GEOJIT FINANCIAL SER L,Financial Services,80.79000091552734,5.38704591521374,58.84781743216124,31.073078,1.8773528,6.585000000000001,9.473,10.743,-0.283,0.049,22550276351.54393,3,low D/E 9
ACMESOLAR,ACME SOLAR HOLDINGS LTD,Utilities,397.3999938964844,2.238623887703721,102.85860453189942,40.96907,4.7558074,10.406,393.194,21.146,0.715,0.468,280680230697.1389,3,margin 21%; earnings +72%; rev +47%
GMRAIRPORT,GMR AIRPORTS LIMITED,Industrials,100.41000366210938,13.17017970245889,19.379387627482362,251.02501,-42.22456,0.3,,3.0720001,,0.237,1060226832140.1256,3,rev +24%
DIAMONDYD,PRATAAP SNACKS LIMITED,Consumer Defensive,1175.0,5.622489959839357,36.80288352553947,243.27122,3.978277,1.398,6.454,0.563,,0.049,28117698560.0,3,low D/E 6
WINDMACHIN,WINDSOR MACHINES LIMITED,Industrials,320.5,7.2224667319098215,59.73087951617201,260.5691,3.7024627,0.105,17.494,1.695,-0.9134261568114732,0.314,33158742016.0,3,low D/E 17; rev +31%
MFSL,MAX FINANCIAL SERV LTD,Financial Services,1575.0,16.77675033025099,9.863283120960562,509.70874,19.761854,1.629,12.673,0.22100000000000003,-0.7433304169171291,-0.402,540928442368.0,3,low D/E 13
ZENTEC,ZEN TECHNOLOGIES LIMITED,Industrials,1909.0999755859375,6.586092812144793,56.09975270530969,95.359634,9.553095,11.828,0.95,26.845000000000002,-0.279,-0.105,171708528492.1471,3,low D/E 1; margin 27%
5PAISA,5PAISA CAPITAL LIMITED,Financial Services,390.8999938964844,6.247755737589983,59.22606676027877,30.02304,1.8835558,7.6499999999999995,58.31,14.893999999999998,-0.293,0.134,18325100257.87174,3,rev +13%
RPOWER,RELIANCE POWER LTD.,Utilities,22.149999618530273,56.44051075084497,9.8165569397466,163.25,0.57114124,-2.08,92.348,-4.1199997,0.472,0.038,91607325142.32858,3,56% below 52w high; earnings +47%
BAJAJELEC,BAJAJ ELECT.LTD,Consumer Cyclical,354.3500061035156,45.80146639346167,17.724254519440407,90.86,2.5648727,-5.28,84.783,0.795,-1.6809531375773283,-0.185,40889430720.301605,3,46% below 52w high
NIBE,NIBE LIMITED,Industrials,1503.5999755859375,18.636364957470914,85.72134645850582,443.5398,6.2739925,0.021,33.611,-1.6039999999999999,1.94,-0.236,23308465797.538746,3,low D/E 34; earnings +194%
PNBGILTS,PNB GILTS LIMITED,Financial Services,79.11000061035156,28.075277619029542,35.00000455680573,13.927817,0.8349781,6.909999999999999,1480.222,37.655,-0.496,-0.481,14240601197.86946,3,28% below 52w high; margin 38%; PE 14
SDBL,SOM DIST & BREW LTD,Consumer Defensive,73.56999969482422,48.82799088229803,19.04530841920363,132.83673,1.947997,1.2890000000000001,27.20676963047572,-3.1260000000000003,-0.9008797440674932,-0.793,15295299520.553556,3,49% below 52w high; low D/E 27
PURVA,PURAVANKARA LIMITED,Real Estate,216.3999938964844,29.049182329021505,34.66923306282988,32.011833,2.8739145,3.232,315.044,1.704,,1.692,51319188056.553246,3,29% below 52w high; rev +169%
FIRSTCRY,BRAINBEES SOLUTIONS LTD,Consumer Cyclical,196.6699981689453,55.169821587300795,1.1989306755998825,98.3,1.9602116,-3.83,29.762,-1.422,,0.131,95455607943.28062,3,55% below 52w high; low D/E 30; rev +13%
NAZARA,NAZARA TECHNOLOGIES LTD,Communication Services,357.5,2.054794520547945,65.73945528881168,15.180468,4.514003,1.974,6.051,-1.286,646.629,-0.14,137528836096.0,3,low D/E 6; earnings +64663%; PE 15
TVSSCS,TVS SUPPLY CHAIN SOL L,Industrials,123.33000183105467,15.8156984088364,36.54783242666695,84.4726,2.6609564,6.0040000000000004,133.606,0.551,-0.704,0.287,54410736423.82481,3,rev +29%
DELTACORP,DELTA CORP LIMITED,Consumer Cyclical,59.52000045776367,39.75708641771674,23.229816558866585,20.219435,0.71283996,3.47,2.175,-23.273,-0.901,-0.085,15937736826.575888,3,40% below 52w high; low D/E 2
KITEX,KITEX GARMENTS LTD,Consumer Cyclical,124.7300033569336,46.39879458843465,1.2829896966933156,415.76666,2.3701663,-1.079,96.813,0.88599995,-0.9574094643872714,-0.446,24883636893.70828,3,46% below 52w high
RPSGVENT,RPSG VENTURES LIMITED,Technology,868.4000244140625,26.344357556059162,57.34734299677186,1831.91,1.1466479,0.037,188.639,-1.09,0.096,0.204,28732238631.773663,3,26% below 52w high; rev +20%
RHIM,RHI MAGNESITA INDIA LTD,Industrials,374.75,27.31063740215048,16.003718978675195,35.24,2.1734843,-10.132,12.595,-8.68,1.216,0.056,77386407936.0,3,27% below 52w high; low D/E 13; earnings +122%
RENUKA,SHREE RENUKA SUGARS LTD,Consumer Defensive,26.1299991607666,22.000002505174322,24.13301713931764,,-2.0929115,272.69,,-8.415000000000001,,0.055,55617431813.70044,3,22% below 52w high; ROE 273%
AXISCADES,AXISCADES TECH LTD,Industrials,1600.5999755859375,27.607418562372793,50.531355410918756,108.22177,9.372017,10.366999,52.834,2.912,-0.986,-0.248,68079098865.58479,3,28% below 52w high
ZOTA,ZOTA HEALTH CARE LIMITED,Healthcare,1076.699951171875,38.1206924613865,4.921068252081988,,5.3769937,-16.046,38.847,-13.725999999999999,,0.677,32659167798.913345,2,38% below 52w high; low D/E 39; rev +68%
NITCO,NITCO LIMITED,Industrials,89.61000061035156,31.06923029972957,40.015625953674316,93.277306,5.583178,9.376000600000001,86.275,-5.5710003,,-0.229,21557129362.829903,2,31% below 52w high
NETWORK18,NETWORK18 MEDIA & INV LTD,Communication Services,30.59000015258789,47.709401448567704,11.723890029993022,,0.9491452,-24.15,65.925,-1.592,,0.103,47245877483.67011,2,48% below 52w high; rev +10%
BLUESTONE,BLUESTONE JEWEL LFSTL LTD,Consumer Cyclical,821.5,11.285097192224622,105.4777451432548,209.56633,6.9449725,0.971,110.033,2.101,,0.496,125483638784.0,2,rev +50%
MAXESTATES,MAX ESTATES LIMITED,Real Estate,499.8500061035156,1.9901948816636028,63.643799681606104,675.47296,3.3760874,0.53899996,76.199,4.217,-0.6933423180592992,0.325,81757930470.32109,2,rev +32%
DIACABS,DIAMOND POWER INFRA LTD,Industrials,353.8999938964844,6.6226929033022754,206.22133324478474,93.37731,-30.865168,-15.989999999999998,,8.712,2.083,1.272,211657339325.66403,2,earnings +208%; rev +127%
ABFRL,ADITYA BIRLA FASHION & RT,Consumer Cyclical,54.75,42.33807081653247,2.3173270741214025,,1.1411005,-12.692999999999998,98.822,-9.308,,0.106,66618552320.0,2,42% below 52w high; rev +11%
ORIENTTECH,ORIENT TECHNOLOGIES LTD,Technology,243.1499938964844,47.90319476904211,10.12227832238187,276.61,3.3081632,1.3719999999999999,18.579,-0.033,-0.484,-0.05,11137707752.422884,2,48% below 52w high; low D/E 19
BALAJITELE,BALAJI TELEFILMS LIMITED.,Communication Services,91.47000122070312,35.274556693978155,31.57365598035585,,1.7621222,-7.782,3.047,-5.5180001999999995,-1.5638933260450412,2.299,11150402708.806507,2,35% below 52w high; low D/E 3; rev +230%
JINDALPOLY,JINDAL POLY FILMS LIMITED,Consumer Cyclical,637.0,37.9414457302325,74.52054794520548,18.7,0.9139601,-29.930001,131.567,-36.562002,0.5355687745028792,-0.525,27891943424.0,2,38% below 52w high; earnings +54%
SWIGGY,SWIGGY LIMITED,Consumer Cyclical,279.0,41.139240506329116,18.345705196182397,,3.9701173,-29.116999999999997,13.929,-15.049999999999999,,0.373,730980483072.0,2,41% below 52w high; low D/E 14; rev +37%
DIGITIDE,DIGITIDE SOLUTIONS LTD,Industrials,96.56999969482422,55.90410972839077,38.15450298534163,816.83,1.7210222,0.607,57.944,-0.76800003,-1.141464132137017,0.053,14399630290.494995,2,56% below 52w high
TATACHEM,TATA CHEMICALS LTD,Basic Materials,634.5,38.19705012308097,9.339998853552961,25.13,0.76225096,-7.678,36.081,-14.319,-9.06808510638298,0.144,161642856448.0,2,38% below 52w high; low D/E 36; rev +14%
PRESTIGE,PRESTIGE ESTATE LTD,Real Estate,1585.5,12.17039425628464,45.45871559633027,60.011356,4.196687,7.752000000000001,105.493,8.725,-0.193,0.159,682922803200.0,2,rev +16%
ABCAPITAL,ADITYA BIRLA CAPITAL LTD.,Financial Services,409.0,5.038312419782431,49.98165811943239,26.489637,3.112491,11.181000000000001,495.936,11.9449995,0.391,0.314,1119451742208.0,2,earnings +39%; rev +31%
CROMPTON,CROMPT GREA CON ELEC LTD,Consumer Cyclical,252.0,25.333333333333336,15.915366639794149,24.99,5.470293,-6.337,5.797,-2.688,0.147,0.118,162266546176.0,2,25% below 52w high; low D/E 6; rev +12%
KOLTEPATIL,KOLTE PATIL DEV. LTD.,Real Estate,465.8999938964844,15.993506237669985,59.418304156196534,79.64103,3.423344,-3.73,98.241,7.9239994,,10.165,41316056546.73965,2,rev +1016%
BHARATFORG,BHARAT FORGE LTD,Consumer Cyclical,2062.0,10.152505446623094,87.36937755565653,140.3676,10.29055,11.603,76.475,4.0260002,-0.179,0.187,985818791936.0,2,rev +19%
DALMIASUG,DALMIA BHARAT SUG IN LTD,Consumer Defensive,508.1000061035156,1.7214688387784092,94.37644145650808,20.234966,1.2799746,7.285,55.74,5.82,-0.821,-0.1,41125261806.01431,2,
SYMPHONY,SYMPHONY LIMITED,Consumer Cyclical,616.1500244140625,36.785675931315254,2.7002269984854896,40.63,7.760565,-21.604,31.64,-12.349,-0.051,0.506,42311886476.54792,2,37% below 52w high; low D/E 32; rev +51%
IDEA,VODAFONE IDEA LIMITED,Communication Services,14.029999732971191,8.539767969922082,117.18265712264059,4.020057,-4.251515,-36.32,,82.27799999999999,,0.061,1520052702973.2896,1,margin 82%; PE 4
TARC,TARC LIMITED,Real Estate,121.73999786376952,34.65378643609161,11.585700794163326,185.62502,3.3468041,1.8079999999999998,178.38,-2.6550000000000002,-0.582,1.861,35925024137.60628,1,35% below 52w high; rev +186%
SMARTWORKS,SMARTWORKS COWORKING SP L,Real Estate,511.2999877929687,17.399032666725574,41.438447522259665,205.93,11.046298,3.2689999999999997,900.425,1.4199998999999999,,0.44,58483038859.74673,1,rev +44%
ALOKINDS,ALOK INDUSTRIES LIMITED,Consumer Cyclical,11.539999961853027,40.330921040303835,3.8703899051639103,,-0.26616234,3.9800000000000004,,-18.826999999999998,,0.065,57298874178.59111,1,40% below 52w high
SWSOLAR,STRLNG & WIL REN ENE LTD,Technology,196.47999572753903,31.42059485949772,32.75675386995881,18.56,7.0617833,-88.93,182.951,-3.893,0.693,-0.097,45886209050.20359,1,31% below 52w high; earnings +69%
MOBIKWIK,ONE MOBIKWIK SYSTEMS LTD,Technology,195.66000366210935,41.41916058020678,29.182619166089967,519.86,2.842367,-11.015,51.207,-1.113,,0.037,15407622432.379831,1,41% below 52w high
MHRIL,MAHINDRA HOLIDAYS LTD,Consumer Cyclical,221.0500030517578,40.07861027132849,6.3251609145409295,84.69349,5.73099,8.972,488.662,1.752,-0.432,0.045,44580655719.46873,1,40% below 52w high
UTKARSHBNK,UTKARSH SMALL FIN BANK L,Financial Services,13.920000076293944,38.37981415551571,37.549409423979746,,0.8895706,-40.033,91.13119212088736,-146.14199000000002,-49.56346490580368,2.347,24770969735.766888,1,38% below 52w high; rev +235%
WESTLIFE,WESTLIFE FOODWORLD LTD,Consumer Cyclical,594.5,23.29032258064516,49.2218898362905,295.77115,14.85433,5.289,291.521,1.1849999,-0.5,0.114,92275769344.0,1,23% below 52w high; rev +11%
SAGCEM,SAGAR CEMENTS LIMITED,Basic Materials,162.4499969482422,45.741482879118486,9.246805838729065,111.05,1.2542464,-0.04,91.801,-1.318,,0.053,21233440369.11223,1,46% below 52w high
KIMS,KRISHNA INST OF MED SCI L,Healthcare,790.0,7.925407925407925,37.20041972005872,153.9961,14.065699,9.724,166.226,4.8499998,-0.469,0.353,316109750272.0,1,rev +35%
E2E,E2E NETWORKS LIMITED,Technology,623.8499755859375,10.623212666771131,240.2323153955739,230.20294,7.4225445,-0.95,9.441,8.5080005,-0.596,3.341,128174894183.93845,1,low D/E 9; rev +334%
QUICKHEAL,QUICK HEAL TECH LTD,Technology,141.6199951171875,61.86860596538958,13.29599609375,,1.8070228,-2.4899999999999998,0.025,-4.301,-3.1686507936507935,-0.214,7684088567.065915,1,62% below 52w high; low D/E 0
SOLARA,SOLARA ACTIVE PHA SCI LTD,Healthcare,640.0,10.112359550561797,51.65876777251185,615.65,2.2290485,-0.63,54.682,-0.11299999999999999,0.431,0.196,30878887936.0,1,earnings +43%; rev +20%
QUADFUTURE,QUADRANT FUTURE TEK LTD,Industrials,337.79998779296875,32.7627404664002,35.90826137412101,,4.820411,-15.451,10.233,-23.405,-0.261,0.413,13511998999.718767,1,33% below 52w high; low D/E 10; rev +41%
BALRAMCHIN,BALRAMPUR CHINI MILLS LTD,Consumer Defensive,767.0999755859375,1.7734856782897497,94.9180534569039,42.102085,3.7442892,9.541000400000001,76.606,5.829,-0.154,0.061,162216422357.22852,1,
JISLDVREQS,JAIN DVR EQUITY SHARES,Industrials,21.350000381469727,39.82525181249193,15.405407467403927,0.89,0.26783922,-0.6799999999999999,71.789,-0.84,-1.7337507453786525,-0.024,15660444951.811966,1,40% below 52w high; PE 1
DCXINDIA,DCX SYSTEMS LIMITED,Industrials,173.7100067138672,39.262235414731755,13.313765985522167,62.28,1.1557552,-0.53399997,0.193,-3.272,-1.19834859553452,-0.536,19348937451.833694,1,39% below 52w high; low D/E 0
HINDWAREAP,HINDWARE HME INOVATON LTD,Consumer Cyclical,198.4499969482422,49.465242989699874,16.392960086945564,,2.2526562,-5.13,129.331,-0.23900000000000002,,0.158,16599619328.73158,1,49% below 52w high; rev +16%
ASIANHOTNR,ASIAN HOTELS (NORTH) LTD,Consumer Cyclical,301.70001220703125,25.052783168336486,21.898994831123737,99.85,1.1789947,-17.288999999999998,36.252,-26.474999999999998,-0.903,0.104,12862446088.425177,1,25% below 52w high; low D/E 36; rev +10%
TIRUMALCHM,THIRUMALAI CHEMICALS LTD,Basic Materials,156.41000366210938,52.430045781937785,8.996518231435106,,1.2063088,-12.350000399999999,139.084,-8.276,,0.215,18855659961.477448,1,52% below 52w high; rev +22%
HEMIPROP,HEMISPHERE PROP IND LTD,Real Estate,130.91000366210938,31.3493093575609,17.72482666797298,,8.671834,-2.696,20.144,0.0,,-0.388,37325681684.15801,1,31% below 52w high; low D/E 20
EASEMYTRIP,EASY TRIP PLANNERS LTD,Consumer Cyclical,6.090000152587891,42.547170439408134,5.545930203105359,,2.5805087,-6.1139997,4.35,-7.362,-1.3673659499944106,0.089,22148436522.93976,1,43% below 52w high; low D/E 4
HGS,HINDUJA GLOBAL SOLS. LTD.,Industrials,406.5,26.888489208633093,18.84227876249499,,0.2276431,-1.757,23.327,-1.01,-0.7348871685060122,-0.006,18910494720.0,0,27% below 52w high; low D/E 23
WALCHANNAG,WALCHANDNAGAR INDUSTRIES,Industrials,223.91000366210935,29.09752618201505,70.72818458446875,,4.266903,-4.013,61.011,-0.9820000000000001,,0.838,15204503800.673822,0,29% below 52w high; rev +84%
MEESHO,MEESHO LIMITED,Consumer Cyclical,209.5099945068359,17.645440435000275,66.86046398580574,,22.069946,-46.563,1.428,-8.681999999999999,,0.483,968683986121.9752,0,low D/E 1; rev +48%
OLAELEC,OLA ELECTRIC MOBILITY LTD,Consumer Cyclical,37.81999969482422,46.91929867393092,69.9775267183111,,4.9782805,-43.16,82.453,-92.606,,-0.45,167114504891.52563,0,47% below 52w high
URBANCO,URBAN COMPANY LIMITED,Technology,145.49000549316406,27.681672735899916,44.47865928729177,,10.4669075,-11.921,6.335,-19.415002,-1.9793543543543544,0.436,214239879064.9048,0,28% below 52w high; low D/E 6; rev +44%
BIRLANU,BIRLANU LIMITED,Industrials,1535.4000244140625,26.42675277862204,29.014373238527202,35.52,1.042732,-10.299,100.118,-2.8250001,,0.116,11578296504.10398,0,26% below 52w high; rev +12%
ONESOURCE,ONESOURCE SPECL PHARMA L,Healthcare,1534.5,20.285714285714285,45.17502365184484,370.39,3.0242412,-1.26,25.791,-3.15,-0.953,0.372,175965552640.0,0,20% below 52w high; low D/E 26; rev +37%
KWIL,KWALITY WALL'S (INDIA) L,Consumer Defensive,43.470001220703125,1.873584719304151,95.45864059385094,,15.199302,-103.05,81.508,-17.572,0.375,0.162,102136736564.15344,0,earnings +38%; rev +16%
ORCHPHARMA,ORCHID PHARMA LIMITED,Healthcare,980.0499877929688,13.499559771141328,104.17708079020183,175.6362,3.8587532,3.56,28.15595771033208,-29.572,-0.7938223984715543,-0.015,49707257236.87032,0,low D/E 28
PANACEABIO,PANACEA BIOTEC LTD,Healthcare,413.6499938964844,36.066461530682474,41.467169128233635,,3.2206452,-9.44,2.786,-1.2850000000000001,-0.122,0.01,25336368778.155144,0,36% below 52w high; low D/E 3
CHEMPLASTS,CHEMPLAST SANMAR LIMITED,Basic Materials,175.13999938964844,61.92608708920686,3.011407474724322,,1.5781791,-14.641000000000002,111.239,-9.2080005,,0.023,27691308959.49758,0,62% below 52w high
JISLJALEQS,JAIN IRRIGATION SYSTEMS,Industrials,28.219999313354492,52.16949268922968,8.081189788124341,151.04,0.3540245,-0.6799999999999999,71.789,-0.84,-1.7337507453786525,-0.024,20699659784.33846,0,52% below 52w high
SPANDANA,SPANDANA SPHOORTY FIN LTD,Financial Services,243.4499969482422,23.77896004996704,34.42848632986116,,0.9128953,-29.358,185.142,-116.17199000000001,,2.56,21579286257.49371,0,24% below 52w high; rev +256%
BLUSPRING,BLUSPRING ENTERPRISES LTD,Industrials,117.95999908447266,10.51434339982748,168.21282472090388,98.35,2.5989249,-3.0439998999999998,18.377,-0.31299999,,0.191,17635268471.12673,0,low D/E 18; rev +19%
EMBDL,EMBASSY DEVELOPMENTS LTD,Real Estate,63.08000183105469,40.32166163453829,59.858092485046214,,0.8883006,-9.0459995,53.414,-74.237996,-5.371881325023547,-0.682,87683312113.22725,0,40% below 52w high
APOLLOPIPE,APOLLO PIPES LIMITED,Industrials,603.25,0.45379537953795385,139.28995850650537,473.33334,3.2439249,0.526,13.871,-0.819,-0.899,0.074,26494351360.0,-1,low D/E 14
GKWLIMITED,GKW LIMITED,Industrials,1610.199951171875,18.897958528680775,17.105450994318183,,0.3666662,-0.089,0.015,-16.478,-0.219,0.022,9607257820.666998,-1,low D/E 0
ASTEC,ASTEC LIFESCIENCES LTD,Basic Materials,601.7999877929688,36.09769176607712,17.21853509449987,,3.4329917,-25.842,114.84,-15.113999999999999,,-0.083,13409450736.00002,-1,36% below 52w high
JSWENERGY,JSW ENERGY LIMITED,Utilities,542.0,12.205390550865664,26.709526592635886,42.57659,3.0953033,8.817001,229.16,10.373000000000001,-0.395,0.012,993146175488.0,-1,
ELECTHERM,ELECTROTHERM (I) LTD.,Basic Materials,1012.9000244140624,20.681282348154863,83.82940551979353,,-8.384865,2.85,,-0.424,-0.927,-0.018,12907196727.10386,-1,21% below 52w high
TI,TILAKNAGAR INDUSTRIES LTD,Consumer Defensive,582.4500122070312,1.7790873175326727,52.65365767042617,456.4433,4.8530626,1.08,77.177,-1.202,-0.72,1.557,143964654537.22208,-1,rev +156%
INDOSTAR,INDOSTAR CAPITAL FIN LTD,Financial Services,251.3999938964844,13.904111679286164,40.423390275728714,29.817276,1.0737487,3.5150003,144.787,0.0,-0.982,0.0351328973055915,40640166949.333725,-1,
SAPPHIRE,SAPPHIRE FOODS INDIA LTD,Consumer Cyclical,241.3500061035156,30.62661387245442,72.50375225948075,375.7,5.5778966,-2.2950001,102.058,-0.49799997,-2.660156858671376,0.147,77656295339.85498,-1,31% below 52w high; rev +15%
GTLINFRA,GTL INFRA.LTD,Technology,1.2100000381469729,27.544906033453543,26.0416734575606,1.4578314,-0.30227333,-14.16,,-135.34501,,-0.022,15499025896.628836,-1,28% below 52w high; PE 1
SUVEN,SUVEN LIFE SCIENCES LTD,Healthcare,373.6000061035156,1.0200042334093113,201.02328923230624,,14.258998,-78.799003,2.823,0.0,,0.91,105565423292.62578,-1,low D/E 3; rev +91%
DEVYANI,DEVYANI INTERNATIONAL LTD,Consumer Cyclical,147.7899932861328,22.62304016432837,61.43089935516413,,11.818472,-2.5880001,203.327,-0.47400002,3.0,0.165,182216155050.2064,-1,23% below 52w high; earnings +300%; rev +16%
GODREJIND,GODREJ INDUSTRIES LTD,Industrials,1223.4000244140625,15.218293526398996,64.39129324734829,34.99428,3.6867278,10.832,222.411,4.761,-0.186,-0.047,412103581727.9025,-1,
ATHERENERG,ATHER ENERGY LIMITED,Consumer Cyclical,1449.5999755859375,8.253166102155854,255.55553892155055,,21.562445,-33.740002000000004,25.819,-9.19,,0.888,579781253595.3643,-1,low D/E 26; rev +89%
ABREL,ADITYA BIRLA REAL EST LTD,Real Estate,1445.5,26.448890037837884,33.83020393235716,45.86,4.3203936,-8.911,152.371,-25.416002,,0.297,159840272384.0,-1,26% below 52w high; rev +30%
AEQUS,AEQUS LIMITED,Industrials,260.0899963378906,5.211566583014615,129.55868431801903,,10.5611725,-10.2919996,47.183,-12.411999999999999,,0.548,170321016481.85245,-1,low D/E 47; rev +55%
CENTRUM,CENTRUM CAPITAL LIMITED,Financial Services,23.559999465942383,41.10000133514404,19.83723117395466,11.57,3.6801,-19.118,1218.677,-20.095,,1.377,11179394818.585691,-1,41% below 52w high; rev +138%; PE 12
RTNINDIA,RATTANINDIA ENT LIMITED,Consumer Cyclical,30.030000686645508,53.078123927116394,23.073775230060253,,5.3865476,-11.61,143.033,0.0,-0.97,0.019,41468056500.18029,-2,53% below 52w high
EXICOM,EXICOM TELE SYSTEMS LTD,Industrials,157.02999877929688,14.144338972383522,107.71164278931882,180.92,3.2493894,-43.337002000000005,109.474,-20.372,,0.612,21839697750.224876,-2,rev +61%
ESAFSFB,ESAF SMALL FINANCE BANK L,Financial Services,43.27000045776367,2.2146882310425493,118.75631423500135,,1.2489537,-8.9090005,126.09524046214776,-0.27999999999999997,,0.742,22328105196.214355,-2,rev +74%
TEJASNET,TEJAS NETWORKS LIMITED,Technology,509.2000122070313,21.298297958727773,73.1972830636161,,3.0880258,-26.822000000000003,142.52,-70.371,-3.0354511454997426,0.991,90506471545.70796,-2,21% below 52w high; rev +99%
OMAXE,OMAXE LIMITED,Real Estate,103.16000366210938,5.017951309837993,65.056005859375,,-2.0927498,-27.26,,-37.043,,0.439,18945778336.562138,-3,rev +44%
VIPIND,VIP INDUSTRIES LTD,Consumer Cyclical,302.6000061035156,33.392028563862745,8.751125284282345,,9.263738,-74.644,335.612,-20.183999999999997,,0.03,42985448291.02693,-3,33% below 52w high
PPLPHARMA,PIRAMAL PHARMA LIMITED,Healthcare,216.66000366210935,0.8421035871353104,63.76417132609482,41.16,3.5226977,-4.002,69.977,-3.4070000000000005,-4.576648743553166,0.174,287078519540.3628,-3,rev +17%
INDIGO,INTERGLOBE AVIATION LTD,Industrials,5165.0,16.335952053130313,32.599097985871154,,28.644794,-34.31165813142832,866.462,3.7929999999999997,-0.776,0.062,1997132922880.0,-3,
TIL,TIL LTD,Industrials,231.6000061035156,37.733566742134,43.62791076187014,,14.675877,-31.823,344.424,-8.133,-11.758741258741258,0.862,19093987831.19711,-3,38% below 52w high; rev +86%
INDIQUBE,INDIQUBE SPACES LIMITED,Real Estate,189.1499938964844,22.415918158816194,44.224172854921335,,7.7900414,-41.569,1011.578,-5.975,,0.367,40099351282.069115,-3,22% below 52w high; rev +37%
SAMMAANCAP,SAMMAAN CAPITAL LIMITED,Financial Services,150.22999572753906,22.1404518768469,28.7317906222121,,0.64667344,-35.009997999999996,273.033,0.0,-0.5,-0.245,172567211220.28058,-4,22% below 52w high
SHOPERSTOP,SHOPPERS STOP LIMITED,Consumer Cyclical,419.8999938964844,26.590910157957275,52.165238384354474,,15.889052,-11.790000000000001,1139.713,-0.6689999999999999,-4.314049586776859,0.112,46275358047.358,-4,27% below 52w high; rev +11%
RBA,RESTAURANT BRAND ASIA LTD,Consumer Cyclical,105.20999908447266,2.9517613407803616,84.09448167176517,,8.504567,-25.794,285.657,-5.886,,0.179,74879942004.40192,-5,rev +18%
UFBL,UNITED FOODBRANDS LIMITED,Consumer Cyclical,807.5,4.437869822485207,368.55054958734684,,10.172331,-17.889,275.522,-2.7,,0.434,31587510272.0,-5,rev +43%
