ticker,shortName,sector,currentPrice,pct_below_52w_high,trailingPE,roe_pct,debtToEquity,promoter_pct,institutional_pct,institutions_count,avg_delivery_pct,delivery_trend,score,ownership_score,shareholding_score,final_score,reasons,shareholding_reasons
INDOTHAI,INDO THAI SEC LTD,Financial Services,62.79999923706055,86.53371964937408,11.629629,28.285998,8.366,59.2,0.0,0.0,76.7,31.0,15,4,2,21,87% below 52w high; ROE 28%; low D/E 8; margin 64%; earnings +18%; rev +43%; PE 12,strong promoter 59.2%
JARO,JARO INS OF TEC MG N RE L,Consumer Defensive,440.0499877929687,50.55618114685745,16.630764,19.894,2.159,69.9,4.9,3.0,33.2,8.8,15,2,2,19,51% below 52w high; ROE 20%; low D/E 2; margin 20%; earnings +41%; rev +17%; PE 17,strong promoter 69.9%
GANDHITUBE,GANDHI SPL. TUBES LTD,Industrials,894.9500122070312,13.263232229589663,14.566244,23.506,0.032,76.7,0.0,0.0,72.0,6.6,12,4,2,18,ROE 24%; low D/E 0; margin 37%; earnings +29%; rev +19%; PE 15,strong promoter 76.7%; ⚠ very high promoter = low float
IDBI,IDBI BANK LIMITED,Financial Services,81.73999786376953,30.95117438735244,9.427912,13.874,33.69653805154797,45.6,49.8,50.0,43.2,7.0,13,2,3,18,31% below 52w high; low D/E 34; margin 49%; earnings +21%; PE 9,promoter 45.6%; high institutional 49.8%
GILLETTE,GILLETTE INDIA LTD,Consumer Defensive,7512.0,30.05586592178771,45.914062,66.443,0.002,77.9,11.0,56.0,54.8,6.3,12,3,2,17,30% below 52w high; ROE 66%; low D/E 0; margin 21%; rev +11%,strong promoter 77.9%; ⚠ very high promoter = low float
COALINDIA,COAL INDIA LTD,Energy,402.5,18.06615776081425,7.9608383,28.124001999999997,11.629,61.1,26.4,170.0,64.1,0.7,12,2,3,17,ROE 28%; low D/E 12; margin 18%; rev +45%; PE 8,strong promoter 61.1%; institutional 26.4%
HDFCBANK,HDFC BANK LTD,Financial Services,725.0499877929688,28.95149556168851,15.858486,13.838,81.34343829261803,0.2,61.0,471.0,65.6,0.7,12,2,3,17,29% below 52w high; margin 27%; earnings +18%; rev +17%; PE 16,high institutional 61.0%; 471 institutions
TCS,TATA CONSULTANCY SERV LT,Technology,2298.0,31.402985074626866,16.704222,47.743,10.211,71.8,17.7,317.0,48.9,0.9,13,1,3,17,31% below 52w high; ROE 48%; low D/E 10; margin 18%; rev +14%; PE 17,strong promoter 71.8%; 317 institutions
ECLERX,ECLERX SERVICES LTD,Technology,1804.800048828125,27.735733780655657,23.387327,28.999999999999996,15.012,58.1,32.3,70.0,43.5,7.3,12,2,3,17,28% below 52w high; ROE 29%; low D/E 15; margin 17%; earnings +19%; rev +23%,strong promoter 58.1%; institutional 32.3%
VEDL,VEDANTA LIMITED,Basic Materials,268.0,66.28930817610062,11.769873,20.403999,48.044,57.1,18.1,207.0,48.3,0.6,14,1,2,17,66% below 52w high; ROE 20%; low D/E 48; margin 23%; earnings +72%; PE 12,strong promoter 57.1%
SOLARWORLD,SOLARWORLD ENERGY SOL LTD,Technology,149.82000732421875,61.43629155103765,10.028113,20.828,30.132,78.1,8.5,2.0,53.0,-0.6,14,1,2,17,61% below 52w high; ROE 21%; low D/E 30; earnings +346%; rev +236%; PE 10,strong promoter 78.1%; ⚠ very high promoter = low float
GMBREW,G M BREWERIES LTD,Consumer Defensive,883.2000122070312,33.53401717693121,11.965858,19.71,3.201,77.4,0.3,4.0,55.9,0.3,14,1,2,17,34% below 52w high; ROE 20%; low D/E 3; earnings +46%; rev +26%; PE 12,strong promoter 77.4%; ⚠ very high promoter = low float
VAIBHAVGBL,VAIBHAV GLOBAL LIMITED,Consumer Cyclical,226.8500061035156,22.642794167599103,13.470902,17.754,25.234,59.3,15.3,23.0,46.2,11.3,12,3,2,17,23% below 52w high; low D/E 25; earnings +49%; rev +13%; PE 13,strong promoter 59.3%
MCLOUD,MAGELLANIC CLOUD LIMITED,Technology,29.56999969482422,67.32596718803954,16.801136,18.974,42.501,72.3,0.0,4.0,36.9,-3.2,15,0,2,17,67% below 52w high; ROE 19%; low D/E 43; margin 16%; earnings +32%; rev +32%; PE 17,strong promoter 72.3%
NEWGEN,NEWGEN SOFTWARE TECH LTD,Technology,527.3499755859375,49.3881663900622,23.754503,24.5,2.214,63.4,8.9,51.0,29.1,8.3,13,2,2,17,49% below 52w high; ROE 24%; low D/E 2; margin 19%; earnings +28%; rev +11%,strong promoter 63.4%
EXCELSOFT,EXCELSOFT TECHNOLOGIES L,Technology,70.87999725341797,50.2910449022973,17.458128,9.1359995,1.137,63.4,1.7,2.0,48.0,7.7,12,3,2,17,50% below 52w high; low D/E 1; margin 16%; earnings +33%; rev +44%; PE 17,strong promoter 63.4%
NDRAUTO,NDR AUTO COMPONENTS LTD,Consumer Cyclical,773.7999877929688,34.78847094945625,28.385912,18.77,17.248,0.1,73.2,3.0,52.0,7.1,12,3,2,17,35% below 52w high; ROE 19%; low D/E 17; earnings +21%; rev +20%,high institutional 73.2%
INDIASHLTR,INDIA SHELTER FIN CORP L,Financial Services,675.2999877929688,30.291614163306452,14.255858,17.036,195.303,28.5,56.1,34.0,56.1,6.1,12,3,2,17,30% below 52w high; margin 48%; earnings +22%; rev +22%; PE 14,high institutional 56.1%
TRANSRAILL,TRANSRAIL LIGHTING LTD,Industrials,459.8500061035156,44.12515114173565,15.272335,19.392,29.726,76.0,0.6,17.0,52.3,6.3,12,3,2,17,44% below 52w high; ROE 19%; low D/E 30; PE 15,strong promoter 76.0%; ⚠ very high promoter = low float
CSBBANK,CSB BANK LIMITED,Financial Services,320.8999938964844,44.13301179368333,8.374217,13.483,146.17951878829493,55.5,16.7,27.0,54.8,6.9,12,3,2,17,44% below 52w high; margin 24%; earnings +26%; rev +17%; PE 8,strong promoter 55.5%
SUNCLAY,SUNDARAM CLAYTON LIMITED,Industrials,1275.9000244140625,34.29968978300399,11.215717,22.271,100.167,64.5,20.0,10.0,58.7,11.6,12,3,2,17,34% below 52w high; ROE 22%; earnings +184%; rev +15%; PE 11,strong promoter 64.5%
GKENERGY,GK ENERGY LIMITED,Utilities,123.98999786376952,48.251254296629064,10.323896,37.255,23.151,82.2,3.4,4.0,49.9,2.9,14,1,2,17,48% below 52w high; ROE 37%; low D/E 23; earnings +34%; rev +56%; PE 10,strong promoter 82.2%; ⚠ very high promoter = low float
CRAMC,CANARA ROBECO AMC LIMITED,Financial Services,264.29998779296875,25.212226271179343,24.114962,30.286,2.358,75.0,9.0,15.0,51.3,5.2,12,3,2,17,25% below 52w high; ROE 30%; low D/E 2; margin 46%; earnings +24%; rev +20%,strong promoter 75.0%; ⚠ very high promoter = low float
IOC,INDIAN OIL CORP LTD,Energy,135.89999389648438,28.080022720219823,5.560556,20.969999,58.446,73.4,14.3,193.0,54.7,6.5,12,3,2,17,28% below 52w high; ROE 21%; earnings +78%; rev +38%; PE 6,strong promoter 73.4%
NESCO,NESCO LTD.,Industrials,1032.5999755859375,36.99432789043301,17.50763,14.673,9.068,70.2,4.7,34.0,54.2,0.9,13,1,2,16,37% below 52w high; low D/E 9; margin 39%; rev +15%; PE 18,strong promoter 70.2%
CAMPUS,CAMPUS ACTIVEWEAR LIMITED,Consumer Cyclical,223.11000061035156,24.8787876732823,44.35586,18.053,26.059,72.1,18.1,35.0,45.0,5.0,11,3,2,16,25% below 52w high; ROE 18%; low D/E 26; earnings +19%; rev +12%,strong promoter 72.1%
BBTC,BOMBAY BURMAH TRADING COR,Consumer Defensive,1436.0,32.740046838407494,7.7638407,28.709,16.57,75.2,7.0,45.0,55.9,1.7,13,1,2,16,33% below 52w high; ROE 29%; low D/E 17; earnings +20%; PE 8,strong promoter 75.2%; ⚠ very high promoter = low float
RAMKY,RAMKY INFRA LTD,Industrials,391.1499938964844,44.5177313622008,11.4706745,13.379,27.392,73.8,0.4,7.0,62.3,7.8,10,4,2,16,45% below 52w high; low D/E 27; rev +24%; PE 11,strong promoter 73.8%
AGIIL,AGI INFRA LIMITED,Real Estate,293.70001220703125,32.38949900238289,35.258106,24.336,38.289,83.1,0.2,3.0,30.1,7.7,12,2,2,16,32% below 52w high; ROE 24%; low D/E 38; margin 29%; earnings +34%,strong promoter 83.1%; ⚠ very high promoter = low float
VEEDOL,VEEDOL CORPORATION LTD,Basic Materials,1510.4000244140625,25.778868579161543,11.675041,19.657,1.534,66.6,2.0,7.0,57.0,-0.2,13,1,2,16,26% below 52w high; ROE 20%; low D/E 2; earnings +57%; rev +18%; PE 12,strong promoter 66.6%
MBEL,M AND B ENGINEERING LTD,Industrials,278.1000061035156,48.10599114870687,15.846155,19.226,12.711,71.9,9.3,6.0,50.4,1.8,13,1,2,16,48% below 52w high; ROE 19%; low D/E 13; rev +22%; PE 16,strong promoter 71.9%
DDEVPLSTIK,DDEV PLASTIKS IND LTD,Basic Materials,276.5,23.194444444444446,14.179487,21.841,5.608,82.2,0.1,2.0,52.9,2.2,13,1,2,16,23% below 52w high; ROE 22%; low D/E 6; earnings +22%; rev +29%; PE 14,strong promoter 82.2%; ⚠ very high promoter = low float
MEDIASSIST,MEDI ASSIST HEALTH SER L,Healthcare,355.8999938964844,38.163495535594514,28.112164,12.717,6.382,13.6,62.8,32.0,58.3,5.7,11,3,2,16,38% below 52w high; low D/E 6; earnings +17%; rev +24%,high institutional 62.8%
GVT&D,GE VERNOVA T&D INDIA LTD,Industrials,4050.10009765625,28.316812430862832,79.66365,55.261004,0.892,51.7,29.9,219.0,52.6,2.5,12,1,3,16,28% below 52w high; ROE 55%; low D/E 1; margin 19%; earnings +25%; rev +38%,strong promoter 51.7%; institutional 29.9%
CIEINDIA,CIE AUTOMOTIVE INDIA LTD,Consumer Cyclical,403.7999877929687,23.231941484226475,17.088448,12.26999999999999,6.63,66.4,22.6,51.0,61.9,-0.6,12,2,2,16,23% below 52w high; low D/E 7; earnings +16%; rev +11%; PE 17,strong promoter 66.4%
INDIAMART,INDIAMART INTERMESH LTD,Communication Services,1749.199951171875,34.852888224511176,21.368189,23.146,0.974,57.9,14.9,63.0,64.5,2.9,12,2,2,16,35% below 52w high; ROE 23%; low D/E 1; margin 31%; rev +11%,strong promoter 57.9%
MAYURUNIQ,MAYUR UNIQUOTERS LTD,Consumer Cyclical,776.0499877929688,14.437708071337513,16.272804,18.365,0.687,61.0,4.6,14.0,55.4,0.1,13,1,2,16,ROE 18%; low D/E 1; margin 20%; earnings +38%; rev +25%; PE 16,strong promoter 61.0%
IRCTC,INDIAN RAIL TOUR CORP LTD,Consumer Cyclical,485.8999938964844,34.24898594093581,27.877222,34.959,1.874,62.4,16.8,96.0,52.2,6.1,11,3,2,16,34% below 52w high; ROE 35%; low D/E 2; margin 26%; rev +18%,strong promoter 62.4%
PRUDENT,PRUDENT CORP ADV SER LTD,Financial Services,3363.5,2.6483357452966714,56.960205,28.643998999999997,3.866,64.2,29.9,48.0,51.2,10.1,10,3,3,16,ROE 29%; low D/E 4; margin 17%; earnings +44%; rev +21%,strong promoter 64.2%; institutional 29.9%
BPCL,BHARAT PETROLEUM CORP  LT,Energy,308.70001220703125,21.17962031971264,7.700175,28.469,54.332,56.7,29.4,215.0,54.8,-0.3,12,1,3,16,21% below 52w high; ROE 28%; earnings +28%; rev +34%; PE 8,strong promoter 56.7%; institutional 29.4%
ZENSARTECH,ZENSAR TECHNOLOGIES  LTD,Technology,484.9500122070313,44.19126469941406,14.373147,17.627001,1.68,50.2,26.9,60.0,32.6,12.0,11,2,3,16,44% below 52w high; low D/E 2; PE 14,strong promoter 50.2%; institutional 26.9%
PETRONET,PETRONET LNG LIMITED,Energy,291.3999938964844,10.723039416201711,10.392296,18.559,10.507,50.2,28.7,177.0,55.4,8.2,10,3,3,16,ROE 19%; low D/E 11; earnings +35%; PE 10,strong promoter 50.2%; institutional 28.7%
INFY,INFOSYS LIMITED,Technology,1130.0,34.60648148148148,14.582527,32.0,9.541,16.5,52.5,356.0,54.8,2.1,12,1,3,16,35% below 52w high; ROE 32%; low D/E 10; margin 16%; PE 15,high institutional 52.5%; 356 institutions
HDFCAMC,HDFC AMC LIMITED,Financial Services,2624.0,11.56795012216699,38.22844,43.39,2.364,56.7,27.4,241.0,60.2,7.4,9,4,3,16,ROE 43%; low D/E 2; margin 62%; rev +13%,strong promoter 56.7%; institutional 27.4%
ZFCVINDIA,ZF COM VE CTR SYS IND LTD,Consumer Cyclical,2621.5,13.87976346911958,2.9163098,14.979,1.4854844651132797,60.3,28.6,61.0,55.4,6.8,10,3,3,16,low D/E 1; earnings +46%; rev +33%; PE 3,strong promoter 60.3%; institutional 28.6%
THYROCARE,THYROCARE TECH LTD,Healthcare,566.7000122070312,14.39576854878682,51.47139,28.745001999999996,8.65,51.2,22.5,30.0,47.1,9.5,11,3,2,16,ROE 29%; low D/E 9; margin 20%; earnings +32%; rev +24%,strong promoter 51.2%
SRM,SRM CONTRACTORS LIMITED,Industrials,481.1000061035156,25.978921906648285,9.359922,32.251999999999995,32.634,75.2,0.0,0.0,53.1,3.2,13,1,2,16,26% below 52w high; ROE 32%; low D/E 33; earnings +55%; rev +38%; PE 9,strong promoter 75.2%; ⚠ very high promoter = low float
GANDHAR,GANDHAR OIL REFINE IND L,Energy,254.08999633789065,16.18894182011269,8.252355,10.21,22.511,66.6,3.6,5.0,32.8,13.5,9,5,2,16,low D/E 23; earnings +633%; rev +92%; PE 8,strong promoter 66.6%
PARADEEP,PARADEEP PHOSPHATES LTD,Basic Materials,148.63999938964844,35.9917325775999,14.403101,18.359,101.822,58.4,23.6,52.0,35.2,6.2,12,2,2,16,36% below 52w high; ROE 18%; earnings +21%; rev +63%; PE 14,strong promoter 58.4%
INFOBEAN,INFOBEANS TECHNO. LTD.,Technology,156.77999877929688,39.11456358085558,17.897259,23.24,3.547,78.4,1.0,1.0,41.2,9.2,12,2,2,16,39% below 52w high; ROE 23%; low D/E 4; margin 15%; rev +37%; PE 18,strong promoter 78.4%; ⚠ very high promoter = low float
KSCL,KAVERI SEED CO. LTD.,Basic Materials,773.4000244140625,36.865304129464285,16.119217,18.160999,0.0,71.7,5.7,22.0,53.3,11.0,11,3,2,16,37% below 52w high; ROE 18%; low D/E 0; margin 20%; PE 16,strong promoter 71.7%
AIIL,AUTHUM INVEST & INFRA LTD,Financial Services,532.2999877929688,22.064423456373536,27.781837,13.1,24.59,83.1,7.1,49.0,39.3,11.8,12,2,2,16,22% below 52w high; low D/E 25; margin 82%; earnings +18%; rev +14%,strong promoter 83.1%; ⚠ very high promoter = low float
SANDUMA,SANDUR MANG & IRON ORES L,Basic Materials,196.9499969482422,27.857143975002863,13.352542,22.318001,30.577,75.9,0.7,16.0,46.0,1.6,13,1,2,16,28% below 52w high; ROE 22%; low D/E 31; earnings +34%; rev +21%; PE 13,strong promoter 75.9%; ⚠ very high promoter = low float
DBCORP,D.B.CORP LTD,Communication Services,206.30999755859375,28.33970061396619,10.446075,15.68999999999999,10.796,74.6,13.5,16.0,57.8,12.6,11,3,2,16,28% below 52w high; low D/E 11; earnings +25%; PE 10,strong promoter 74.6%
WONDERLA,WONDERLA HOLIDAYS LTD.,Consumer Cyclical,490.1000061035156,25.62974110720552,30.688791,4.6430003,0.348,64.1,12.8,9.0,62.7,13.2,10,4,2,16,26% below 52w high; low D/E 0; margin 17%; earnings +38%; rev +44%,strong promoter 64.1%
ABBOTINDIA,ABBOTT INDIA LIMITED,Healthcare,26120.0,21.28973934006328,34.34763,34.460998,3.602,75.5,7.7,46.0,57.2,6.8,11,3,2,16,21% below 52w high; ROE 34%; low D/E 4; margin 23%; earnings +17%,strong promoter 75.5%; ⚠ very high promoter = low float
GVPIL,GE POWER INDIA LIMITED,Industrials,666.7000122070312,38.49630883698973,13.08281,71.698,3.02,71.1,0.1,2.0,54.6,2.3,13,1,2,16,38% below 52w high; ROE 72%; low D/E 3; margin 21%; earnings +55%; PE 13,strong promoter 71.1%
EVEREADY,EVEREADY INDS. IND.  LTD.,Industrials,355.04998779296875,25.284095397227507,14.468214,31.645,32.395,63.9,3.2,8.0,53.6,5.0,11,3,2,16,25% below 52w high; ROE 32%; low D/E 32; earnings +22%; PE 14,strong promoter 63.9%
CRISIL,CRISIL LTD,Financial Services,4478.60009765625,17.51358140424993,37.00405,29.052,10.23,71.9,15.4,75.0,53.2,5.1,11,3,2,16,ROE 29%; low D/E 10; margin 21%; earnings +26%; rev +28%,strong promoter 71.9%
SEAMECLTD,SEAMEC LIMITED,Industrials,1699.0,1.2151883317277552,16.806807,21.945,27.069,76.1,4.7,6.0,59.8,-3.4,10,4,2,16,ROE 22%; low D/E 27; margin 25%; rev +41%; PE 17,strong promoter 76.1%; ⚠ very high promoter = low float
VIDHIING,VIDHI SPCLTY F INGRDNTS L,Basic Materials,319.5,22.07317073170732,29.859814,15.569,17.578,67.5,0.1,4.0,63.7,16.1,10,4,2,16,22% below 52w high; low D/E 18; earnings +35%; rev +66%,strong promoter 67.5%
BSOFT,BIRLASOFT LIMITED,Technology,309.0,34.810126582278485,15.124816,13.656999,3.422,41.0,28.3,64.0,42.6,7.4,12,2,2,16,35% below 52w high; low D/E 3; earnings +51%; PE 15,promoter 41.0%; institutional 28.3%
KIRIINDUS,KIRI INDUSTRIES LIMITED,Basic Materials,461.2999877929687,40.78305676598604,0.4886497,114.879,0.649,41.7,16.2,11.0,45.2,-14.8,15,0,1,16,41% below 52w high; ROE 115%; low D/E 1; margin 616%; earnings +2465%; rev +55%; PE 0,promoter 41.7%
SANOFI,SANOFI INDIA LIMITED,Healthcare,3321.0,37.23303723303723,23.608446,40.271,1.78,60.6,24.5,34.0,60.4,4.2,12,2,2,16,37% below 52w high; ROE 40%; low D/E 2; margin 18%; earnings +20%,strong promoter 60.6%
GIPCL,GUJ IND POW CO. LTD,Utilities,170.17999267578125,15.773328331904372,5.2524686,14.94,93.592,65.4,4.9,10.0,56.4,6.1,11,3,2,16,margin 30%; earnings +175%; rev +34%; PE 5,strong promoter 65.4%
JSLL,JEENA SIKHO LIFECARE LTD,Healthcare,506.2000122070313,40.41200562601163,26.698315,59.921,27.261,72.4,0.3,10.0,48.7,-2.7,13,1,2,16,40% below 52w high; ROE 60%; low D/E 27; margin 28%; earnings +28%; rev +29%,strong promoter 72.4%
TANLA,TANLA PLATFORMS LIMITED,Technology,572.7999877929688,25.22193370848972,14.245213,21.409,2.118,55.6,5.7,31.0,38.3,7.3,12,2,2,16,25% below 52w high; ROE 21%; low D/E 2; earnings +22%; rev +18%; PE 14,strong promoter 55.6%
KIRLFER,KIRLOSKAR FERROUS IND LTD,Industrials,444.0499877929687,13.440548188505115,20.89647,13.900000000000002,12.218,60.4,12.9,20.0,63.9,9.5,10,4,2,16,low D/E 12; earnings +44%; rev +30%,strong promoter 60.4%
EUREKAFORB,EUREKA FORBES LIMITED,Consumer Cyclical,416.2000122070313,37.72257671565827,44.656654,3.61,0.629,65.3,12.3,40.0,54.6,9.8,10,3,2,15,38% below 52w high; low D/E 1; earnings +47%; rev +15%,strong promoter 65.3%
REFEX,REFEX INDUSTRIES LIMITED,Energy,293.6000061035156,29.253010577466114,13.921289,17.817,14.918,56.8,0.5,10.0,46.4,0.8,12,1,2,15,29% below 52w high; low D/E 15; earnings +207%; rev +139%; PE 14,strong promoter 56.8%
TRENT,TRENT LTD,Consumer Cyclical,2970.0,47.655974621078606,87.45583,27.126,36.034,43.4,31.0,216.0,46.8,3.0,12,1,2,15,48% below 52w high; ROE 27%; low D/E 36; earnings +21%; rev +18%,promoter 43.4%; institutional 31.0%
DIVISLAB,DIVI S LABORATORIES LTD,Healthcare,8570.0,1.1989854738298362,88.59712,16.187,0.042,52.0,30.3,219.0,57.7,5.1,9,3,3,15,low D/E 0; margin 26%; earnings +66%; rev +28%,strong promoter 52.0%; institutional 30.3%
APOLLOTYRE,APOLLO TYRES LTD,Consumer Cyclical,429.2999877929687,20.573545274196345,15.917686,8.719000000000001,21.987,49.7,34.2,71.0,50.4,14.4,10,3,2,15,21% below 52w high; low D/E 22; earnings +2660%; rev +13%; PE 16,promoter 49.7%; institutional 34.2%
EIHOTEL,EIH LIMITED,Consumer Cyclical,299.8999938964844,31.02575843693845,26.237968,12.948,4.666,70.5,15.7,48.0,54.2,1.2,12,1,2,15,31% below 52w high; low D/E 5; margin 23%; earnings +246%; rev +14%,strong promoter 70.5%
IMFA,INDIAN METALS & FERRO,Basic Materials,1421.9000244140625,15.358056804004669,14.622584,16.71,35.121,74.5,0.8,15.0,46.8,3.9,12,1,2,15,low D/E 35; margin 17%; earnings +108%; rev +50%; PE 15,strong promoter 74.5%
HMAAGRO,HMA AGRO INDUSTRIES LTD,Consumer Defensive,21.940000534057617,35.922898777614634,6.6890244,18.639,88.318,78.9,0.0,0.0,52.4,-18.7,13,0,2,15,36% below 52w high; ROE 19%; earnings +4950%; rev +86%; PE 7,strong promoter 78.9%; ⚠ very high promoter = low float
CASTROLIND,CASTROL INDIA LIMITED,Energy,188.57000732421875,10.799426315709708,17.590485,56.996,2.784,51.3,17.5,79.0,65.1,-0.4,11,2,2,15,ROE 57%; low D/E 3; margin 17%; earnings +42%; rev +25%; PE 18,strong promoter 51.3%
TAJGVK,TAJ GVK HOTELS & RESORTS,Consumer Cyclical,347.8999938964844,32.13693995350542,5.2888417,39.556998,9.027,72.4,2.8,6.0,51.8,2.6,12,1,2,15,32% below 52w high; ROE 40%; low D/E 9; margin 73%; rev +55%; PE 5,strong promoter 72.4%
KARURVYSYA,KARUR VYSYA BANK LTD,Financial Services,334.1000061035156,5.031262735537504,11.764085,19.282,18.589340559560014,0.5,42.4,99.0,55.2,-0.2,12,1,2,15,ROE 19%; low D/E 19; margin 41%; earnings +45%; rev +26%; PE 12,high institutional 42.4%
SHAREINDIA,SHARE IND. SECURITIES LTD,Financial Services,175.27999877929688,16.92891053113892,10.584541,12.968001,27.925,63.7,0.6,12.0,47.8,3.3,12,1,2,15,low D/E 28; margin 26%; earnings +47%; rev +33%; PE 11,strong promoter 63.7%
EPIGRAL,EPIGRAL LIMITED,Basic Materials,1120.5,41.38418004234657,17.850883,16.092000000000002,25.751,68.9,6.2,9.0,54.0,10.3,10,3,2,15,41% below 52w high; low D/E 26; rev +16%; PE 18,strong promoter 68.9%
SILVERTUC,SILVER TOUCH TECHNO LTD,Technology,195.3300018310547,82.52002233959462,6.7799377,23.551,19.451,82.7,0.0,0.0,40.9,0.4,13,0,2,15,83% below 52w high; ROE 24%; low D/E 19; earnings +148%; rev +22%; PE 7,strong promoter 82.7%; ⚠ very high promoter = low float
CRIZAC,CRIZAC LIMITED,Consumer Defensive,171.33999633789062,55.83451709070852,13.598412,40.003,0.31,79.9,2.9,9.0,50.3,4.4,12,1,2,15,56% below 52w high; ROE 40%; low D/E 0; margin 21%; PE 14,strong promoter 79.9%; ⚠ very high promoter = low float
NPST,NETWORK PEOPLE SRV TECH L,Technology,1606.9000244140625,32.71783312140678,72.67752,17.201,3.119,66.9,9.4,2.0,53.8,3.0,12,1,2,15,33% below 52w high; low D/E 3; margin 23%; earnings +42%; rev +68%,strong promoter 66.9%
SANOFICONR,SANOFI CONS HEALTHC IND L,Healthcare,4213.10009765625,21.35336760021934,36.423447,87.94800000000001,5.979,72.5,19.9,30.0,59.7,7.7,10,3,2,15,21% below 52w high; ROE 88%; low D/E 6; margin 28%,strong promoter 72.5%
DPABHUSHAN,D. P. ABHUSHAN LIMITED,Consumer Cyclical,1461.699951171875,12.473056816055388,13.927585,40.866002,48.027,81.0,0.1,3.0,42.3,8.2,11,2,2,15,ROE 41%; low D/E 48; earnings +76%; rev +58%; PE 14,strong promoter 81.0%; ⚠ very high promoter = low float
EICHERMOT,EICHER MOTORS LTD,Consumer Cyclical,8042.0,2.284325637910085,38.267906,23.774,2.048,51.3,28.8,282.0,58.4,3.4,10,1,4,15,ROE 24%; low D/E 2; margin 23%; earnings +21%; rev +32%,strong promoter 51.3%; institutional 28.8%; 282 institutions
AFFLE,AFFLE 3I LIMITED,Communication Services,1729.5,20.879268161108023,51.047813,13.786,0.405,74.5,,75.0,42.6,6.5,11,2,2,15,21% below 52w high; low D/E 0; margin 17%; earnings +20%; rev +20%,strong promoter 74.5%
JAYKAY,JAYKAY ENTERPRISES LTD,Industrials,145.67999267578125,33.69139977270863,8.625222,93.41,5.673119243237991,65.2,0.0,0.0,52.6,-3.6,12,1,2,15,34% below 52w high; ROE 93%; low D/E 6; margin 29%; rev +13%; PE 9,strong promoter 65.2%
LUPIN,LUPIN LIMITED,Healthcare,2201.5,12.966989523621269,18.221321,26.906999999999996,29.388,47.0,35.7,230.0,61.0,-0.1,11,2,2,15,ROE 27%; low D/E 29; margin 18%; earnings +16%; rev +32%,promoter 47.0%; institutional 35.7%
INDUSTOWER,INDUS TOWERS LIMITED,Communication Services,368.7999877929687,23.406025380484163,13.603835,18.912001,51.79,51.3,32.7,237.0,56.0,1.1,11,1,3,15,23% below 52w high; ROE 19%; margin 22%; PE 14,strong promoter 51.3%; institutional 32.7%
VMM,VISHAL MEGA MART LIMITED,Consumer Cyclical,102.5999984741211,34.89848064680223,54.0,12.149999,26.817,40.0,48.2,148.0,51.6,1.6,11,1,3,15,35% below 52w high; low D/E 27; earnings +25%; rev +19%,promoter 40.0%; high institutional 48.2%
ROLEXRINGS,ROLEX RINGS LIMITED,Industrials,185.82000732421875,0.832531496393851,33.360863,12.3459995,0.0,55.4,32.3,21.0,40.1,6.2,7,5,3,15,low D/E 0; earnings +22%,strong promoter 55.4%; institutional 32.3%
SUBROS,SUBROS LIMITED,Consumer Cyclical,735.5499877929688,39.39606019735221,28.83379,14.86,6.009,74.6,11.4,17.0,49.8,8.8,10,3,2,15,39% below 52w high; low D/E 6; rev +18%,strong promoter 74.6%
BEL,BHARAT ELECTRONICS LTD,Industrials,409.3999938964844,13.528359205647035,48.796185,27.556000000000004,0.273,53.4,29.0,271.0,58.6,-2.8,10,1,4,15,ROE 28%; low D/E 0; margin 21%; rev +25%,strong promoter 53.4%; institutional 29.0%; 271 institutions
HINDZINC,HINDUSTAN ZINC LIMITED,Basic Materials,573.9000244140625,21.705317269568553,14.2124815,76.941,39.034,88.6,5.2,110.0,43.2,-2.7,13,0,2,15,22% below 52w high; ROE 77%; low D/E 39; margin 38%; earnings +145%; rev +72%; PE 14,strong promoter 88.6%; ⚠ very high promoter = low float
AVL,ADITYA VISION LIMITED,Consumer Cyclical,611.0,13.333333333333334,56.679035,18.383,83.205,56.1,33.8,29.0,49.9,6.4,9,3,3,15,ROE 18%; earnings +40%; rev +27%,strong promoter 56.1%; institutional 33.8%
AAVAS,AAVAS FINANCIERS LIMITED,Financial Services,1364.9000244140625,22.969693232810247,15.832271,13.916,310.553,50.8,30.7,54.0,52.4,9.0,9,3,3,15,23% below 52w high; margin 43%; earnings +23%; rev +17%; PE 16,strong promoter 50.8%; institutional 30.7%
SCI,SHIPPING CORP OF INDIA LT,Industrials,291.1499938964844,21.044069451800848,8.376007,21.93,29.454,63.7,6.0,48.0,37.2,3.3,13,0,2,15,21% below 52w high; ROE 22%; low D/E 29; earnings +75%; rev +40%; PE 8,strong promoter 63.7%
TEAMLEASE,TEAMLEASE SERVICES LTD.,Industrials,1242.0999755859375,36.11582860708253,150.01208,14.261,10.971,36.3,54.9,27.0,62.1,-0.6,11,2,2,15,36% below 52w high; low D/E 11; earnings +31%,high institutional 54.9%
ONGC,OIL AND NATURAL GAS CORP.,Energy,238.5,22.439024390243905,6.891072,12.703,42.548,69.2,22.8,219.0,56.3,3.6,12,1,2,15,22% below 52w high; low D/E 43; earnings +21%; rev +26%; PE 7,strong promoter 69.2%
BLS,BLS INTL SERVS LTD,Industrials,273.9200134277344,30.27363900420643,16.018713,30.142999999999997,15.468,72.7,5.4,49.0,44.6,-3.8,13,0,2,15,30% below 52w high; ROE 30%; low D/E 15; margin 22%; rev +25%; PE 16,strong promoter 72.7%
CEINSYS,CEINSYS TECH LIMITED,Industrials,761.0,39.115130399589574,11.479861,24.595,8.43,68.9,0.0,1.0,51.5,1.4,12,1,2,15,39% below 52w high; ROE 25%; low D/E 8; margin 20%; PE 11,strong promoter 68.9%
ERIS,ERIS LIFESCIENCES LIMITED,Healthcare,1326.0,27.0947897293956,28.26087,18.068,60.545,69.9,22.6,54.0,60.7,2.0,11,2,2,15,27% below 52w high; ROE 18%; margin 20%; earnings +19%; rev +13%,strong promoter 69.9%
SPARC,SUN PHARMA ADV.RES.CO.LTD,Healthcare,199.58999633789065,30.93771753014165,4.0882835,276.89402,41.776,75.1,1.8,11.0,46.1,3.2,12,1,2,15,31% below 52w high; ROE 277%; low D/E 42; margin 83%; rev +314%; PE 4,strong promoter 75.1%; ⚠ very high promoter = low float
EUROPRATIK,EURO PRATIK SALES LIMITED,Basic Materials,265.75,31.85897435897436,31.561758,27.798998,7.636,87.5,1.0,1.0,31.3,-0.6,13,0,2,15,32% below 52w high; ROE 28%; low D/E 8; margin 23%; earnings +94%; rev +60%,strong promoter 87.5%; ⚠ very high promoter = low float
APTUS,APTUS VALUE HSG FIN I LTD,Financial Services,253.3000030517578,29.39372737233232,12.884028,20.113,156.2,26.6,49.4,57.0,57.7,3.2,12,1,2,15,29% below 52w high; ROE 20%; margin 62%; earnings +19%; rev +17%; PE 13,high institutional 49.4%
SIYSIL,SIYARAM SILK MILLS LTD,Consumer Cyclical,647.5499877929688,23.70994379056082,12.388559,16.834,24.131,69.3,2.9,13.0,56.1,-0.2,12,1,2,15,24% below 52w high; low D/E 24; earnings +138%; rev +14%; PE 12,strong promoter 69.3%
GPPL,GUJARAT PIPAVAV PORT LTD,Industrials,164.80999755859375,17.6320652831238,14.25692,21.802999,1.544,44.0,26.9,49.0,56.4,-4.9,12,1,2,15,ROE 22%; low D/E 2; margin 45%; earnings +42%; rev +32%; PE 14,promoter 44.0%; institutional 26.9%
IVALUE,IVALUE INFOSOLUTIONS LTD,Technology,279.6499938964844,17.750001795151654,14.757255,19.117,12.223,51.9,12.0,4.0,60.4,1.3,11,2,2,15,ROE 19%; low D/E 12; earnings +53%; PE 15,strong promoter 51.9%
STYLAMIND,STYLAM INDUSTRIES LIMITED,Consumer Cyclical,3617.300048828125,12.836143401731928,36.158535,20.469,3.605,58.0,10.6,10.0,45.0,12.4,10,3,2,15,ROE 20%; low D/E 4; earnings +71%; rev +15%,strong promoter 58.0%
CPPLUS,ADITYA INFOTECH LIMITED,Industrials,3468.60009765625,15.276011293203467,85.370415,25.424999999999997,9.604,76.8,15.0,41.0,54.2,7.2,10,3,2,15,ROE 25%; low D/E 10; earnings +304%; rev +90%,strong promoter 76.8%; ⚠ very high promoter = low float
IFGLEXPOR,IFGL REFRACTORIES LIMITED,Basic Materials,215.9199981689453,36.118343736998426,38.081127,3.041,17.764,75.9,13.2,6.0,46.9,5.6,10,3,2,15,36% below 52w high; low D/E 18; earnings +58%; rev +13%,strong promoter 75.9%; ⚠ very high promoter = low float
MAPMYINDIA,C.E. INFO SYSTEMS LIMITED,Technology,1007.2000122070312,49.58958897862706,40.143482,15.796,0.778,69.4,13.7,31.0,36.4,11.2,11,2,2,15,50% below 52w high; low D/E 1; margin 28%; rev +15%,strong promoter 69.4%
SUNPHARMA,SUN PHARMACEUTICAL IND L,Healthcare,1904.0,6.981289887617667,37.815292,14.72,5.517,55.6,31.0,296.0,65.8,-3.2,9,2,4,15,low D/E 6; margin 20%; earnings +27%; rev +10%,strong promoter 55.6%; institutional 31.0%; 296 institutions
JPOLYINVST,JIND POL INV & FIN CO LTD,Financial Services,954.4000244140624,35.84727729121233,1.2407374,54.803,1.462,80.9,0.0,0.0,66.5,-2.2,11,2,2,15,36% below 52w high; ROE 55%; low D/E 1; margin 78%; PE 1,strong promoter 80.9%; ⚠ very high promoter = low float
MOIL,MOIL LIMITED,Basic Materials,252.75,37.57717860953652,16.929,10.005,0.0,64.7,7.8,27.0,40.9,10.8,11,2,2,15,38% below 52w high; low D/E 0; margin 20%; earnings +70%; PE 17,strong promoter 64.7%
TINNARUBR,TINNA RUBBER AND INFR LTD,Basic Materials,1047.4000244140625,20.771556398331125,30.61678,22.084999,42.978,69.5,5.1,3.0,41.4,11.2,11,2,2,15,21% below 52w high; ROE 22%; low D/E 43; earnings +67%; rev +20%,strong promoter 69.5%
WAAREEENER,WAAREE ENERGIES LIMITED,Technology,2675.0,30.78913324708926,20.171932,31.570998,21.402,68.2,8.6,143.0,41.6,5.4,11,2,2,15,31% below 52w high; ROE 32%; low D/E 21; rev +79%,strong promoter 68.2%
ICRA,ICRA LIMITED,Financial Services,4867.2001953125,30.2893125850401,24.026064,16.277,1.5584442862011467,59.6,24.7,22.0,63.0,0.5,11,2,2,15,30% below 52w high; low D/E 2; margin 31%; earnings +32%,strong promoter 59.6%
MONTECARLO,MONTE CARLO FASHIONS LTD.,Consumer Cyclical,541.5,37.10436235294618,10.710047,12.880999,63.989,74.5,2.3,5.0,61.7,-1.3,11,2,2,15,37% below 52w high; earnings +38%; PE 11,strong promoter 74.5%
J&KBANK,J & K BANK LTD.,Financial Services,148.19000244140625,26.54770634874535,7.08704,14.609,20.794216650161395,64.3,12.0,52.0,43.2,8.2,11,2,2,15,27% below 52w high; low D/E 21; margin 34%; PE 7,strong promoter 64.3%
DCW,DCW LTD,Basic Materials,44.0099983215332,45.87381669785607,18.26141,4.571,26.985,52.6,6.6,9.0,49.2,5.6,10,3,2,15,46% below 52w high; low D/E 27; earnings +200%; rev +14%,strong promoter 52.6%
MANYAVAR,VEDANT FASHIONS LIMITED,Consumer Cyclical,547.3499755859375,31.284918213042623,34.08157,20.025998,23.295,74.9,16.7,55.0,40.3,6.4,11,2,2,15,31% below 52w high; ROE 20%; low D/E 23; margin 27%,strong promoter 74.9%
ORICONENT,ORICON ENTERPRISES LTD,Consumer Cyclical,58.119998931884766,20.51422764121605,50.103447,1.5140001,0.273,78.3,0.0,0.0,69.1,20.5,9,4,2,15,21% below 52w high; low D/E 0; margin 64%; earnings +25%,strong promoter 78.3%; ⚠ very high promoter = low float
PIDILITIND,PIDILITE INDUSTRIES LTD,Basic Materials,1660.0,2.781844802342606,64.09267,23.523001,3.776,69.4,17.3,208.0,59.9,6.8,10,3,2,15,ROE 24%; low D/E 4; margin 17%; earnings +30%; rev +21%,strong promoter 69.4%
GLOBUSSPR,GLOBUS SPIRITS LTD,Consumer Defensive,905.0999755859376,28.422303235592132,10.416618,10.6,48.422,51.5,9.3,13.0,52.9,5.3,10,3,2,15,28% below 52w high; low D/E 48; earnings +49%; rev +13%; PE 10,strong promoter 51.5%
FORCEMOT,FORCE MOTORS LIMITED,Consumer Cyclical,17885.0,32.38185255198488,18.812256,33.507999999999996,0.0,63.2,6.2,71.0,30.4,5.9,11,2,2,15,32% below 52w high; ROE 34%; low D/E 0; earnings +23%,strong promoter 63.2%
SUNTECK,SUNTECK REALTY LIMITED,Real Estate,294.3500061035156,37.76955473498613,20.244154,5.2270003,17.311,63.0,16.7,28.0,55.3,8.2,10,3,2,15,38% below 52w high; low D/E 17; margin 19%; earnings +26%,strong promoter 63.0%
NIITMTS,NIIT LEARNING SYSTEMS LTD,Consumer Defensive,231.4600067138672,47.85762336193167,12.68274,17.998,20.621,47.3,22.8,20.0,52.3,-1.3,13,1,1,15,48% below 52w high; low D/E 21; earnings +17%; rev +25%; PE 13,promoter 47.3%
PSB,PUNJAB & SIND BANK,Financial Services,23.3799991607666,27.97289026434231,11.989743,9.786,98.72570958187738,93.8,1.5,9.0,48.9,7.9,10,3,2,15,28% below 52w high; margin 29%; earnings +24%; rev +11%; PE 12,strong promoter 93.8%; ⚠ very high promoter = low float
SAMHI,SAMHI HOTELS LIMITED,Consumer Cyclical,160.38999938964844,27.75225252718539,6.204642,33.367002,81.102,24.0,32.9,29.0,57.4,-1.3,13,1,1,15,28% below 52w high; ROE 33%; margin 39%; earnings +52%; rev +12%; PE 6,institutional 32.9%
GESHIP,THE GE SHPG.LTD,Industrials,1299.0,27.753058954393772,4.9595294,18.849,6.409,30.8,27.6,94.0,47.3,-5.1,14,0,1,15,28% below 52w high; ROE 19%; low D/E 6; margin 60%; earnings +159%; rev +67%; PE 5,institutional 27.6%
MASTEK,MASTEK LTD,Technology,1693.5,35.48571428571429,12.646553,14.814,14.648,49.2,24.6,37.0,44.0,10.6,12,2,1,15,35% below 52w high; low D/E 15; earnings +15%; PE 13,promoter 49.2%
CAMS,COMPUTER AGE MNGT SER LTD,Technology,749.25,11.32086893717345,37.631844,38.694,4.863,3.4,58.9,107.0,46.2,11.6,10,3,2,15,ROE 39%; low D/E 5; margin 32%; earnings +17%; rev +12%,high institutional 58.9%
INDIGOPNTS,INDIGO PAINTS LIMITED,Basic Materials,1130.699951171875,15.989305991421974,33.5918,13.514,1.831,53.8,28.8,29.0,49.7,-6.1,9,3,3,15,low D/E 2; earnings +61%; rev +20%,strong promoter 53.8%; institutional 28.8%
STEELCAS,STEELCAST LIMITED,Basic Materials,358.70001220703125,1.3611939426739474,39.988853,24.098,0.0,58.2,1.4,3.0,54.8,8.9,10,3,2,15,ROE 24%; low D/E 0; margin 21%; earnings +19%; rev +17%,strong promoter 58.2%
WEALTH,WEALTH FRST PORT. MG. LTD,Financial Services,864.6500244140625,33.22134755890496,27.918955,25.64,0.0,76.2,0.0,1.0,75.4,10.3,9,4,2,15,33% below 52w high; ROE 26%; low D/E 0; margin 51%,strong promoter 76.2%; ⚠ very high promoter = low float
SHARDACROP,SHARDA CROPCHEM LTD.,Basic Materials,763.4500122070312,41.13723884294285,11.007065,24.157,0.104,75.9,10.2,25.0,54.4,5.2,10,3,2,15,41% below 52w high; ROE 24%; low D/E 0; PE 11,strong promoter 75.9%; ⚠ very high promoter = low float
ITC,ITC LTD,Consumer Defensive,271.6499938964844,36.381734450472045,17.14962,29.34,3.293,29.5,52.2,201.0,57.0,5.6,10,3,2,15,36% below 52w high; ROE 29%; low D/E 3; margin 26%; PE 17,high institutional 52.2%
PIXTRANS,PIX TRANSMISSIONS LIMITED,Industrials,1820.300048828125,12.862611353368836,18.81447,16.535999,3.477,68.0,0.3,5.0,48.1,7.1,10,3,2,15,low D/E 3; margin 22%; earnings +89%; rev +23%,strong promoter 68.0%
BUTTERFLY,BTRFLY GANDHI APPL LTD,Consumer Cyclical,647.0499877929688,21.460216426810632,24.053904,13.085,2.054,81.1,0.3,3.0,54.0,16.5,10,3,2,15,21% below 52w high; low D/E 2; earnings +38%; rev +14%,strong promoter 81.1%; ⚠ very high promoter = low float
LINDEINDIA,LINDE INDIA LIMITED,Basic Materials,6695.0,16.821965461548018,104.05658,13.577,1.8496456267796888,78.0,7.9,63.0,53.0,5.3,10,3,2,15,low D/E 2; margin 21%; earnings +676%; rev +13%,strong promoter 78.0%; ⚠ very high promoter = low float
CCAVENUE,AVENUESAI LIMITED,Technology,14.949999809265137,27.07317166212129,15.572917,6.686,8.63,53.3,3.8,23.0,51.3,6.4,10,3,2,15,27% below 52w high; low D/E 9; earnings +47%; rev +114%; PE 16,strong promoter 53.3%
GROWW,BILLIONBRAINS GARAGE VN L,Financial Services,200.72000122070312,11.654927853529593,50.94416,21.582461737237928,3.028,49.0,36.7,70.0,49.4,6.4,10,3,2,15,ROE 22%; low D/E 3; margin 45%; earnings +86%; rev +65%,promoter 49.0%; institutional 36.7%
ORIENTELEC,ORIENT ELECTRIC LIMITED,Consumer Cyclical,186.02999877929688,15.05479507794663,36.764824,13.178999999999998,12.281,46.2,33.7,24.0,50.6,-0.7,9,4,2,15,low D/E 12; earnings +80%; rev +24%,promoter 46.2%; institutional 33.7%
UEL,UJAAS ENERGY LIMITED,Technology,190.7599945068359,32.878259566057665,1907.6,3.89,27.068,98.6,0.0,0.0,74.7,31.2,9,4,2,15,33% below 52w high; low D/E 27; earnings +286%; rev +14%,strong promoter 98.6%; ⚠ very high promoter = low float
LEMONTREE,LEMON TREE HOTELS LTD,Consumer Cyclical,107.95999908447266,40.24795026519621,36.350166,14.905,96.367,22.3,44.0,72.0,58.7,5.4,10,3,2,15,40% below 52w high; margin 16%; earnings +21%,high institutional 44.0%
VENTIVE,VENTIVE HOSPITALITY LTD,Consumer Cyclical,574.5,27.64028072712054,35.528755,7.925,38.079,90.0,5.5,8.0,60.5,6.4,9,4,2,15,28% below 52w high; low D/E 38; margin 19%; earnings +201%,strong promoter 90.0%; ⚠ very high promoter = low float
SIGNPOST,SIGNPOST INDIA LIMITED,Communication Services,266.3500061035156,20.91745375381628,19.35683,27.3,69.752,74.2,0.0,0.0,53.9,5.8,10,3,2,15,21% below 52w high; ROE 27%; earnings +22%; rev +11%,strong promoter 74.2%
PGHH,P&G HYGIENE & HEALTH CARE,Consumer Defensive,8248.0,43.15252601833345,33.8213,114.931,0.115,70.9,14.2,44.0,60.3,5.7,9,4,2,15,43% below 52w high; ROE 115%; low D/E 0; margin 19%,strong promoter 70.9%
AWL,AWL AGRI BUSINESS LIMITED,Consumer Defensive,188.63999938964844,33.31919283862781,21.1243,10.519,10.621,68.7,14.9,59.0,52.5,9.6,10,3,2,15,33% below 52w high; low D/E 11; earnings +47%; rev +18%,strong promoter 68.7%
RSL,RAJPUTANA STAINLESS LTD,Basic Materials,165.5500030517578,3.744405044316494,23.515625,19.338,18.946,73.4,3.5,0.0,49.7,-1.2,9,4,2,15,ROE 19%; low D/E 19; earnings +49%; rev +32%,strong promoter 73.4%
ACCELYA,ACCELYA SOLN INDIA LTD,Technology,1139.5,25.37655533726261,17.838133,36.141,6.276,75.1,0.1,5.0,67.3,5.1,9,4,2,15,25% below 52w high; ROE 36%; low D/E 6; margin 18%; PE 18,strong promoter 75.1%; ⚠ very high promoter = low float
RUPA,RUPA & COMPANY LTD,Consumer Cyclical,155.2899932861328,27.039092295601847,16.415432,6.958,24.224,73.3,3.5,5.0,51.9,6.0,10,3,2,15,27% below 52w high; low D/E 24; earnings +51%; rev +10%; PE 16,strong promoter 73.3%
CLSEL,CHAMAN LAL SETIA EXP LTD,Consumer Defensive,278.45001220703125,13.255447910582166,11.05838,14.608,9.87,75.9,4.5,3.0,48.3,2.5,11,1,2,14,low D/E 10; earnings +48%; rev +13%; PE 11,strong promoter 75.9%; ⚠ very high promoter = low float
ICICIAMC,ICICI PRUDENTIAL AMC LTD,Financial Services,3228.89990234375,10.581559059990306,45.83901,79.07277814138479,4.066,34.6,59.2,70.0,61.8,-1.9,10,2,2,14,ROE 79%; low D/E 4; margin 56%; earnings +23%; rev +18%,high institutional 59.2%
INDRAMEDCO,INDRAPRASTHA MEDICAL CORP,Healthcare,376.7999877929687,41.20308931143274,18.362572,27.466,4.979,55.3,0.7,8.0,56.4,-0.0,11,1,2,14,41% below 52w high; ROE 27%; low D/E 5; rev +11%,strong promoter 55.3%
UTIAMC,UTI ASSET MNGMT CO LTD,Financial Services,896.5,36.7771509167842,25.048895,9.776,3.129,34.7,52.1,53.0,61.6,0.1,10,2,2,14,37% below 52w high; low D/E 3; margin 27%; earnings +24%,high institutional 52.1%
PIIND,PI INDUSTRIES LTD,Basic Materials,2482.5,36.63535736739412,32.282185,12.3509996,3.048,46.5,42.5,164.0,48.4,6.0,8,3,3,14,37% below 52w high; low D/E 3; margin 18%,promoter 46.5%; high institutional 42.5%
NESTLEIND,NESTLE INDIA LIMITED,Consumer Defensive,1458.0,6.117192530585962,73.710815,76.338995,8.621,62.8,17.2,226.0,61.3,0.1,10,2,2,14,ROE 76%; low D/E 9; margin 16%; earnings +48%; rev +25%,strong promoter 62.8%
MAHABANK,BANK OF MAHARASHTRA,Financial Services,80.27999877929688,15.047620339368386,8.267765,22.961001,106.04654247221066,73.6,16.7,76.0,51.9,-0.5,11,1,2,14,ROE 23%; margin 53%; earnings +34%; rev +22%; PE 8,strong promoter 73.6%
SYNCOMF,SYNCOM FORMU (I) LTD,Healthcare,15.460000038146973,17.326206377561583,17.177778,20.191,0.355,50.6,0.1,4.0,47.3,-2.5,11,1,2,14,ROE 20%; low D/E 0; margin 16%; earnings +69%; PE 17,strong promoter 50.6%
LAXMIDENTL,LAXMI DENTAL LIMITED,Healthcare,198.17999267578125,47.43933189447594,35.263344,12.772,5.329,68.2,17.0,18.0,53.9,3.6,11,1,2,14,47% below 52w high; low D/E 5; earnings +23%; rev +14%,strong promoter 68.2%
RPTECH,RASHI PERIPHERALS LIMITED,Technology,856.1500244140625,11.527331444231043,18.173424,14.938,48.65,72.0,8.4,6.0,46.4,7.1,9,3,2,14,low D/E 49; earnings +64%; rev +62%,strong promoter 72.0%
IOB,INDIAN OVERSEAS BANK,Financial Services,33.15999984741211,20.669855376428035,11.127517,16.525999,139.50159726098482,92.4,4.3,32.0,48.7,4.0,11,1,2,14,21% below 52w high; margin 37%; earnings +46%; rev +48%; PE 11,strong promoter 92.4%; ⚠ very high promoter = low float
IFBIND,IFB INDUSTRIES LTD,Consumer Cyclical,1402.9000244140625,30.542628453345365,35.45363,15.630999,15.671,77.9,5.1,11.0,49.9,4.9,11,1,2,14,31% below 52w high; low D/E 16; earnings +64%; rev +18%,strong promoter 77.9%; ⚠ very high promoter = low float
AGI,AGI GREENPAC LIMITED,Consumer Cyclical,711.6500244140625,26.40640905749095,12.708036,15.612,10.126,70.7,2.2,12.0,53.9,3.3,11,1,2,14,26% below 52w high; low D/E 10; rev +14%; PE 13,strong promoter 70.7%
SURYAROSNI,SURYA ROSHNI LTD,Basic Materials,218.52999877929688,30.515103726773653,15.2498255,11.2110004,3.031,68.8,1.4,18.0,51.5,3.5,11,1,2,14,31% below 52w high; low D/E 3; earnings +77%; rev +28%; PE 15,strong promoter 68.8%
ASHOKA,ASHOKA BUILDCON LTD,Industrials,112.06999969482422,47.75291389518684,5.0550294,47.987998,24.459,54.5,17.4,24.0,54.7,-2.7,11,1,2,14,48% below 52w high; ROE 48%; low D/E 24; margin 34%; PE 5,strong promoter 54.5%
MUKANDLTD,MUKAND LTD.,Basic Materials,136.9600067138672,11.20907182245239,3.1283693,48.880002,111.455,77.5,1.0,4.0,55.0,5.9,9,3,2,14,ROE 49%; earnings +98%; rev +21%; PE 3,strong promoter 77.5%; ⚠ very high promoter = low float
PARKHOSPS,PARK MEDI WORLD LIMITED,Healthcare,272.6000061035156,10.622948818519468,41.61832,16.936001,17.307,83.9,5.8,10.0,52.4,9.0,9,3,2,14,low D/E 17; margin 16%; earnings +21%; rev +19%,strong promoter 83.9%; ⚠ very high promoter = low float
GMDCLTD,GUJARAT MINERAL DEV CORP,Energy,561.9500122070312,27.199119778030983,18.694279,14.188999999999998,4.475,74.1,2.6,41.0,36.1,9.8,10,2,2,14,27% below 52w high; low D/E 4; margin 34%; rev +24%,strong promoter 74.1%
AMNPLST,AMINES & PLASTICIZERS LTD,Basic Materials,183.0399932861328,26.784002685546877,27.52481,13.262,9.312,89.2,0.0,0.0,53.1,14.7,9,3,2,14,27% below 52w high; low D/E 9; earnings +27%,strong promoter 89.2%; ⚠ very high promoter = low float
RUSTOMJEE,KEYSTONE REALTORS LIMITED,Real Estate,370.9500122070313,44.468561046851605,40.102703,3.344,51.271,75.8,18.0,17.0,56.3,6.4,9,3,2,14,44% below 52w high; earnings +267%; rev +72%,strong promoter 75.8%; ⚠ very high promoter = low float
ITCHOTELS,ITC HOTELS LIMITED,Consumer Cyclical,166.1199951171875,34.51334556065599,40.028915,7.00722776642631,0.634,46.4,31.8,82.0,56.4,3.2,11,1,2,14,35% below 52w high; low D/E 1; margin 20%; earnings +36%; rev +15%,promoter 46.4%; institutional 31.8%
BOROSCI,BOROSIL SCIENTIFIC LTD,Consumer Cyclical,127.6999969482422,29.36947190665402,26.329897,8.174,1.955,73.7,0.0,1.0,57.0,9.2,9,3,2,14,29% below 52w high; low D/E 2; earnings +212%; rev +11%,strong promoter 73.7%
AXISBANK,AXIS BANK LIMITED,Financial Services,1251.0,11.795814924095732,14.087837,13.352999,130.4486076359073,3.3,71.3,336.0,64.5,-0.1,9,2,3,14,margin 36%; earnings +22%; rev +14%; PE 14,high institutional 71.3%; 336 institutions
WIPRO,WIPRO LTD,Technology,181.0,33.72391213664276,14.376489,16.128999,27.398,72.7,14.8,204.0,47.2,-10.3,12,0,2,14,34% below 52w high; low D/E 27; rev +11%; PE 14,strong promoter 72.7%
NELCAST,NELCAST LIMITED,Industrials,116.62999725341795,32.66166321684704,24.709745,9.08,43.10682638303435,80.5,0.0,0.0,49.1,11.3,9,3,2,14,33% below 52w high; low D/E 43; rev +27%,strong promoter 80.5%; ⚠ very high promoter = low float
CONFIPET,CONFIDENCE PETRO IND LTD.,Energy,72.16000366210938,16.481478717919128,17.817284,6.458,49.394,68.9,0.4,5.0,45.1,12.6,9,3,2,14,low D/E 49; earnings +205%; rev +117%; PE 18,strong promoter 68.9%
ALIVUS,ALIVUS LIFE SCIENCES LTD,Healthcare,1370.0,3.385049365303244,27.95348,18.359,1.704,76.1,8.6,24.0,49.8,8.9,9,3,2,14,ROE 18%; low D/E 2; margin 23%; earnings +32%,strong promoter 76.1%; ⚠ very high promoter = low float
HUDCO,HSG & URBAN DEV CORPN LTD,Financial Services,186.0500030517578,24.63034294042575,8.759417,20.200000000000003,645.775,75.0,10.5,61.0,48.2,8.9,9,3,2,14,25% below 52w high; ROE 20%; margin 91%; earnings +35%; PE 9,strong promoter 75.0%; ⚠ very high promoter = low float
KCP,KCP LTD,Basic Materials,165.0800018310547,22.205464559304662,12.477703,13.093,29.379,54.3,1.5,7.0,55.9,-2.5,11,1,2,14,22% below 52w high; low D/E 29; earnings +126%; PE 12,strong promoter 54.3%
ATLANTAELE,ATLANTA ELECTRICALS LTD,Industrials,1688.5999755859375,21.555333132963973,57.8684,31.548,5.461,94.9,5.0,14.0,49.5,-0.7,11,1,2,14,22% below 52w high; ROE 32%; low D/E 5; earnings +113%; rev +48%,strong promoter 94.9%; ⚠ very high promoter = low float
LALPATHLAB,DR. LAL PATH LABS LTD.,Healthcare,1889.4000244140625,5.002765286269885,58.207027,21.473,7.83,54.7,33.0,105.0,56.9,-1.7,10,1,3,14,ROE 21%; low D/E 8; margin 19%; earnings +28%; rev +19%,strong promoter 54.7%; institutional 33.0%
SIEMENS,SIEMENS LTD,Industrials,3880.0,5.317355414638715,81.56401,21.13,2.213,76.9,10.9,174.0,34.7,5.0,10,2,2,14,ROE 21%; low D/E 2; margin 19%; earnings +406%; rev +15%,strong promoter 76.9%; ⚠ very high promoter = low float
HINDUNILVR,HINDUSTAN UNILEVER LTD.,Consumer Defensive,2028.0,26.254545454545458,45.006657,21.603,3.016,62.3,20.8,263.0,58.9,1.6,10,1,3,14,26% below 52w high; ROE 22%; low D/E 3; margin 23%,strong promoter 62.3%; 263 institutions
PAGEIND,PAGE INDUSTRIES LTD,Consumer Cyclical,35505.0,24.952441344324665,52.47484,52.5,18.422,46.4,43.9,156.0,45.4,5.3,8,3,3,14,25% below 52w high; ROE 52%; low D/E 18,promoter 46.4%; high institutional 43.9%
CUMMINSIND,CUMMINS INDIA LTD,Industrials,5205.0,14.672131147540984,60.798973,29.455,0.431,51.3,28.5,236.0,57.0,2.4,10,1,3,14,ROE 29%; low D/E 0; margin 19%; rev +18%,strong promoter 51.3%; institutional 28.5%
HINDPETRO,HINDUSTAN PETROLEUM CORP,Energy,363.2000122070313,28.567213396163115,46.32653,30.929002,85.369,55.0,28.3,194.0,54.5,-5.8,11,0,3,14,29% below 52w high; ROE 31%; earnings +78%; rev +27%,strong promoter 55.0%; institutional 28.3%
ASIANPAINT,ASIAN PAINTS LIMITED,Basic Materials,2625.199951171875,12.074220648277306,52.799675,20.889999,17.847,52.9,26.9,222.0,54.3,1.7,10,1,3,14,ROE 21%; low D/E 18; earnings +40%; rev +18%,strong promoter 52.9%; institutional 26.9%
ABSLAMC,ADIT BIRL SUN LIF AMC LTD,Financial Services,995.4000244140624,18.736222991732127,28.669355,25.103,1.577,44.8,44.5,68.0,55.9,-3.6,10,1,3,14,ROE 25%; low D/E 2; margin 48%; rev +11%,promoter 44.8%; high institutional 44.5%
KOTAKBANK,KOTAK MAHINDRA BANK LTD,Financial Services,397.3500061035156,12.323478508204945,19.4684,13.419999999999993,52.637921410590394,30.5,47.5,293.0,66.0,-7.4,10,1,3,14,margin 28%; earnings +22%; rev +21%,high institutional 47.5%; 293 institutions
WAKEFIT,WAKEFIT INNOVATIONS LTD,Consumer Cyclical,136.63999938964844,39.000000272478374,23.477663,22.896999,24.021,46.2,45.7,21.0,26.3,2.8,11,0,3,14,39% below 52w high; ROE 23%; low D/E 24; rev +17%,promoter 46.2%; high institutional 45.7%
SKFINDUS,SKF IND (INDUSTRIAL) LTD,Industrials,2753.699951171875,9.447551753637784,65.54868,15.615000000000002,0.309,52.6,29.0,32.0,58.6,5.8,8,3,3,14,low D/E 0; earnings +79%; rev +364%,strong promoter 52.6%; institutional 29.0%
VIJAYA,VIJAYA DIAGNOSTIC CEN LTD,Healthcare,1498.4000244140625,4.742528645005563,82.42024,19.698,44.15,53.5,39.7,53.0,46.8,-0.8,10,1,3,14,ROE 20%; low D/E 44; margin 22%; earnings +37%; rev +23%,strong promoter 53.5%; institutional 39.7%
SHAILY,SHAILY ENG PLASTICS LTD,Basic Materials,3350.0,7.335692485996794,87.26231,26.877,24.755,50.3,33.7,41.0,45.7,-0.0,10,1,3,14,ROE 27%; low D/E 25; margin 17%; earnings +17%; rev +14%,strong promoter 50.3%; institutional 33.7%
LINCOLN,LINCOLN PHARMA LTD,Healthcare,622.5999755859375,19.14286031351461,12.930425,12.299,0.584,56.1,1.1,10.0,55.8,-3.0,11,1,2,14,low D/E 1; earnings +31%; rev +15%; PE 13,strong promoter 56.1%
RPGLIFE,RPG LIFE SCIENCES LTD,Healthcare,2654.800048828125,13.861127552624108,36.724304,20.278999,3.304,76.5,5.6,11.0,47.9,0.2,11,1,2,14,ROE 20%; low D/E 3; margin 16%; earnings +17%; rev +16%,strong promoter 76.5%; ⚠ very high promoter = low float
COLPAL,COLGATE PALMOLIVE LTD.,Consumer Defensive,1910.0,23.722044728434504,38.492542,81.593,2.993,51.4,22.9,183.0,48.7,-4.8,11,1,2,14,24% below 52w high; ROE 82%; low D/E 3; margin 22%; rev +12%,strong promoter 51.4%
NATIONALUM,NATIONAL ALUMINIUM CO LTD,Basic Materials,385.6000061035156,13.377510638990724,10.489663,29.42,0.277,51.3,21.7,172.0,41.2,-2.4,12,0,2,14,ROE 29%; low D/E 0; margin 35%; earnings +91%; rev +39%; PE 10,strong promoter 51.3%
GALLANTT,GALLANTT ISPAT LIMITED,Basic Materials,582.4000244140625,38.56539826855881,28.989548,18.469999999999988,16.515326357470226,70.0,0.1,6.0,49.7,2.7,11,1,2,14,39% below 52w high; ROE 18%; low D/E 17; earnings +21%,strong promoter 70.0%
GULFOILLUB,GULF OIL LUB. IND. LTD.,Basic Materials,1151.300048828125,13.370951931668548,14.917077,22.142,35.781,68.7,11.1,31.0,52.5,4.9,11,1,2,14,ROE 22%; low D/E 36; earnings +28%; rev +31%; PE 15,strong promoter 68.7%
MAXHEALTH,MAX HEALTHCARE INS LTD,Healthcare,997.9000244140624,20.549361113530058,66.704544,14.333001,32.367,28.2,61.4,265.0,55.6,-0.1,10,1,3,14,21% below 52w high; low D/E 32; margin 17%; rev +17%,high institutional 61.4%; 265 institutions
MASFIN,MAS FINANCIAL SERV LTD,Financial Services,300.25,16.329944296172474,13.823666,13.217,339.79,70.8,17.1,20.0,63.6,11.5,8,4,2,14,margin 41%; earnings +24%; rev +28%; PE 14,strong promoter 70.8%
CLEAN,CLEAN SCIENCE & TECH LTD,Basic Materials,834.7000122070312,33.58529759882421,38.149,15.309,0.135,55.2,24.2,47.0,47.6,0.2,11,1,2,14,34% below 52w high; low D/E 0; margin 24%; rev +10%,strong promoter 55.2%
JUNIPER,JUNIPER HOTELS LIMITED,Consumer Cyclical,205.2100067138672,34.3327978515625,27.508043,5.0619997,41.603,77.5,14.9,19.0,56.9,-0.5,11,1,2,14,34% below 52w high; low D/E 42; margin 15%; earnings +272%; rev +13%,strong promoter 77.5%; ⚠ very high promoter = low float
SKMEGGPROD,SKM EGG PROD EXPORT(I) LT,Consumer Defensive,255.47999572753903,31.322581793672295,12.0794325,29.677,35.857,61.0,0.4,0.0,39.9,-2.4,12,0,2,14,31% below 52w high; ROE 30%; low D/E 36; earnings +47%; PE 12,strong promoter 61.0%
DABUR,DABUR INDIA LTD,Consumer Defensive,400.0,30.675909878682845,36.0036,16.239999,10.907,67.7,22.9,177.0,52.3,4.8,11,1,2,14,31% below 52w high; low D/E 11; earnings +15%; rev +11%,strong promoter 67.7%
EIHAHOTELS,EIH ASSOCIATED HOTELS LTD,Consumer Cyclical,294.6499938964844,32.24879327852613,20.419264,15.308,0.712,76.5,13.5,6.0,56.4,1.4,11,1,2,14,32% below 52w high; low D/E 1; margin 23%,strong promoter 76.5%; ⚠ very high promoter = low float
CUB,CITY UNION BANK LTD,Financial Services,219.3500061035156,10.608035806229674,15.501767,13.241,45.68727307325664,9.0,54.4,90.0,53.0,0.3,11,1,2,14,low D/E 46; margin 38%; earnings +25%; rev +23%; PE 16,high institutional 54.4%
GREAVESCOT,GREAVES COTTON LTD.,Industrials,191.0,29.753584300293873,45.153664,14.37,12.328,56.6,2.9,15.0,42.3,5.7,10,2,2,14,30% below 52w high; low D/E 12; earnings +22%; rev +17%,strong promoter 56.6%
SUNTV,SUN TV NETWORK LIMITED,Communication Services,477.5499877929687,27.72060254732857,12.288985,11.85,0.837,78.5,14.7,67.0,52.9,-1.3,11,1,2,14,28% below 52w high; low D/E 1; margin 34%; earnings +17%; rev +13%; PE 12,strong promoter 78.5%; ⚠ very high promoter = low float
BALMLAWRIE,BALMER LAWRIE & CO LTD,Industrials,174.0,26.952140122063906,10.648715,13.276,10.544,63.0,2.5,11.0,58.7,3.3,11,1,2,14,27% below 52w high; low D/E 11; rev +10%; PE 11,strong promoter 63.0%
PATANJALI,PATANJALI FOODS LIMITED,Consumer Defensive,352.29998779296875,42.715449139354675,19.453339,14.832,21.295,69.5,17.1,72.0,29.4,0.6,12,0,2,14,43% below 52w high; low D/E 21; earnings +46%; rev +15%,strong promoter 69.5%
ELLEN,ELLENBARRIE INDUS GASES L,Basic Materials,324.3500061035156,42.059661812020224,37.671314,14.199,18.873,77.8,12.3,12.0,45.7,-5.8,12,0,2,14,42% below 52w high; low D/E 19; margin 34%; earnings +75%; rev +18%,strong promoter 77.8%; ⚠ very high promoter = low float
EMMVEE,EMMVEE PHOTOVOLTAIC PWR L,Technology,325.6000061035156,12.367106230415716,17.68604,29.27114476986628,9.745,80.0,8.7,34.0,43.9,-0.9,12,0,2,14,ROE 29%; low D/E 10; margin 23%; earnings +74%; rev +51%; PE 18,strong promoter 80.0%; ⚠ very high promoter = low float
PCJEWELLER,PC JEWELLER LTD,Consumer Cyclical,9.609999656677246,37.51625757366529,11.3058815,9.946000000000002,14.271,56.7,0.9,16.0,24.1,2.7,12,0,2,14,38% below 52w high; low D/E 14; margin 22%; earnings +44%; rev +21%; PE 11,strong promoter 56.7%
NBCC,NBCC (INDIA) LIMITED,Industrials,88.25,29.876836654752044,32.090908,25.225002000000003,0.008,61.8,15.1,63.0,36.8,9.0,10,2,2,14,30% below 52w high; ROE 25%; low D/E 0; earnings +16%,strong promoter 61.8%
SUMMITSEC,SUMMIT SECURITIES LTD,Financial Services,1427.199951171875,42.79759714741984,12.993445,1.1360001,,4.4,74.5,1.0,62.7,-3.6,10,2,2,14,43% below 52w high; margin 76%; earnings +75%; rev +48%; PE 13,high institutional 74.5%
SAKSOFT,SAKSOFT LIMITED,Technology,163.72000122070312,28.71821384468083,16.437752,19.065,5.607,71.2,0.2,6.0,32.9,8.9,10,2,2,14,29% below 52w high; ROE 19%; low D/E 6; PE 16,strong promoter 71.2%
TIMETECHNO,TIME TECHNOPLAST LTD.,Consumer Cyclical,191.6300048828125,23.086490235905856,16.958406,13.372,17.605,48.6,20.3,39.0,28.3,12.2,11,2,1,14,23% below 52w high; low D/E 18; rev +25%; PE 17,promoter 48.6%
MAHLIFE,MAHINDRA LIFESPACE DEVLTD,Real Estate,377.2000122070313,11.673100810414825,24.025478,12.038,18.26,52.7,29.6,34.0,55.8,1.3,10,1,3,14,low D/E 18; margin 16%; earnings +36%; rev +2910%,strong promoter 52.7%; institutional 29.6%
CMSINFO,CMS INFO SYSTEMS LIMITED,Industrials,249.5500030517578,44.648996412687,14.051239,12.913,9.102,7.7,49.1,48.0,60.6,0.9,10,2,2,14,45% below 52w high; low D/E 9; PE 14,high institutional 49.1%
SBIN,STATE BANK OF INDIA,Financial Services,1048.0,15.121078687552783,11.203763,15.177,121.93500751464356,57.2,29.2,323.0,51.1,2.8,9,1,4,14,margin 22%; rev +10%; PE 11,strong promoter 57.2%; institutional 29.2%; 323 institutions
SCHAEFFLER,SCHAEFFLER INDIA LIMITED,Consumer Cyclical,4049.300048828125,9.365000519134194,50.584633,21.645,0.783,74.3,18.1,78.0,60.6,6.2,8,4,2,14,ROE 22%; low D/E 1; rev +17%,strong promoter 74.3%
KOVAI,KOVAI MEDICAL CENTER & HO,Healthcare,6066.5,4.313880126182966,25.927431,20.326,30.528,58.6,3.2,18.0,63.0,-1.9,10,2,2,14,ROE 20%; low D/E 31; margin 16%; earnings +21%; rev +15%,strong promoter 58.6%
NAVNETEDUL,NAVNEET EDUCATION LTD,Communication Services,133.7899932861328,20.599410512680823,8.75589,18.575001,5.145,65.6,12.3,9.0,62.2,-2.8,10,2,2,14,21% below 52w high; ROE 19%; low D/E 5; margin 20%; PE 9,strong promoter 65.6%
DYCL,DYNAMIC CABLES LIMITED,Industrials,453.6000061035156,12.769229595477766,24.10202,20.319000000000003,9.424,68.2,0.0,0.0,36.3,8.7,10,2,2,14,ROE 20%; low D/E 9; earnings +37%; rev +33%,strong promoter 68.2%
JAYBARMARU,JAY BHARAT MARUTI LTD,Consumer Cyclical,127.19000244140624,38.55555437613224,9.960062,22.193001,76.31,78.2,0.0,1.0,57.6,2.6,11,1,2,14,39% below 52w high; ROE 22%; rev +13%; PE 10,strong promoter 78.2%; ⚠ very high promoter = low float
LOTUSDEV,SRI LOTUS DEVLPRS N RTY L,Industrials,166.16000366210938,19.922889801393072,32.968254,17.058999999999997,6.839,81.9,0.9,10.0,44.7,9.9,10,2,2,14,low D/E 7; margin 31%; earnings +58%; rev +116%,strong promoter 81.9%; ⚠ very high promoter = low float
MPSLTD,MPS LIMITED,Communication Services,2917.39990234375,2.067811267413562,26.275782,32.234,10.167,73.5,1.9,12.0,43.4,8.7,10,2,2,14,ROE 32%; low D/E 10; margin 23%; earnings +43%; rev +20%,strong promoter 73.5%
BHARATSE,BHARAT SEATS LIMITED,Consumer Cyclical,230.2599945068359,12.508548934227068,31.285324,19.91,47.94,60.0,16.4,1.0,36.5,5.5,10,2,2,14,ROE 20%; low D/E 48; earnings +16%; rev +46%,strong promoter 60.0%
PFIZER,PFIZER LTD,Healthcare,4920.0,14.657415437987858,30.583702,17.159,1.671,67.0,17.3,47.0,60.1,12.2,8,4,2,14,low D/E 2; margin 29%,strong promoter 67.0%
KISSHT,ONEMI TECHNOLOGY SOL LTD,Financial Services,302.6499938964844,13.89758352873844,31.691097,23.966,180.902,41.8,34.8,12.0,43.4,6.6,10,2,2,14,ROE 24%; margin 15%; earnings +30%; rev +46%,promoter 41.8%; institutional 34.8%
MIDWESTLTD,MIDWEST LIMITED,Basic Materials,1154.0,37.9536542366812,37.57734,13.219,19.664,84.5,10.7,8.0,54.3,-13.9,12,0,2,14,38% below 52w high; low D/E 20; margin 16%; earnings +25%; rev +35%,strong promoter 84.5%; ⚠ very high promoter = low float
AUTOAXLES,AUTOMOTIVE AXLES LIMITED,Consumer Cyclical,1754.199951171875,17.05910396350473,15.219503,15.8,1.28,71.3,15.8,10.0,61.0,1.2,10,2,2,14,low D/E 1; earnings +28%; PE 15,strong promoter 71.3%
GRAUWEIL,GRAUER & WEIL IND LTD,Basic Materials,66.25,42.6903106622176,18.71469,16.232,1.343,72.6,0.0,6.0,63.6,-1.1,10,2,2,14,43% below 52w high; low D/E 1; rev +18%,strong promoter 72.6%
OFSS,ORACLE FIN SERV SOFT LTD.,Technology,11826.0,1.2772351615326822,30.253262,49.897000000000006,0.567,72.5,13.4,176.0,38.9,9.9,10,2,2,14,ROE 50%; low D/E 1; margin 38%; earnings +120%; rev +69%,strong promoter 72.5%
CAPITALSFB,CAPITAL SMALL FIN BANK L,Financial Services,287.45001220703125,11.198640294401754,8.684291,10.521,34.18320437746124,40.9,17.0,10.0,61.3,12.4,9,4,1,14,low D/E 34; margin 29%; earnings +28%; rev +21%; PE 9,promoter 40.9%
THANGAMAYL,THANGAMAYIL JEWELLERY LTD,Consumer Cyclical,5457.0,26.55450874831763,43.402527,27.927000000000003,64.492,63.6,18.5,29.0,44.9,12.8,10,2,2,14,27% below 52w high; ROE 28%; earnings +86%; rev +71%,strong promoter 63.6%
IEX,INDIAN ENERGY EXC LTD,Financial Services,123.3499984741211,23.03612954023224,21.678383,39.419997,0.818,13.4,35.2,67.0,43.6,8.8,11,2,1,14,23% below 52w high; ROE 39%; low D/E 1; margin 66%; rev +10%,institutional 35.2%
EXPLEOSOL,EXPLEO SOLUTIONS LIMITED,Technology,883.1500244140625,24.844690429535635,11.050426,17.559,1.011,71.0,0.1,3.0,47.5,-19.1,12,0,2,14,25% below 52w high; low D/E 1; earnings +73%; rev +13%; PE 11,strong promoter 71.0%
ROUTE,ROUTE MOBILE LIMITED,Communication Services,503.3500061035156,45.38302740475939,12.7689,9.722,1.488,74.9,4.3,19.0,35.5,9.6,10,2,2,14,45% below 52w high; low D/E 1; earnings +18%; PE 13,strong promoter 74.9%
TBZ,TRIB BHIMJI ZAVERI LTD,Consumer Cyclical,248.8500061035156,15.84376197817472,7.771705,27.058,105.734,75.2,0.0,0.0,33.3,22.6,10,2,2,14,ROE 27%; earnings +62%; rev +35%; PE 8,strong promoter 75.2%; ⚠ very high promoter = low float
PRIVISCL,PRIVI SPECIALITY CHE LTD,Basic Materials,3450.300048828125,8.850024982926023,39.79585,24.757999,74.399,59.6,9.3,18.0,62.6,8.3,8,4,2,14,ROE 25%; earnings +36%; rev +19%,strong promoter 59.6%
GOLDIAM,GOLDIAM INTERNATIONAL LTD,Consumer Cyclical,363.1499938964844,8.80211382121298,26.144707,18.38,6.931,61.2,0.4,5.0,43.4,10.6,10,2,2,14,ROE 18%; low D/E 7; margin 20%; earnings +108%; rev +42%,strong promoter 61.2%
IZMO,IZMO LIMITED,Technology,866.4500122070312,36.971699790312904,28.15892,12.384,4.055,44.8,3.2,1.0,51.1,3.9,12,1,1,14,37% below 52w high; low D/E 4; margin 17%; earnings +150%; rev +82%,promoter 44.8%
GHCL,GHCL LIMITED,Basic Materials,443.1499938964844,33.58063762160491,7.9105673,13.420999,2.345,37.5,20.9,38.0,62.0,-5.1,13,1,0,14,34% below 52w high; low D/E 2; margin 17%; earnings +40%; PE 8,
TATAELXSI,TATA ELXSI LIMITED,Technology,3660.0,38.4873949579832,34.847187,26.33,5.336,44.9,15.1,101.0,37.8,-0.3,13,0,1,14,38% below 52w high; ROE 26%; low D/E 5; margin 17%; earnings +18%; rev +14%,promoter 44.9%
APLLTD,ALEMBIC PHARMA LTD,Healthcare,814.0999755859375,18.752497446513225,23.049263,12.356,25.224,70.7,17.1,42.0,52.1,5.0,9,3,2,14,low D/E 25; rev +26%,strong promoter 70.7%
TMB,TAMILNAD MERCA BANK LTD,Financial Services,869.7000122070312,5.158122987237595,9.538276,14.521,6.9237275252095385,29.6,4.1,30.0,46.6,9.7,11,3,0,14,low D/E 7; margin 41%; earnings +35%; rev +18%; PE 10,
SUDEEPPHRM,SUDEEP PHARMA LIMITED,Healthcare,1107.800048828125,6.118639929819915,68.42496,25.056,16.749,85.1,6.5,17.0,43.3,6.0,10,2,2,14,ROE 25%; low D/E 17; margin 27%; earnings +28%; rev +27%,strong promoter 85.1%; ⚠ very high promoter = low float
LAOPALA,LA OPALA RG LIMITED,Consumer Cyclical,178.35000610351562,31.92747858644442,21.206898,11.224,1.077,66.7,19.7,11.0,50.6,5.3,9,3,2,14,32% below 52w high; low D/E 1; margin 30%,strong promoter 66.7%
HAL,HINDUSTAN AERONAUTICS LTD,Industrials,4998.0,2.949569996003601,35.835663,23.979001,0.16,71.6,15.8,206.0,46.7,9.7,9,3,2,14,ROE 24%; low D/E 0; margin 28%; rev +14%,strong promoter 71.6%
BAJAJHCARE,BAJAJ HEALTHCARE LIMITED,Healthcare,325.95001220703125,36.81915162201601,46.431625,4.2659997999999995,46.734,64.0,1.9,4.0,47.3,10.6,9,3,2,14,37% below 52w high; low D/E 47; rev +11%,strong promoter 64.0%
JAMNAAUTO,JAMNA AUTO IND LTD,Consumer Cyclical,121.43000030517578,20.425953179317563,20.792809,21.584,13.054,53.1,7.6,22.0,47.0,6.7,9,3,2,14,20% below 52w high; ROE 22%; low D/E 13,strong promoter 53.1%
PNGJL,P N GADGIL JEWELLERS LTD,Consumer Cyclical,609.4500122070312,17.239273220834374,18.563812,23.306999,88.504,76.6,4.7,13.0,52.6,13.6,9,3,2,14,ROE 23%; earnings +52%; rev +41%,strong promoter 76.6%; ⚠ very high promoter = low float
MARICO,MARICO LIMITED,Consumer Defensive,858.3499755859375,3.4585536884909978,59.0337,41.393003,12.394,59.0,25.2,250.0,58.2,-0.9,9,1,4,14,ROE 41%; low D/E 12; earnings +25%; rev +21%,strong promoter 59.0%; institutional 25.2%; 250 institutions
SANSTAR,SANSTAR LIMITED,Basic Materials,105.2300033569336,23.463525236264843,43.6639,5.092,2.868,77.0,0.0,0.0,47.5,15.2,9,3,2,14,23% below 52w high; low D/E 3; earnings +245%; rev +22%,strong promoter 77.0%; ⚠ very high promoter = low float
VIKRAN,VIKRAN ENGINEERING LTD,Industrials,62.619998931884766,47.11148807021105,16.097685,10.755,24.318,87.3,5.4,1.0,43.7,7.1,10,2,2,14,47% below 52w high; low D/E 24; earnings +119%; PE 16,strong promoter 87.3%; ⚠ very high promoter = low float
TIPSMUSIC,TIPS MUSIC LIMITED,Communication Services,651.0499877929688,12.139002996900304,38.729923,92.331004,1.962,65.6,8.1,39.0,45.2,12.7,9,3,2,14,ROE 92%; low D/E 2; margin 54%; rev +21%,strong promoter 65.6%
SHK,S H KELKAR AND CO. LTD.,Basic Materials,158.5399932861328,42.45372294514235,24.849527,5.2490000000000006,75.521,66.9,11.5,14.0,46.3,8.4,9,3,2,14,42% below 52w high; earnings +77%; rev +14%,strong promoter 66.9%
SSWL,STEEL STRIPS WHEELS LTD.,Consumer Cyclical,304.79998779296875,7.186360092002508,22.594515,15.49,45.898,77.5,1.8,9.0,48.2,5.4,9,3,2,14,low D/E 46; earnings +46%; rev +27%,strong promoter 77.5%; ⚠ very high promoter = low float
IGL,INDRAPRASTHA GAS LTD,Utilities,150.5500030517578,32.63981966364304,16.489595,13.926,0.848,50.0,41.6,92.0,50.9,-13.2,10,0,4,14,33% below 52w high; low D/E 1; rev +17%; PE 16,strong promoter 50.0%; high institutional 41.6%
RSYSTEMS,R SYS INTERNATIONAL LTD,Technology,241.6000061035156,51.37854516580123,15.536978,17.333001,28.616,73.6,9.1,12.0,48.7,9.7,9,3,2,14,51% below 52w high; low D/E 29; rev +30%; PE 16,strong promoter 73.6%
WEBELSOLAR,WEBSOL ENERGY SYSTEM LTD,Technology,82.8499984741211,41.44876432924304,11.538998,66.685,20.729,32.6,3.1,15.0,56.5,-3.0,13,1,0,14,41% below 52w high; ROE 67%; low D/E 21; margin 26%; rev +70%; PE 12,
HCLTECH,HCL TECHNOLOGIES LTD,Technology,1318.4000244140625,25.936742739401588,20.10369,24.067,7.058,62.8,28.3,293.0,51.9,-0.4,9,1,4,14,26% below 52w high; ROE 24%; low D/E 7,strong promoter 62.8%; institutional 28.3%; 293 institutions
BIKAJI,BIKAJI FOODS INTERN LTD,Consumer Defensive,607.0,25.858068773730142,58.98931,15.96,17.531,73.9,19.5,60.0,54.7,7.0,9,3,2,14,26% below 52w high; low D/E 18; rev +12%,strong promoter 73.9%
INDNIPPON,INDIA NIPPON ELECT  LTD,Consumer Cyclical,1100.800048828125,13.878885082189749,21.652243,14.508,0.2313321076790084,70.9,0.2,3.0,48.6,5.6,9,3,2,14,low D/E 0; earnings +35%; rev +27%,strong promoter 70.9%
CENTRALBK,CENTRAL BANK OF INDIA,Financial Services,31.06999969482422,24.071356096971623,6.1646824,11.5600005,47.829896376951794,81.2,9.4,36.0,54.4,9.4,9,3,2,14,24% below 52w high; low D/E 48; margin 28%; PE 6,strong promoter 81.2%; ⚠ very high promoter = low float
EMCURE,EMCURE PHARMACEUTICALS L,Healthcare,1881.4000244140625,8.134764432907104,35.278454,19.573,30.567,81.8,9.4,36.0,56.3,6.7,9,3,2,14,ROE 20%; low D/E 31; earnings +42%; rev +23%,strong promoter 81.8%; ⚠ very high promoter = low float
INOXGREEN,INOX GREEN ENERGY SER LTD,Utilities,175.0800018310547,37.24731117166499,55.23028,5.6579999999999995,5.147,64.7,5.0,19.0,49.6,5.8,9,3,2,14,37% below 52w high; low D/E 5; margin 45%; earnings +74%,strong promoter 64.7%
DOLATALGO,DOLAT ALGOTECH LIMITED,Financial Services,74.9000015258789,21.783625882417628,10.232241,12.114,25.082,30.8,0.0,1.0,61.3,0.5,12,2,0,14,22% below 52w high; low D/E 25; margin 36%; earnings +18%; PE 10,
UCOBANK,UCO BANK,Financial Services,25.809999465942383,24.532166987811372,11.471111,8.541001,55.06840735447284,91.0,2.6,21.0,45.3,7.6,9,3,2,14,25% below 52w high; margin 22%; rev +53%; PE 11,strong promoter 91.0%; ⚠ very high promoter = low float
GPTHEALTH,GPT HEALTHCARE LIMITED,Healthcare,151.41000366210938,13.47999790736607,26.286457,16.323999999999998,33.842,66.8,7.4,4.0,54.0,5.0,9,3,2,14,low D/E 34; earnings +65%; rev +18%,strong promoter 66.8%
PNB,PUNJAB NATIONAL BANK,Financial Services,118.0,12.68960020051506,6.139438,14.965999,57.52280655710771,70.1,19.3,180.0,46.5,-3.7,10,1,2,13,margin 38%; rev +15%; PE 6,strong promoter 70.1%
SPLPETRO,SUPREME PETROCHEM LIMITED,Basic Materials,700.7000122070312,28.426965045247066,27.169445,14.316,5.61,66.2,6.7,44.0,46.1,3.9,10,1,2,13,28% below 52w high; low D/E 6; earnings +194%; rev +24%,strong promoter 66.2%
USHAMART,USHA MARTIN LTD.,Basic Materials,495.6499938964844,6.037915849007701,28.40401,16.228001,6.922,40.2,26.9,47.0,51.5,5.7,8,3,2,13,low D/E 7; earnings +41%; rev +16%,promoter 40.2%; institutional 26.9%
BANKINDIA,BANK OF INDIA,Financial Services,142.8000030517578,19.937204214457676,5.286931,13.697,118.52780403005494,73.4,15.3,102.0,45.0,4.6,10,1,2,13,margin 35%; earnings +80%; rev +18%; PE 5,strong promoter 73.4%
INDIANB,INDIAN BANK,Financial Services,871.0,12.97832163508111,9.1771145,16.171,45.98357105386151,76.4,17.0,124.0,44.4,-7.6,12,-1,2,13,low D/E 46; margin 36%; earnings +48%; rev +10%; PE 9,strong promoter 76.4%; ⚠ very high promoter = low float
FRACTAL,FRACTAL ANALYTICS LIMITED,Technology,855.25,23.501788908765658,44.777485,11.5839995,13.131,64.5,10.7,30.0,47.8,6.2,8,3,2,13,24% below 52w high; low D/E 13; earnings +77%; rev +20%,strong promoter 64.5%
HONDAPOWER,HONDA I POWER PRODUCT LTD,Industrials,2073.699951171875,35.51928012525264,31.917807,7.7080004,0.123,67.3,18.8,10.0,57.8,-2.9,10,1,2,13,36% below 52w high; low D/E 0; earnings +17%; rev +22%,strong promoter 67.3%
SATIN,SATIN CREDIT NET LTD,Financial Services,226.97999572753903,17.20289501748855,6.093423,12.28,383.33,59.7,6.8,8.0,51.2,8.7,8,3,2,13,margin 25%; earnings +172%; rev +26%; PE 6,strong promoter 59.7%
CAPLIPOINT,CAPLIN POINT LAB LTD.,Healthcare,2529.699951171875,6.272695399337717,28.940622,19.939,0.127,73.4,5.7,45.0,46.7,-0.1,10,1,2,13,ROE 20%; low D/E 0; margin 29%; earnings +16%; rev +20%,strong promoter 73.4%
VINATIORGA,VINATI ORGANICS LTD,Basic Materials,1330.5,28.07719431100485,30.763006,14.903,0.0,75.3,11.4,33.0,55.1,-4.7,10,1,2,13,28% below 52w high; low D/E 0; margin 19%; rev +28%,strong promoter 75.3%; ⚠ very high promoter = low float
NAM-INDIA,NIPPON L I A M LTD,Financial Services,1232.5,2.6615031173145685,48.928146,34.476003,1.617,0.6,90.1,115.0,50.8,-3.7,10,1,2,13,ROE 34%; low D/E 2; margin 53%; earnings +26%; rev +24%,high institutional 90.1%
GRINFRA,G R INFRAPROJECTS LIMITED,Industrials,884.0,34.27509293680298,8.417444,10.0880004,51.877,75.8,21.2,23.0,55.1,-2.2,10,1,2,13,34% below 52w high; earnings +46%; rev +40%; PE 8,strong promoter 75.8%; ⚠ very high promoter = low float
JAYNECOIND,JAYASWAL NECO INDUSTR LTD,Basic Materials,93.68000030517578,19.93162367078993,16.123924,25.69,74.729,69.2,0.3,10.0,45.4,2.1,10,1,2,13,ROE 26%; earnings +108%; rev +28%; PE 16,strong promoter 69.2%
GULPOLY,GULSHAN POLYOLS LIMITED,Basic Materials,191.9199981689453,15.687741487441984,8.362527,16.091,43.497,68.9,0.0,0.0,50.0,0.7,10,1,2,13,low D/E 43; earnings +307%; PE 8,strong promoter 68.9%
VSTIND,VST INDUSTRIES LTD,Consumer Defensive,212.86000061035156,25.77585552813724,13.180186,21.114,,62.2,6.8,12.0,57.6,9.5,8,3,2,13,26% below 52w high; ROE 21%; margin 20%; PE 13,strong promoter 62.2%
AEROENTER,AEROFLEX ENTERPRISES LTD,Basic Materials,130.64999389648438,12.637919605212128,9.8159275,9.559,4.218,67.9,0.0,0.0,47.4,-3.9,10,1,2,13,low D/E 4; margin 16%; earnings +848%; rev +148%; PE 10,strong promoter 67.9%
STYL,SESHAASAI TECHNOLOGIES L,Technology,401.3500061035156,8.252372864589312,23.762583,23.236,5.865,85.9,7.1,15.0,45.5,1.5,10,1,2,13,ROE 23%; low D/E 6; margin 17%; earnings +49%; rev +21%,strong promoter 85.9%; ⚠ very high promoter = low float
VBL,VARUN BEVERAGES LIMITED,Consumer Defensive,438.2999877929687,21.140698557152156,43.74251,16.853,15.869,60.6,24.1,237.0,55.2,2.1,10,1,2,13,21% below 52w high; low D/E 16; earnings +16%; rev +20%,strong promoter 60.6%
VENUSPIPES,VENUS PIPES & TUBES LTD,Basic Materials,1540.9000244140625,17.81866536458333,30.787214,16.994,42.948,51.7,16.5,16.0,53.2,7.5,8,3,2,13,low D/E 43; rev +16%,strong promoter 51.7%
JAGSNPHARM,JAGSONPAL PHARMACEUTICALS,Healthcare,232.9900054931641,11.91304140145026,34.774628,16.695,2.956,76.1,2.6,6.0,45.1,5.8,8,3,2,13,low D/E 3; margin 15%; earnings +25%,strong promoter 76.1%; ⚠ very high promoter = low float
GLAXO,GLAXOSMITHKLINE PHARMA LT,Healthcare,2999.699951171875,1.8069315832418944,47.56144,49.113,1.467,75.6,9.2,79.0,56.6,1.8,10,1,2,13,ROE 49%; low D/E 1; margin 27%; earnings +16%; rev +17%,strong promoter 75.6%; ⚠ very high promoter = low float
JKTYRE,JK TYRE & INDUSTRIES LTD,Consumer Cyclical,373.3999938964844,38.97696045133496,16.544085,14.051,80.551,61.1,14.7,59.0,47.8,9.2,8,3,2,13,39% below 52w high; PE 17,strong promoter 61.1%
KRISHIVAL,KRISHIVAL FOODS LIMITED,Consumer Defensive,393.5499877929687,22.529529962014024,41.339283,12.996,18.086,77.1,0.0,0.0,74.9,-6.6,10,1,2,13,23% below 52w high; low D/E 18; earnings +16%; rev +80%,strong promoter 77.1%; ⚠ very high promoter = low float
BALUFORGE,BALU FORGE INDUSTRIES LTD,Industrials,546.75,21.556671449067434,22.453798,19.556,9.524,64.2,2.5,14.0,43.2,-20.8,12,-1,2,13,22% below 52w high; ROE 20%; low D/E 10; margin 23%; earnings +88%; rev +29%,strong promoter 64.2%
IRMENERGY,IRM ENERGY LIMITED,Utilities,285.6000061035156,27.32824272175175,16.035936,5.4619998,7.333,75.4,2.3,2.0,47.8,-1.0,10,1,2,13,27% below 52w high; low D/E 7; earnings +143%; rev +24%; PE 16,strong promoter 75.4%; ⚠ very high promoter = low float
JSL,JINDAL STAINLESS LIMITED,Basic Materials,718.4000244140625,18.73302891243637,18.238132,17.407,37.523,64.7,16.2,149.0,56.5,5.7,8,3,2,13,low D/E 38; rev +10%,strong promoter 64.7%
ASTRAZEN,ASTRAZENECA PHARMA IND LT,Healthcare,7507.0,23.782933143814407,111.21481,22.825001,12.679,81.5,8.7,34.0,54.3,8.2,8,3,2,13,24% below 52w high; ROE 23%; low D/E 13; rev +30%,strong promoter 81.5%; ⚠ very high promoter = low float
PACEDIGITK,PACE DIGITEK LIMITED,Technology,175.3699951171875,24.393189297467448,12.419971,17.754998999999998,43.556,71.1,3.8,3.0,45.6,3.7,10,1,2,13,24% below 52w high; low D/E 44; rev +51%; PE 12,strong promoter 71.1%
BANCOINDIA,BANCO PRODUCTS (I) LTD,Consumer Cyclical,625.4500122070312,28.909977166968336,18.912912,32.25,36.44,70.0,1.3,20.0,47.3,2.4,10,1,2,13,29% below 52w high; ROE 32%; low D/E 36; rev +22%,strong promoter 70.0%
POWERGRID,POWER GRID CORP. LTD.,Utilities,264.79998779296875,18.51054690089991,13.18725,16.492,150.813,52.9,35.9,306.0,62.5,1.1,7,2,4,13,margin 34%; PE 13,strong promoter 52.9%; institutional 35.9%; 306 institutions
POWERMECH,POWER MECH PROJECTS LTD.,Industrials,2455.60009765625,24.67484363017638,19.833616,17.255000000000003,25.632,58.4,24.5,29.0,51.4,-1.1,10,1,2,13,25% below 52w high; low D/E 26; earnings +52%; rev +26%,strong promoter 58.4%
JUBLFOOD,JUBILANT FOODWORKS LTD,Consumer Cyclical,507.2999877929687,24.02845559071977,89.31338,16.893,2.655,40.7,45.3,144.0,43.0,-4.1,10,0,3,13,24% below 52w high; low D/E 3; earnings +103%; rev +20%,promoter 40.7%; high institutional 45.3%
SGFIN,SG FINSERVE LIMITED,Financial Services,684.6500244140625,5.883564104029176,25.738722,18.30999999999999,185.189,72.2,1.5,6.0,48.5,8.1,8,3,2,13,ROE 18%; margin 39%; earnings +119%; rev +101%,strong promoter 72.2%
BLUEJET,BLUE JET HEALTHCARE LTD,Healthcare,595.2999877929688,24.550064918508397,43.901176,19.881001,3.102,76.0,5.9,21.0,50.0,5.5,8,3,2,13,25% below 52w high; ROE 20%; low D/E 3; margin 27%,strong promoter 76.0%; ⚠ very high promoter = low float
AJANTPHARM,AJANTA PHARMA LIMITED,Healthcare,3658.60009765625,3.619597005894362,40.217655,25.393,5.874,54.3,24.5,93.0,46.9,-3.9,10,1,2,13,ROE 25%; low D/E 6; margin 20%; earnings +31%; rev +25%,strong promoter 54.3%
DSSL,DYNACONS SYS & SOLN LTD,Technology,1093.699951171875,43.17851603143133,16.385017,31.044,75.024,63.5,0.3,3.0,59.9,-0.1,10,1,2,13,43% below 52w high; ROE 31%; PE 16,strong promoter 63.5%
ATULAUTO,ATUL AUTO LIMITED,Consumer Cyclical,487.3500061035156,18.305252522668848,28.633959,12.61999999999999,29.896800612164704,62.0,0.0,1.0,40.8,10.9,9,2,2,13,low D/E 30; earnings +56%; rev +25%,strong promoter 62.0%
MSTCLTD,MSTC LIMITED,Industrials,692.3499755859375,6.929701187834847,20.797535,26.6,16.041,64.7,3.4,16.0,46.4,-0.2,10,1,2,13,ROE 27%; low D/E 16; margin 61%; earnings +38%; rev +22%,strong promoter 64.7%
BHARTIARTL,BHARTI AIRTEL LIMITED,Communication Services,1941.699951171875,10.705911649948264,40.57041,20.151,100.415,53.1,36.5,430.0,66.0,4.1,7,2,4,13,ROE 20%; earnings +35%; rev +18%,strong promoter 53.1%; institutional 36.5%; 430 institutions
UNITDSPR,UNITED SPIRITS LIMITED,Consumer Defensive,1544.0,0.3870967741935484,64.955826,20.034,4.611,59.5,25.1,177.0,57.6,5.6,7,3,3,13,ROE 20%; low D/E 5,strong promoter 59.5%; institutional 25.1%
SEDEMAC,SEDEMAC MECHATRONICS LTD,Consumer Cyclical,3261.39990234375,2.636058456436783,120.48023,27.527002,16.126,40.5,44.0,22.0,47.9,-0.3,9,1,3,13,ROE 28%; low D/E 16; earnings +91%; rev +42%,promoter 40.5%; high institutional 44.0%
NUVOCO,NUVOCO VISTAS CORP LTD,Basic Materials,321.70001220703125,32.62826969486257,29.787037,2.94,48.061,72.0,26.8,44.0,46.9,1.9,9,1,3,13,33% below 52w high; low D/E 48; earnings +20%,strong promoter 72.0%; institutional 26.8%
VGUARD,V-GUARD IND LTD.,Industrials,336.8500061035156,14.112698720238177,40.584335,13.793,6.964,55.5,34.6,43.0,53.1,2.8,9,1,3,13,low D/E 7; earnings +76%; rev +24%,strong promoter 55.5%; institutional 34.6%
PFC,POWER FIN CORP LTD.,Financial Services,363.7999877929687,25.22096859342883,4.609147,20.466,536.837,56.0,25.1,214.0,61.2,3.3,8,2,3,13,25% below 52w high; ROE 20%; margin 54%; PE 5,strong promoter 56.0%; institutional 25.1%
ICICIBANK,ICICI BANK LTD.,Financial Services,1411.9000244140625,4.601349701752533,18.24396,16.073999,57.1853421694851,3.5,59.0,426.0,61.1,2.8,8,2,3,13,margin 28%; rev +11%,high institutional 59.0%; 426 institutions
PNCINFRA,PNC INFRATECH LTD.,Industrials,209.33999633789065,35.58769343449519,7.329832,12.989999999999998,75.883,56.1,28.3,34.0,50.8,3.3,9,1,3,13,36% below 52w high; rev +19%; PE 7,strong promoter 56.1%; institutional 28.3%
SBFC,SBFC FINANCE LIMITED,Financial Services,93.98999786376952,23.585367590431275,21.557339,13.038999,195.685,61.5,25.3,41.0,57.9,-8.4,10,0,3,13,24% below 52w high; margin 45%; earnings +29%; rev +25%,strong promoter 61.5%; institutional 25.3%
SAFARI,SAFARI IND (INDIA) LTD,Consumer Cyclical,1490.199951171875,40.56081157010919,44.272133,16.223000000000003,10.456,54.5,32.6,48.0,56.7,0.6,9,1,3,13,41% below 52w high; low D/E 10; rev +12%,strong promoter 54.5%; institutional 32.6%
CERA,CERA SANITARYWARE LTD,Industrials,5858.5,13.078635014836795,37.293907,14.467,3.172,57.0,25.3,40.0,48.6,15.2,7,3,3,13,low D/E 3; rev +15%,strong promoter 57.0%; institutional 25.3%
DODLA,DODLA DAIRY LIMITED,Consumer Defensive,1138.0,24.133333333333333,28.06412,17.337,3.405,63.9,27.7,28.0,53.3,6.2,7,3,3,13,24% below 52w high; low D/E 3; rev +19%,strong promoter 63.9%; institutional 27.7%
EMAMILTD,EMAMI LIMITED,Consumer Defensive,407.3999938964844,35.76159160282533,23.755102,27.61,5.541,57.0,30.2,77.0,57.3,-5.1,10,0,3,13,36% below 52w high; ROE 28%; low D/E 6; margin 19%; rev +15%,strong promoter 57.0%; institutional 30.2%
SRF,SRF LTD,Industrials,2574.5,19.79750778816199,35.281624,13.763,36.195,52.4,31.5,157.0,53.6,-4.6,9,1,3,13,low D/E 36; earnings +76%; rev +32%,strong promoter 52.4%; institutional 31.5%
BBOX,BLACK BOX LIMITED,Technology,751.5499877929688,31.86310174134463,57.59004,21.267,89.594,75.1,5.6,19.0,45.6,1.3,10,1,2,13,32% below 52w high; ROE 21%; rev +24%,strong promoter 75.1%; ⚠ very high promoter = low float
GLENMARK,GLENMARK PHARMACEUTICALS,Healthcare,2332.89990234375,5.703318417795069,36.56583,14.069,5.646,49.0,27.9,113.0,46.3,5.5,8,3,2,13,low D/E 6; earnings +931%; rev +23%,promoter 49.0%; institutional 27.9%
SOBHA,SOBHA LIMITED,Real Estate,1303.5999755859375,24.73441249503825,60.54807,4.168,24.62,58.5,28.7,57.0,48.1,4.1,9,1,3,13,25% below 52w high; low D/E 25; earnings +274%; rev +50%,strong promoter 58.5%; institutional 28.7%
SWARAJENG,SWARAJ ENGINES LTD,Consumer Cyclical,3602.60009765625,20.73487133869637,21.681513,43.234003,0.419,57.4,8.7,11.0,60.3,-5.9,10,1,2,13,21% below 52w high; ROE 43%; low D/E 0; rev +22%,strong promoter 57.4%
NAVINFLUOR,NAVIN FLUORINE INT. LTD,Basic Materials,8256.0,5.9198906045239585,53.624317,20.105,32.091,29.3,40.9,108.0,51.7,2.4,10,1,2,13,ROE 20%; low D/E 32; margin 22%; earnings +101%; rev +44%,high institutional 40.9%
PUNJABCHEM,PUNJAB CHEM & CROP PROT L,Basic Materials,1167.0,23.91942229443639,21.890827,16.229999,36.418,80.9,3.5,1.0,51.2,8.2,8,3,2,13,24% below 52w high; low D/E 36,strong promoter 80.9%; ⚠ very high promoter = low float
FINPIPE,FINOLEX INDUSTRIES LTD,Industrials,158.61000061035156,28.714606467257724,15.940704,9.731,7.171,59.3,16.8,37.0,52.3,-1.6,10,1,2,13,29% below 52w high; low D/E 7; margin 16%; earnings +16%; PE 16,strong promoter 59.3%
AJMERA,AJMERA REALTY & INF I LTD,Real Estate,119.06999969482422,46.219510850350154,15.148854,11.054,46.832,73.2,2.4,6.0,49.0,-1.8,10,1,2,13,46% below 52w high; low D/E 47; rev +23%; PE 15,strong promoter 73.2%
ALEMBICLTD,ALEMBIC LIMITED,Real Estate,91.62999725341795,16.631794922770343,7.336269,13.269,0.435,72.4,0.9,8.0,59.3,0.4,10,1,2,13,low D/E 0; margin 134%; PE 7,strong promoter 72.4%
JAICORPLTD,JAI CORP LIMITED,Basic Materials,100.52999877929688,43.59852127408488,10.406833,11.554,0.033,74.4,1.6,6.0,45.0,7.5,8,3,2,13,44% below 52w high; low D/E 0; margin 15%; PE 10,strong promoter 74.4%
BIRLACORPN,BIRLA CORPORATION LTD,Basic Materials,891.5,33.7716353785726,12.392271,7.754999999999999,46.04,64.3,20.6,37.0,54.5,-2.4,10,1,2,13,34% below 52w high; low D/E 46; earnings +49%; PE 12,strong promoter 64.3%
SJS,SJS ENTERPRISES LIMITED,Consumer Cyclical,2497.89990234375,3.5559883264961387,38.452892,21.881,2.639,23.9,42.4,40.0,53.1,2.9,10,1,2,13,ROE 22%; low D/E 3; margin 21%; earnings +111%; rev +24%,high institutional 42.4%
UDS,UPDATER SERVICES LIMITED,Industrials,212.75,20.078891719006258,16.479473,8.193999999999999,4.253,67.7,11.8,7.0,50.5,7.7,8,3,2,13,20% below 52w high; low D/E 4; PE 16,strong promoter 67.7%
THELEELA,LEELA PALACES HOTEL LTD,Consumer Cyclical,539.7000122070312,0.8542231261976335,39.889137,8.014000000000001,28.065,75.9,12.1,42.0,54.6,10.9,8,3,2,13,low D/E 28; margin 28%; earnings +387%; rev +28%,strong promoter 75.9%; ⚠ very high promoter = low float
CARRARO,CARRARO INDIA LIMITED,Consumer Cyclical,525.75,21.241853102534403,22.51606,25.534,27.433,68.8,16.2,14.0,60.2,-7.6,10,1,2,13,21% below 52w high; ROE 26%; low D/E 27; rev +10%,strong promoter 68.8%
MUTHOOTFIN,MUTHOOT FINANCE LIMITED,Financial Services,2970.0,28.425111459211955,10.482477,31.735000000000003,393.56,73.4,17.6,212.0,51.7,-3.9,10,1,2,13,28% below 52w high; ROE 32%; margin 56%; earnings +39%; rev +35%; PE 10,strong promoter 73.4%
INGERRAND,INGERSOLL-RAND INDIA LTD,Industrials,4705.60009765625,1.323213770458366,55.399105,41.799,1.468,75.2,10.6,27.0,50.9,-1.5,10,1,2,13,ROE 42%; low D/E 1; margin 18%; earnings +20%; rev +20%,strong promoter 75.2%; ⚠ very high promoter = low float
GPTINFRA,GPT INFRAPROJECTS LTD,Industrials,112.87000274658205,24.753331502278648,14.489089,17.464,49.76,69.4,11.4,5.0,58.6,4.9,10,1,2,13,25% below 52w high; low D/E 50; PE 14,strong promoter 69.4%
HESTERBIO,HESTER BIOSCIENCES LTD,Healthcare,2413.10009765625,10.079743261160408,15.202546,16.555001,52.964,68.8,0.2,5.0,46.4,12.5,8,3,2,13,margin 42%; earnings +459%; PE 15,strong promoter 68.8%
ANTELOPUS,ANTELOPUS SELAN ENRGY LTD,Energy,796.6500244140625,14.673592504426695,21.232676,14.704999999999998,0.542,71.9,0.2,4.0,50.5,2.3,10,1,2,13,low D/E 1; margin 32%; earnings +159%; rev +65%,strong promoter 71.9%
JTLIND,JTL INDUSTRIES LIMITED,Basic Materials,74.61000061035156,14.438069700121035,24.067743,7.521,16.038,58.6,0.3,6.0,48.0,5.0,8,3,2,13,low D/E 16; earnings +143%; rev +33%,strong promoter 58.6%
SONATSOFTW,SONATA SOFTWARE LTD,Technology,306.0,27.402135231316727,18.31239,25.724000000000004,37.962,41.9,29.7,49.0,30.6,9.4,9,2,2,13,27% below 52w high; ROE 26%; low D/E 38; rev +11%,promoter 41.9%; institutional 29.7%
POWERICA,POWERICA LIMITED,Industrials,533.9000244140625,21.13154372013215,40.569912,17.886999,28.506,77.2,,12.0,53.5,-1.5,10,1,2,13,21% below 52w high; low D/E 29; rev +27%,strong promoter 77.2%; ⚠ very high promoter = low float
VIMTALABS,VIMTA LABS LIMITED,Healthcare,640.4000244140625,29.053342148883708,35.896862,18.55,0.729,65.7,4.4,9.0,41.5,2.2,11,0,2,13,29% below 52w high; ROE 19%; low D/E 1; margin 19%; rev +12%,strong promoter 65.7%
HINDCOPPER,HINDUSTAN COPPER LTD,Basic Materials,560.0999755859375,26.307481799670256,47.62755,30.602,3.319,66.1,7.3,67.0,35.3,-8.9,12,-1,2,13,26% below 52w high; ROE 31%; low D/E 3; margin 32%; earnings +162%; rev +81%,strong promoter 66.1%
RHETAN,RHETAN TMT LIMITED,Basic Materials,22.030000686645508,36.8224796058095,137.6875,10.1660006,38.419,82.7,0.0,0.0,19.9,15.1,9,2,2,13,37% below 52w high; low D/E 38; margin 54%; earnings +300%,strong promoter 82.7%; ⚠ very high promoter = low float
BRIGHOTEL,BRIGADE HOTEL VENTURE LTD,Consumer Cyclical,59.90999984741211,34.45295530936151,33.283333,11.928,31.381,74.2,17.1,7.0,66.2,4.7,9,2,2,13,34% below 52w high; low D/E 31; earnings +43%,strong promoter 74.2%
SFL,SHEELA FOAM LIMITED,Consumer Cyclical,666.2000122070312,19.971169146749133,33.97246,5.119,27.85,65.4,20.5,30.0,45.5,5.1,8,3,2,13,low D/E 28; earnings +726%; rev +26%,strong promoter 65.4%
JUSTDIAL,JUSTDIAL LTD.,Communication Services,680.6500244140625,22.530156689324095,11.489703,11.66,1.655,74.1,12.8,30.0,35.4,8.4,9,2,2,13,23% below 52w high; low D/E 2; margin 40%; PE 11,strong promoter 74.1%
DLINKINDIA,D-LINK INDIA LTD,Technology,438.3999938964844,20.174802594283033,14.506949,21.211,2.928,59.3,0.6,5.0,50.0,-10.3,11,0,2,13,20% below 52w high; ROE 21%; low D/E 3; rev +30%; PE 15,strong promoter 59.3%
BORORENEW,BOROSIL RENEWABLES LTD,Technology,543.0,24.687933425797503,19.255318,43.72999999999999,10.74,57.8,4.6,22.0,49.2,-0.9,10,1,2,13,25% below 52w high; ROE 44%; low D/E 11; margin 24%; rev +17%,strong promoter 57.8%
IKS,INVENTURUS KNOWLEDGE SO L,Healthcare,1791.5999755859375,7.315055582724392,40.02681,31.441000000000003,26.873,71.0,9.9,52.0,53.0,2.1,10,1,2,13,ROE 31%; low D/E 27; margin 23%; earnings +28%; rev +21%,strong promoter 71.0%
DOLLAR,DOLLAR INDUSTRIES LIMITED,Consumer Cyclical,272.1499938964844,31.27525406654435,13.758846,11.806,30.541,73.7,2.8,9.0,57.4,-3.9,10,1,2,13,31% below 52w high; low D/E 31; earnings +22%; PE 14,strong promoter 73.7%
DHANUKA,DHANUKA AGRITECH LTD,Basic Materials,996.2999877929688,39.77877338669482,16.758621,18.624,1.822,70.2,19.5,21.0,53.5,2.5,10,1,2,13,40% below 52w high; ROE 19%; low D/E 2; PE 17,strong promoter 70.2%
ENRIN,SIEMENS ENERGY INDIA LTD,Utilities,3435.300048828125,13.42489796300088,82.18421,25.108985917421773,4.483,27.5,55.9,151.0,43.6,3.3,11,0,2,13,ROE 25%; low D/E 4; margin 16%; earnings +68%; rev +39%,high institutional 55.9%
RAILTEL,RAILTEL CORP OF IND LTD,Communication Services,280.75,32.00532716152446,26.06778,16.253999999999998,2.817,72.8,3.0,42.0,36.2,0.1,11,0,2,13,32% below 52w high; low D/E 3; earnings +25%; rev +28%,strong promoter 72.8%
CCL,CCL PRODUCTS (I) LTD,Consumer Defensive,1112.4000244140625,10.449197541455462,34.343933,18.002000000000002,56.487,49.2,26.1,63.0,54.2,6.2,8,3,2,13,ROE 18%; earnings +61%; rev +14%,promoter 49.2%; institutional 26.1%
PGHL,PROCTER & GAMBLE HEALTH L,Healthcare,5832.5,16.379928315412187,27.1216,61.592996,1.771,52.2,16.7,30.0,57.0,8.2,8,3,2,13,ROE 62%; low D/E 2; margin 25%,strong promoter 52.2%
IRB,IRB INFRA DEV LTD.,Industrials,18.950000762939453,20.87682605729627,24.294874,4.170999999999999,95.6,67.6,14.6,66.0,51.3,6.7,8,3,2,13,21% below 52w high; margin 15%; earnings +47%,strong promoter 67.6%
BASF,BASF INDIA LTD,Basic Materials,3856.199951171875,20.159837074457357,27.0307,10.965,3.35,73.8,9.8,27.0,48.6,11.7,8,3,2,13,20% below 52w high; low D/E 3; earnings +162%; rev +24%,strong promoter 73.8%
ALLDIGI,ALLDIGI TECH LIMITED,Industrials,802.8499755859375,19.715002441406252,14.321262,32.217,68.009,75.9,1.3,1.0,71.5,1.7,9,2,2,13,ROE 32%; earnings +22%; PE 14,strong promoter 75.9%; ⚠ very high promoter = low float
KIRLPNU,KIRLOSKAR PNEUMATIC COM L,Industrials,739.7999877929688,32.65668791493403,36.587536,21.471001,0.265,45.9,30.3,40.0,53.2,-5.7,11,0,2,13,33% below 52w high; ROE 21%; low D/E 0; earnings +32%,promoter 45.9%; institutional 30.3%
IGIL,INTL GEMOLOGICAL INST LTD,Basic Materials,335.79998779296875,14.336737807916135,28.361485,27.39999999999999,9.594,76.6,10.3,47.0,57.3,-5.9,11,0,2,13,ROE 27%; low D/E 10; margin 45%; earnings +32%; rev +23%,strong promoter 76.6%; ⚠ very high promoter = low float
MAZDOCK,MAZAGON DOCK SHIPBUIL LTD,Industrials,2570.0,16.0514770372712,38.70482,28.77,4.481,81.2,6.0,66.0,30.3,3.7,11,0,2,13,ROE 29%; low D/E 4; margin 20%; earnings +22%; rev +12%,strong promoter 81.2%; ⚠ very high promoter = low float
STALLION,STALLION IND FLUOROCHEM L,Basic Materials,226.8500061035156,46.47238965605291,39.179623,8.934000000000001,5.066,64.3,0.0,0.0,29.5,5.8,9,2,2,13,46% below 52w high; low D/E 5; earnings +22%,strong promoter 64.3%
FISCHER,FISCHER MEDICAL VENTURE L,Healthcare,38.95000076293945,68.76503471038096,86.55556,8.625,27.698,73.9,2.5,3.0,38.3,30.5,9,2,2,13,69% below 52w high; low D/E 28; earnings +2468%; rev +99%,strong promoter 73.9%
INDHOTEL,THE INDIAN HOTELS CO. LTD,Consumer Cyclical,735.8499755859375,9.372502675902386,48.443054,16.430001,18.987,39.3,37.8,235.0,58.5,7.0,9,3,1,13,low D/E 19; margin 21%; earnings +21%; rev +15%,institutional 37.8%
CHAMBLFERT,CHAMBAL FERTILIZERS LTD,Basic Materials,433.9500122070313,25.271223853131357,9.016206,20.451,10.274,23.7,12.2,71.0,54.3,14.1,10,3,0,13,25% below 52w high; ROE 20%; low D/E 10; PE 9,
GARUDA,GARUDA CONSTRUCT N ENG L,Industrials,182.25,26.89530775410275,12.457279,31.127,2.649,32.2,0.0,0.0,40.9,2.0,13,0,0,13,27% below 52w high; ROE 31%; low D/E 3; margin 23%; earnings +48%; rev +40%; PE 12,
REDINGTON,REDINGTON LIMITED,Technology,348.1000061035156,4.499312454453875,16.01196,13.089,27.26,26.0,37.7,87.0,32.1,7.2,10,2,1,13,low D/E 27; earnings +77%; rev +35%; PE 16,institutional 37.7%
NOCIL,NOCIL LIMITED,Basic Materials,161.66000366210938,20.948653465961183,41.030457,3.147,0.453,41.9,10.0,14.0,48.4,12.3,9,3,1,13,21% below 52w high; low D/E 0; earnings +61%; rev +20%,promoter 41.9%
BUILDPRO,SHANKARA BUILDPRO LIMITED,Consumer Cyclical,1263.0999755859375,8.471016261888586,23.347506,25.518998999999997,11.14,45.7,13.6,9.0,54.6,12.3,9,3,1,13,ROE 26%; low D/E 11; earnings +41%; rev +28%,promoter 45.7%
BAJAJCON,BAJAJ CONSUMER CARE LTD,Consumer Defensive,486.9500122070313,29.631501126151555,28.950655,30.78,2.092,44.0,23.7,26.0,54.7,-6.8,12,0,1,13,30% below 52w high; ROE 31%; low D/E 2; margin 18%; earnings +96%; rev +28%,promoter 44.0%
SESHAPAPER,SESHASAYEE PAPER & BOARDS,Basic Materials,230.36000061035156,21.408340854013293,14.012165,4.0949997,0.0,69.1,8.0,9.0,51.9,0.1,10,1,2,13,21% below 52w high; low D/E 0; earnings +107%; rev +28%; PE 14,strong promoter 69.1%
NEULANDLAB,NEULAND LAB LTD.,Healthcare,23568.0,1.31066538252167,60.595463,35.78,16.072,37.7,28.7,64.0,42.3,2.5,9,3,1,13,ROE 36%; low D/E 16; earnings +963%; rev +119%,institutional 28.7%
TEXRAIL,TEXMACO RAIL & ENG. LTD.,Industrials,105.4800033569336,31.058821335337523,20.245682,7.3850006,37.094,48.5,9.0,23.0,46.7,5.0,9,3,1,13,31% below 52w high; low D/E 37; earnings +68%,promoter 48.5%
GUJALKALI,GUJARAT ALKALIES & CHEM,Basic Materials,676.8499755859375,16.950923240989262,74.87279,0.32,6.128,79.3,3.8,9.0,41.7,6.5,9,2,2,13,low D/E 6; margin 18%; earnings +519%; rev +396%,strong promoter 79.3%; ⚠ very high promoter = low float
ACUTAAS,ACUTAAS CHEMICALS LIMITED,Basic Materials,3210.5,14.157754010695186,92.07055,23.516001,2.081,38.3,29.4,80.0,50.2,-1.9,11,1,1,13,ROE 24%; low D/E 2; margin 26%; earnings +67%; rev +59%,institutional 29.4%
DAMCAPITAL,DAM CAPITAL ADVISORS LTD,Financial Services,145.5399932861328,49.11189045939412,14.171371,24.398,25.432,42.6,8.5,7.0,53.1,-1.7,11,1,1,13,49% below 52w high; ROE 24%; low D/E 25; margin 32%; PE 14,promoter 42.6%
POCL,PONDY OXIDES & CHEM LTD,Basic Materials,503.25,22.2899908937353,27.850029,19.094,19.293,41.8,4.8,8.0,50.4,-0.1,11,1,1,13,22% below 52w high; ROE 19%; low D/E 19; earnings +35%; rev +55%,promoter 41.8%
STAR,STRIDES PHARMA SCI LTD,Healthcare,993.0,19.33387489845654,14.921111,20.033,55.821,30.8,29.7,62.0,46.6,-4.4,11,1,1,13,ROE 20%; earnings +57%; rev +13%; PE 15,institutional 29.7%
SBCL,SHIVALIK BIMETAL CON. LTD,Industrials,1025.3499755859375,7.212349642145821,55.544422,21.614,14.779,40.6,13.2,16.0,44.4,6.1,10,2,1,13,ROE 22%; low D/E 15; margin 17%; earnings +45%; rev +33%,promoter 40.6%
STYRENIX,STYRENIX PERFORMANCE LTD,Basic Materials,2108.5,23.01091621600299,13.770246,14.432,40.115,48.9,17.2,13.0,55.3,1.6,11,1,1,13,23% below 52w high; low D/E 40; earnings +152%; PE 14,promoter 48.9%
ASHAPURMIN,ASHAPURA MINECHEM LTD,Basic Materials,599.9500122070312,35.133528341389294,14.093259,29.049000000000003,87.774,49.8,17.5,21.0,46.3,1.9,11,1,1,13,35% below 52w high; ROE 29%; rev +19%; PE 14,promoter 49.8%
REPCOHOME,REPCO HOME FINANCE LTD,Financial Services,362.7999877929687,20.421146600114827,4.709242,14.64,318.337,37.1,30.8,22.0,61.2,6.2,8,4,1,13,20% below 52w high; margin 55%; rev +13%; PE 5,institutional 30.8%
NSIL,NALWA SONS INVESTMENT LTD,Financial Services,5631.0,35.49828178694158,52.06176,0.35499998,0.019,70.4,4.5,7.0,67.8,1.6,9,2,2,13,35% below 52w high; low D/E 0; margin 56%,strong promoter 70.4%
LAURUSLABS,LAURUS LABS LIMITED,Healthcare,1825.0,2.4481530699560485,90.43607,17.743000000000002,46.369,32.0,32.6,114.0,51.3,5.6,9,3,1,13,low D/E 46; margin 15%; earnings +125%; rev +29%,institutional 32.6%
SOTL,SAVITA OIL TECHNOLO. LTD,Basic Materials,688.5499877929688,15.494600133950746,11.407389,10.462,0.098,69.4,13.7,8.0,38.9,5.2,9,2,2,13,low D/E 0; earnings +415%; rev +50%; PE 11,strong promoter 69.4%
IKIO,IKIO TECHNOLOGIES LIMITED,Technology,195.6999969482422,22.617634768174412,32.89076,7.095,11.438,73.8,1.2,1.0,40.4,15.6,9,2,2,13,23% below 52w high; low D/E 11; earnings +363%; rev +41%,strong promoter 73.8%
METROBRAND,METRO BRANDS LIMITED,Consumer Cyclical,914.2999877929688,31.78902035661761,61.403625,22.094,77.476,86.2,10.0,47.0,60.8,3.0,9,2,2,13,32% below 52w high; ROE 22%; rev +15%,strong promoter 86.2%; ⚠ very high promoter = low float
BFINVEST,BF INVESTMENT LIMITED,Financial Services,451.5,22.780914901001857,6.0320644,3.6530003,0.001,82.2,0.0,1.0,47.7,-10.1,11,0,2,13,23% below 52w high; low D/E 0; margin 369%; earnings +27%; rev +42%; PE 6,strong promoter 82.2%; ⚠ very high promoter = low float
APCOTEXIND,APCOTEX INDUSTRIES LIMITE,Basic Materials,613.6500244140625,13.81319881824965,19.750565,17.274,15.522,62.0,1.8,7.0,43.5,7.1,9,2,2,13,low D/E 16; earnings +312%; rev +40%,strong promoter 62.0%
EPACKPEB,EPACK PREFAB TECHN LTD,Industrials,232.8999938964844,32.29651340218477,24.750265,17.021998999999997,15.606,75.2,2.5,2.0,35.8,9.9,9,2,2,13,32% below 52w high; low D/E 16; rev +24%,strong promoter 75.2%; ⚠ very high promoter = low float
MANINFRA,MAN INFRA LTD,Industrials,110.29000091552734,34.97052066837092,20.576492,10.152,2.766,66.0,1.6,10.0,39.6,3.6,11,0,2,13,35% below 52w high; low D/E 3; margin 34%; earnings +21%; rev +19%,strong promoter 66.0%
CAPILLARY,CAPILLARY TECHNO INDIA L,Technology,506.9500122070313,36.54796865117692,96.561905,6.582000000000001,5.238,64.9,22.4,18.0,36.6,15.0,9,2,2,13,37% below 52w high; low D/E 5; earnings +306%; rev +43%,strong promoter 64.9%
GRSE,GARDEN REACH SHIP&ENG LTD,Industrials,2617.800048828125,21.59927975956499,37.445286,31.791002,1.424,74.5,3.8,50.0,35.7,3.1,11,0,2,13,22% below 52w high; ROE 32%; low D/E 1; earnings +44%; rev +38%,strong promoter 74.5%
TECHM,TECH MAHINDRA LIMITED,Technology,1592.0999755859375,14.12621490906486,27.511663,17.14999999999999,7.269,37.1,44.5,238.0,60.1,3.2,9,2,2,13,low D/E 7; earnings +28%; rev +18%,high institutional 44.5%
BAYERCROP,BAYER CROPSCIENCE LTD,Basic Materials,4066.800048828125,28.014867708148948,24.980343,23.7,2.758,71.7,12.5,63.0,58.2,-0.3,10,1,2,13,28% below 52w high; ROE 24%; low D/E 3; earnings +15%,strong promoter 71.7%
TRAVELFOOD,TRAVEL FOOD SERVICES LTD,Consumer Cyclical,1316.199951171875,10.517375122337953,36.48004,35.699,16.722,86.2,8.9,28.0,52.8,2.6,10,1,2,13,ROE 36%; low D/E 17; margin 28%; earnings +38%; rev +21%,strong promoter 86.2%; ⚠ very high promoter = low float
LTM,LTM LIMITED,Technology,4553.0,29.185784275604636,25.841421,21.966,9.874,68.6,19.2,154.0,37.4,4.6,11,0,2,13,29% below 52w high; ROE 22%; low D/E 10; earnings +17%; rev +18%,strong promoter 68.6%
SHALBY,SHALBY LIMITED,Healthcare,154.57000732421875,43.73134311776985,44.16286,3.467,59.122,76.6,0.1,6.0,60.0,2.5,9,2,2,13,44% below 52w high; earnings +38%; rev +12%,strong promoter 76.6%; ⚠ very high promoter = low float
IXIGO,LE TRAVENUES TECHNOLOGY L,Consumer Cyclical,170.4499969482422,49.74200205934043,86.96428,5.3260002,2.15,27.6,53.8,44.0,43.2,6.2,9,2,2,13,50% below 52w high; low D/E 2; earnings +50%; rev +13%,high institutional 53.8%
SAREGAMA,SAREGAMA INDIA LIMITED,Communication Services,520.2000122070312,9.45169500312772,45.07799,12.567,4.281,64.7,11.7,48.0,37.8,14.9,9,2,2,13,low D/E 4; margin 21%; earnings +42%; rev +28%,strong promoter 64.7%
HSCL,HIMADRI SPECIALITY CHEM L,Basic Materials,704.2000122070312,14.069553116896737,44.26147,23.71,16.169,59.9,6.5,45.0,32.3,-0.1,11,0,2,13,ROE 24%; low D/E 16; margin 16%; earnings +25%; rev +28%,strong promoter 59.9%
EFCIL,EFC (I) LIMITED,Real Estate,190.66000366210935,46.59383650921306,10.407206,33.648998,172.783,59.9,8.5,3.0,57.2,-7.0,11,0,2,13,47% below 52w high; ROE 34%; margin 23%; rev +29%; PE 10,strong promoter 59.9%
PNGSREVA,PNGS REVA DIAMOND JEWEL L,Consumer Cyclical,552.5,14.208074534161492,20.73949,21.013,32.942,79.1,5.8,3.0,33.2,3.2,11,0,2,13,ROE 21%; low D/E 33; margin 17%; earnings +152%; rev +120%,strong promoter 79.1%; ⚠ very high promoter = low float
HUHTAMAKI,HUHTAMAKI INDIA LIMITED,Consumer Cyclical,274.6000061035156,16.7878769383286,15.196459,10.58,10.717,69.6,0.7,6.0,44.9,11.0,9,2,2,13,low D/E 11; earnings +76%; rev +22%; PE 15,strong promoter 69.6%
EMUDHRA,EMUDHRA LIMITED,Technology,550.0,28.338762214983714,39.568348,13.259000000000002,3.153,67.6,9.4,7.0,48.2,-9.4,11,0,2,13,28% below 52w high; low D/E 3; margin 15%; earnings +29%; rev +30%,strong promoter 67.6%
CELLO,CELLO WORLD LIMITED,Consumer Cyclical,363.6000061035156,46.03739793844653,25.267548,12.976,1.411,75.0,18.9,31.0,44.5,5.9,9,2,2,13,46% below 52w high; low D/E 1,strong promoter 75.0%; ⚠ very high promoter = low float
CEIGALL,CEIGALL INDIA LIMITED,Industrials,312.79998779296875,22.898698944740257,16.963123,15.484,61.085,84.5,4.5,8.0,53.7,-16.6,11,0,2,13,23% below 52w high; earnings +24%; rev +16%; PE 17,strong promoter 84.5%; ⚠ very high promoter = low float
QUESS,QUESS CORP LIMITED,Industrials,338.25,3.5637918745545263,20.026644,19.714001,10.656,68.2,14.7,24.0,42.3,9.2,9,2,2,13,ROE 20%; low D/E 11; earnings +60%; rev +14%,strong promoter 68.2%
FLAIR,FLAIR WRITING INDUST LTD,Industrials,253.0,27.46559379177247,19.10876,13.085,5.802,84.2,3.3,5.0,60.5,-3.7,9,2,2,13,27% below 52w high; low D/E 6; rev +11%,strong promoter 84.2%; ⚠ very high promoter = low float
SENCO,SENCO GOLD LIMITED,Consumer Cyclical,336.29998779296875,21.79070051326308,9.798951,25.617,107.377,64.5,16.5,26.0,36.3,8.7,9,2,2,13,22% below 52w high; ROE 26%; rev +67%; PE 10,strong promoter 64.5%
SAIPARENT,SAI PARENTERALS LIMITED,Healthcare,543.4000244140625,23.03115801500531,122.663666,4.8260003000000005,49.06,70.7,8.6,3.0,56.5,8.6,8,3,2,13,23% below 52w high; low D/E 49; earnings +1527%; rev +435%,strong promoter 70.7%
SHANTIGOLD,SHANTI GOLD INTERNATION L,Consumer Cyclical,254.05999755859375,7.3112032465091,10.834115,37.335998,36.138,74.9,0.5,1.0,46.8,-14.7,11,0,2,13,ROE 37%; low D/E 36; earnings +54%; rev +145%; PE 11,strong promoter 74.9%
BAJEL,BAJEL PROJECTS LIMITED,Utilities,180.5800018310547,20.3405532285306,95.544975,2.868,49.067,62.8,9.3,5.0,47.3,7.2,8,3,2,13,20% below 52w high; low D/E 49; earnings +41%,strong promoter 62.8%
SURAJEST,SURAJ ESTATE DEVELOPERS L,Real Estate,198.55999755859375,43.163018723475105,10.172131,9.527001,64.98,74.4,0.0,1.0,72.6,11.8,7,4,2,13,43% below 52w high; margin 16%; PE 10,strong promoter 74.4%
TCI,TRANSPORT CORPN OF INDIA,Industrials,906.5499877929688,27.00885766562248,15.292679,19.176,11.991,73.9,12.9,28.0,57.6,2.4,10,1,2,13,27% below 52w high; ROE 19%; low D/E 12; PE 15,strong promoter 73.9%
SOMANYCERA,SOMANY CERAMICS LIMITED,Industrials,511.1000061035156,8.207611833936577,19.756474,8.397,40.692,59.3,19.7,11.0,60.0,6.6,7,4,2,13,low D/E 41; earnings +243%; rev +24%,strong promoter 59.3%
NMDC,NMDC LTD.,Basic Materials,83.94999694824219,13.888605202810492,9.899764,23.363,18.802,60.8,20.0,177.0,51.2,-8.2,11,0,2,13,ROE 23%; low D/E 19; margin 23%; PE 10,strong promoter 60.8%
GABRIEL,GABRIEL INDIA LTD,Consumer Cyclical,1436.800048828125,10.199996948242188,81.22103,19.584998,10.642,64.3,16.3,52.0,39.2,5.4,9,2,2,13,ROE 20%; low D/E 11; earnings +41%; rev +30%,strong promoter 64.3%
SARDAEN,SARDA ENERGY & MIN LTD,Basic Materials,509.3500061035156,20.3829611405212,15.892356,15.999,35.204,74.8,4.0,39.0,45.8,-5.7,11,0,2,13,20% below 52w high; low D/E 35; margin 20%; PE 16,strong promoter 74.8%
PFS,PTC INDIA FIN SERV LTD,Financial Services,27.81999969482422,31.62939141373398,8.017291,12.14,57.41138804826412,0.0,70.6,10.0,65.0,3.0,9,2,2,13,32% below 52w high; margin 55%; PE 8,high institutional 70.6%
RPEL,RAGHAV PRODUCTIVITY ENH L,Basic Materials,1614.699951171875,3.021023953641141,118.8153,20.89,2.213,82.2,0.0,2.0,53.8,-13.7,10,0,2,12,ROE 21%; low D/E 2; margin 22%; earnings +68%; rev +49%,strong promoter 82.2%; ⚠ very high promoter = low float
ESABINDIA,ESAB INDIA LTD,Industrials,6154.0,15.9232187990983,42.753925,52.285,0.78,74.2,13.6,20.0,52.8,-5.2,10,0,2,12,ROE 52%; low D/E 1; earnings +37%; rev +20%,strong promoter 74.2%
DIXON,DIXON TECHNO (INDIA) LTD,Technology,14850.0,19.603703102160143,43.51011,37.133,18.457,40.1,35.8,206.0,35.3,4.7,10,0,2,12,ROE 37%; low D/E 18; earnings +155%; rev +21%,promoter 40.1%; institutional 35.8%
GUJTHEM,GUJARAT THEMIS BIOSYN LTD,Healthcare,369.25,22.91231732776618,82.60627,17.413999,56.23,72.0,1.2,7.0,56.0,-5.0,10,0,2,12,23% below 52w high; margin 28%; earnings +23%; rev +22%,strong promoter 72.0%
SPMLINFRA,SPML INFRA LIMITED,Industrials,190.88999938964844,36.791390930579986,18.00849,8.692,37.764,61.8,3.3,6.0,53.7,-5.0,10,0,2,12,37% below 52w high; low D/E 38; earnings +88%; rev +82%,strong promoter 61.8%
IREDA,INDIAN RENEWABLE ENERGY,Financial Services,114.9000015258789,29.6602404452521,16.344238,20.07,565.671,71.8,4.3,59.0,36.1,1.3,10,0,2,12,30% below 52w high; ROE 20%; margin 46%; earnings +33%; rev +24%; PE 16,strong promoter 71.8%
DATAMATICS,DATAMATICS GLOBAL SER LTD,Technology,820.9000244140625,22.115747209291985,22.422836,13.48,14.384,80.3,0.6,12.0,47.5,0.2,9,1,2,12,22% below 52w high; low D/E 14; earnings +44%,strong promoter 80.3%; ⚠ very high promoter = low float
JAINREC,JAIN RESOURCE RECYCLING L,Basic Materials,299.75,49.53278999251589,28.040226,28.671999999999997,81.887,81.7,8.1,24.0,37.3,3.4,10,0,2,12,50% below 52w high; ROE 29%; rev +76%,strong promoter 81.7%; ⚠ very high promoter = low float
BIL,BHARTIYA INTERNATIONAL,Consumer Cyclical,834.5499877929688,14.841837980309313,43.6252,2.873,111.216,78.2,0.0,0.0,77.5,13.6,6,4,2,12,earnings +213%; rev +33%,strong promoter 78.2%; ⚠ very high promoter = low float
MCX,MULTI COMMODITY EXCHANGE,Financial Services,3126.0,10.172413793103448,51.797848,37.883,0.113,19.5,52.5,184.0,44.6,-3.1,10,0,2,12,ROE 38%; low D/E 0; margin 56%; earnings +103%; rev +85%,high institutional 52.5%
OIL,OIL INDIA LTD,Energy,480.8999938964844,9.435029398025542,9.359673,12.743,58.741,67.7,22.5,137.0,42.8,1.7,10,0,2,12,margin 22%; earnings +91%; rev +58%; PE 9,strong promoter 67.7%
KFINTECH,KFIN TECHNOLOGIES LIMITED,Technology,961.0,20.905349794238685,48.732254,22.312,3.314,14.5,64.5,86.0,36.4,-3.1,10,0,2,12,21% below 52w high; ROE 22%; low D/E 3; margin 24%; rev +30%,high institutional 64.5%
FEDERALBNK,FEDERAL BANK LTD,Financial Services,355.29998779296875,4.4121667676803815,18.969568,14.09,82.89399323377539,10.9,59.7,145.0,60.8,-7.8,9,1,2,12,margin 31%; earnings +33%; rev +21%,high institutional 59.7%
RALLIS,RALLIS INDIA LTD,Basic Materials,212.8500061035156,44.81462292791824,19.332426,9.317,2.991,56.7,16.0,31.0,53.1,-4.1,9,1,2,12,45% below 52w high; low D/E 3; earnings +32%,strong promoter 56.7%
GPIL,GODAWARI POW & ISP LTD,Basic Materials,247.8800048828125,22.537498474121097,19.751394,14.865999999999998,7.582,63.4,6.7,46.0,47.6,-2.4,9,1,2,12,23% below 52w high; low D/E 8; rev +32%,strong promoter 63.4%
SIMPLEXINF,SIMPLEX INFRASTRUCTURES L,Industrials,259.45001220703125,21.3787841796875,44.274746,5.3790003,167.843,64.6,5.9,5.0,58.4,8.4,7,3,2,12,21% below 52w high; earnings +100%; rev +20%,strong promoter 64.6%
GALAPREC,GALA PRECISION ENG LTD,Industrials,1029.5999755859375,18.285716223338294,36.394485,12.920000000000002,13.04,72.1,2.8,2.0,48.5,3.1,9,1,2,12,low D/E 13; earnings +24%; rev +20%,strong promoter 72.1%
WELCORP,WELSPUN CORP LIMITED,Basic Materials,2005.199951171875,0.6096678477385378,22.879963,18.915000000000003,25.042,49.8,27.9,73.0,53.7,-1.2,9,1,2,12,ROE 19%; low D/E 25; earnings +198%; rev +15%,promoter 49.8%; institutional 27.9%
VADILALIND,VADILAL INDUSTRIES LTD,Consumer Defensive,7402.0,12.371256067242808,24.273628,20.063,26.996,68.1,1.5,8.0,41.6,-3.6,10,0,2,12,ROE 20%; low D/E 27; earnings +95%; rev +34%,strong promoter 68.1%
ADANIPOWER,ADANI POWER LTD,Utilities,204.0,19.748228776912,27.604872,20.908001,82.332,71.7,18.9,129.0,38.3,3.6,10,0,2,12,ROE 21%; margin 24%; earnings +44%; rev +34%,strong promoter 71.7%
POWERINDIA,HITACHI ENERGY INDIA LTD,Industrials,33510.0,13.60061879592626,130.45001,21.040002,1.663,71.5,10.1,191.0,36.2,-4.3,10,0,2,12,ROE 21%; low D/E 2; earnings +124%; rev +69%,strong promoter 71.5%
JIOFIN,JIO FIN SERVICES LTD,Financial Services,244.6000061035156,26.1027171892702,76.19938,2.88,16.286,50.2,20.0,190.0,42.4,3.1,10,0,2,12,26% below 52w high; low D/E 16; margin 55%; earnings +170%; rev +208%,strong promoter 50.2%
HBLENGINE,HBL ENGINEERING LTD,Industrials,712.9000244140625,36.46167340338124,25.325047,44.074002,3.021,8.1,55.4,54.0,45.4,3.0,9,1,2,12,36% below 52w high; ROE 44%; low D/E 3; margin 23%,high institutional 55.4%
ANDHRAPAP,ANDHRA PAPER LIMITED,Basic Materials,60.34000015258789,30.5558745811472,43.410072,0.95999995,11.971,77.6,5.2,5.0,70.7,-10.5,9,1,2,12,31% below 52w high; low D/E 12; earnings +42%,strong promoter 77.6%; ⚠ very high promoter = low float
RAYMONDLSL,RAYMOND LIFESTYLE LIMITED,Consumer Cyclical,730.8499755859375,45.86296477141204,102.5035,0.47999998,22.681,65.2,7.5,22.0,49.7,0.9,9,1,2,12,46% below 52w high; low D/E 23; earnings +21%,strong promoter 65.2%
GOODLUCK,GOODLUCK INDIA LIMITED,Basic Materials,1439.4000244140625,13.916629063422617,23.00096,12.699,73.233,56.5,4.3,8.0,51.0,1.5,9,1,2,12,earnings +52%; rev +31%,strong promoter 56.5%
AURIONPRO,AURIONPRO SOLN LTD,Technology,691.4000244140625,50.94366308802202,18.501472,13.245,3.478,55.6,14.6,29.0,55.2,4.0,9,1,2,12,51% below 52w high; low D/E 3,strong promoter 55.6%
SUPREMEIND,SUPREME INDUSTRIES LTD,Industrials,3650.0,21.7560917402288,44.934135,16.128999,1.473,51.7,32.5,167.0,43.7,3.7,9,0,3,12,22% below 52w high; low D/E 1; earnings +39%,strong promoter 51.7%; institutional 32.5%
OMNI,OMNITECH ENGINEERING LTD,Industrials,574.0,24.95260269044669,68.41478,17.963,63.958,74.2,12.1,6.0,28.9,-1.4,10,0,2,12,25% below 52w high; margin 18%; earnings +390%; rev +62%,strong promoter 74.2%
KTKBANK,KARNATAKA BANK LIMITED,Financial Services,335.04998779296875,0.8434466276991779,8.467273,10.358,40.29727273139739,5.6,19.8,35.0,54.4,6.0,9,3,0,12,low D/E 40; margin 41%; earnings +43%; rev +26%; PE 8,
LATENTVIEW,LATENT VIEW ANALYTICS LTD,Industrials,281.75,45.55555555555556,29.878048,12.173,1.863,71.4,3.7,35.0,42.9,4.4,10,0,2,12,46% below 52w high; low D/E 2; margin 18%; rev +22%,strong promoter 71.4%
SIGNATURE,SIGNATUREGLOBAL INDIA LTD,Real Estate,801.0,30.82901554404145,10.799515,84.882003,161.04,76.8,13.6,38.0,9.5,-5.2,11,-1,2,12,31% below 52w high; ROE 85%; margin 46%; earnings +1790%; PE 11,strong promoter 76.8%; ⚠ very high promoter = low float
VIKRAMSOLR,VIKRAM SOLAR LIMITED,Technology,171.99000549316406,57.840421535303065,16.442638,21.336001,20.366,68.7,5.1,13.0,43.5,-24.9,11,-1,2,12,58% below 52w high; ROE 21%; low D/E 20; rev +38%; PE 16,strong promoter 68.7%
CHENNPETRO,CHENNAI PETROLEUM CORP LT,Energy,1390.5,6.659055811463187,4.96111,32.126,17.68,69.1,6.5,56.0,29.4,-9.2,11,-1,2,12,ROE 32%; low D/E 18; earnings +202%; rev +85%; PE 5,strong promoter 69.1%
VERANDA,VERANDA LEARNING SOL LTD,Consumer Defensive,255.8999938964844,6.091745359088303,17.636112,21.205999,39.893,52.8,10.9,4.0,44.5,-6.0,11,-1,2,12,ROE 21%; low D/E 40; margin 26%; earnings +100%; PE 18,strong promoter 52.8%
OSWALPUMPS,OSWAL PUMPS LIMITED,Industrials,304.75,65.69675915970448,9.8148155,35.08,14.111,75.7,5.5,11.0,52.3,-2.7,11,-1,2,12,66% below 52w high; ROE 35%; low D/E 14; margin 17%; PE 10,strong promoter 75.7%; ⚠ very high promoter = low float
BHARTIHEXA,BHARTI HEXACOM LIMITED,Communication Services,1615.5999755859375,17.385968717765458,44.19037,26.466998000000004,85.654,86.5,11.1,83.0,52.2,-7.6,10,0,2,12,ROE 26%; margin 19%; earnings +23%; rev +11%,strong promoter 86.5%; ⚠ very high promoter = low float
ADVAIT,ADVAIT ENRGY TRANSITION L,Industrials,2115.39990234375,14.873243366448694,40.362526,22.072001,44.021,72.1,0.0,0.0,47.6,-8.6,10,0,2,12,ROE 22%; low D/E 44; earnings +51%; rev +51%,strong promoter 72.1%
GRINDWELL,GRINDWELL NORTON LIMITED,Industrials,2059.300048828125,16.118124283986763,52.253235,17.296,2.381,58.3,22.2,45.0,54.3,-0.8,9,1,2,12,low D/E 2; earnings +22%; rev +14%,strong promoter 58.3%
GUJGASLTD,GUJARAT ENERGY LIMITED,,266.1000061035156,11.137086239441652,961.91174,12.267999,118.64,51.5,25.2,64.0,63.3,-0.3,7,2,3,12,earnings +33%; rev +21%,strong promoter 51.5%; institutional 25.2%
KPEL,K.P. ENERGY LIMITED,Industrials,256.6499938964844,44.5979505889942,9.551544,43.485,100.154,50.7,0.2,4.0,52.2,-10.0,10,0,2,12,45% below 52w high; ROE 43%; rev +137%; PE 10,strong promoter 50.7%
DEN,DEN NETWORKS LTD,Communication Services,27.75,26.09853378475781,8.92283,2.85,0.524,74.9,0.1,4.0,56.8,5.6,7,3,2,12,26% below 52w high; low D/E 1; margin 15%; PE 9,strong promoter 74.9%
SBILIFE,SBI LIFE INSURANCE CO LTD,Financial Services,1782.0,16.416510318949342,68.564835,13.703,,58.8,31.0,241.0,61.2,-1.6,7,2,3,12,earnings +22%; rev +19%,strong promoter 58.8%; institutional 31.0%
LICI,LIFE INSURA CORP OF INDIA,Financial Services,419.0,10.560863537847627,8.819197,40.769002,0.431,90.0,1.0,64.0,56.3,3.8,9,1,2,12,ROE 41%; low D/E 0; earnings +40%; PE 9,strong promoter 90.0%; ⚠ very high promoter = low float
TIMKEN,TIMKEN INDIA LTD.,Industrials,3176.300048828125,19.075157991640125,56.158062,14.407,0.5,52.4,33.1,58.0,55.8,-2.6,8,1,3,12,low D/E 0; rev +17%,strong promoter 52.4%; institutional 33.1%
ASALCBR,ASSO ALCOHOLS & BREW LTD,Consumer Defensive,722.7999877929688,43.3985914022734,17.05924,14.562,9.922,66.2,0.2,4.0,58.4,3.5,9,1,2,12,43% below 52w high; low D/E 10; PE 17,strong promoter 66.2%
NAVKARCORP,NAVKAR CORPORATION LTD.,Industrials,96.87999725341795,26.88302094081663,36.42105,2.04,9.055,71.7,1.8,4.0,55.9,2.2,9,1,2,12,27% below 52w high; low D/E 9; earnings +412%; rev +38%,strong promoter 71.7%
RADICO,RADICO KHAITAN LTD,Consumer Defensive,4696.0,1.0743627554244786,89.27757,27.78,20.939,44.2,29.6,97.0,53.2,2.0,9,1,2,12,ROE 28%; low D/E 21; earnings +62%; rev +20%,promoter 44.2%; institutional 29.6%
BAJAJ-AUTO,BAJAJ AUTO LIMITED,Consumer Cyclical,11793.0,0.5900699654387591,28.05319,28.046,56.352,61.0,17.9,239.0,55.7,1.7,9,1,2,12,ROE 28%; margin 16%; earnings +46%; rev +64%,strong promoter 61.0%
SOLARINDS,SOLAR INDUSTRIES (I) LTD,Basic Materials,19760.0,3.241602193712663,89.460335,31.331999999999997,23.271,43.9,45.2,135.0,35.4,-8.2,10,-1,3,12,ROE 31%; low D/E 23; margin 18%; earnings +93%; rev +70%,promoter 43.9%; high institutional 45.2%
DOMS,DOMS INDUSTRIES LIMITED,Industrials,2209.89990234375,20.220220131994584,61.81538,20.091999,10.849,63.4,29.2,60.0,56.3,-4.4,8,1,3,12,20% below 52w high; ROE 20%; low D/E 11; rev +19%,strong promoter 63.4%; institutional 29.2%
HINDALCO,HINDALCO  INDUSTRIES  LTD,Basic Materials,1029.8499755859375,12.427723164461096,14.000136,10.288,72.598,37.6,40.3,284.0,53.1,-4.5,8,1,3,12,earnings +75%; rev +32%; PE 14,high institutional 40.3%; 284 institutions
TBOTEK,TBO TEK LIMITED,Consumer Cyclical,1702.5999755859375,3.524482747124244,69.239525,17.794999999999998,48.762,67.7,27.2,50.0,45.7,-0.1,8,1,3,12,low D/E 49; earnings +32%; rev +81%,strong promoter 67.7%; institutional 27.2%
M&M,MAHINDRA & MAHINDRA LTD,Consumer Cyclical,3424.800048828125,10.810173808495934,20.849873,18.754,125.278,25.2,53.3,376.0,60.2,-0.1,7,2,3,12,ROE 19%; earnings +33%; rev +28%,high institutional 53.3%; 376 institutions
GAIL,GAIL (INDIA) LTD,Utilities,172.5,7.689835443178544,11.5461855,8.688,27.809,63.7,28.5,185.0,58.8,3.1,8,1,3,12,low D/E 28; earnings +97%; rev +17%; PE 12,strong promoter 63.7%; institutional 28.5%
SHARDAMOTR,SHARDA MOTOR INDS LTD,Consumer Cyclical,922.4000244140624,22.480880285024273,15.955717,29.089,3.744,64.8,12.7,16.0,50.9,2.7,9,1,2,12,22% below 52w high; ROE 29%; low D/E 4; rev +34%; PE 16,strong promoter 64.8%
ETERNAL,ETERNAL LIMITED,Consumer Cyclical,327.95001220703125,10.991993122052929,728.77783,1.194,14.826,23.4,51.1,329.0,49.5,9.9,6,3,3,12,low D/E 15; earnings +233%; rev +182%,high institutional 51.1%; 329 institutions
CHOLAFIN,CHOLAMANDALAM IN & FIN CO,Financial Services,1888.9000244140625,3.2573611055537772,27.929914,19.334999,695.283,52.0,39.2,228.0,59.4,5.6,6,3,3,12,ROE 19%; margin 41%; earnings +44%; rev +35%,strong promoter 52.0%; institutional 39.2%
KERNEX,KERNEX MICROSYS(I) LTD,Technology,1837.0,28.798449612403097,16.166506,43.605998,65.52,36.8,0.0,2.0,45.3,-9.9,12,0,0,12,29% below 52w high; ROE 44%; margin 22%; earnings +1372%; rev +800%; PE 16,
HDFCLIFE,HDFC LIFE INS CO LTD,Financial Services,542.0,32.83767038413878,59.105778,10.828,15.885,55.6,27.9,216.0,58.6,-1.6,8,1,3,12,33% below 52w high; low D/E 16; rev +14%,strong promoter 55.6%; institutional 27.9%
TRITURBINE,TRIVENI TURBINE LIMITED,Industrials,580.0499877929688,26.352208510235325,54.721695,26.217,2.476,59.7,28.7,73.0,46.3,1.3,8,1,3,12,26% below 52w high; ROE 26%; low D/E 2; rev +19%,strong promoter 59.7%; institutional 28.7%
AHLUCONT,AHLUWALIA CONT IND LTD,Industrials,693.5,35.66491660896934,20.639881,13.785,3.552,55.4,33.6,34.0,48.7,-14.6,9,0,3,12,36% below 52w high; low D/E 4; rev +12%,strong promoter 55.4%; institutional 33.6%
APOLLOHOSP,APOLLO HOSPITALS ENTER. L,Healthcare,8735.0,3.4806629834254146,60.137695,21.503,85.146,28.4,50.1,290.0,58.5,-1.1,8,1,3,12,ROE 22%; earnings +34%; rev +21%,high institutional 50.1%; 290 institutions
SBICARD,SBI CARDS & PAY SER LTD,Financial Services,647.0499877929688,32.948187793474744,27.084555,14.686,280.206,68.6,25.1,141.0,50.0,2.3,8,1,3,12,33% below 52w high; margin 18%; earnings +20%; rev +23%,strong promoter 68.6%; institutional 25.1%
VMART,VMART RETAIL LTD,Consumer Cyclical,806.7000122070312,9.155404030739724,46.71106,14.081,100.682,51.9,35.6,38.0,46.6,9.7,6,3,3,12,earnings +40%; rev +23%,strong promoter 51.9%; institutional 35.6%
SAILIFE,SAI LIFE SCIENCES LIMITED,Healthcare,1471.5999755859375,0.8489405740775681,86.209724,15.13,11.614,38.0,42.3,77.0,51.0,-1.1,9,1,2,12,low D/E 12; margin 16%; earnings +21%; rev +12%,high institutional 42.3%
JBCHEPHARM,J B CHEMICALS AND PHARMA,Healthcare,2408.89990234375,4.616911409869333,54.221275,18.688999,0.086,49.2,30.8,87.0,63.9,10.8,6,4,2,12,ROE 19%; low D/E 0; margin 17%,promoter 49.2%; institutional 30.8%
HAPPYFORGE,HAPPY FORGINGS LIMITED,Industrials,2328.199951171875,0.5042755909455128,67.250145,15.166001,15.489,78.5,16.6,17.0,49.9,0.0,9,1,2,12,low D/E 15; margin 20%; earnings +39%; rev +27%,strong promoter 78.5%; ⚠ very high promoter = low float
INTERARCH,INTERARCH BLDNG SOLTN LTD,Industrials,1688.300048828125,38.88728049128593,21.177874,16.479999,1.99,59.3,8.0,10.0,55.6,2.7,9,1,2,12,39% below 52w high; low D/E 2; rev +21%,strong promoter 59.3%
CENTENKA,CENTURY ENKA LTD,Consumer Cyclical,567.0,15.581034855966488,8.417459,6.922000000000001,1.482,38.8,10.8,7.0,50.2,5.1,9,3,0,12,low D/E 1; earnings +301%; rev +38%; PE 8,
FINEORG,FINE ORGANIC IND. LTD.,Basic Materials,5066.2001953125,6.302937020297763,35.395794,16.817999999999998,3.464,76.0,13.8,34.0,55.1,-4.9,9,1,2,12,low D/E 3; margin 18%; earnings +18%; rev +18%,strong promoter 76.0%; ⚠ very high promoter = low float
BRITANNIA,BRITANNIA INDUSTRIES LTD,Consumer Defensive,5548.0,12.436868686868689,51.384644,53.31399999999999,26.875,51.2,28.7,221.0,54.0,0.2,8,1,3,12,ROE 53%; low D/E 27,strong promoter 51.2%; institutional 28.7%
POLYCAB,POLYCAB INDIA LIMITED,Industrials,9125.0,9.885443412996247,47.998528,25.549,1.738,64.7,16.2,225.0,51.3,-2.1,9,1,2,12,ROE 26%; low D/E 2; earnings +32%; rev +39%,strong promoter 64.7%
CEMPRO,CEMINDIA PROJECTS LIMITED,Industrials,1273.9000244140625,22.756484226860117,36.334854,28.242,37.711,72.4,6.9,48.0,52.4,4.8,9,1,2,12,23% below 52w high; ROE 28%; low D/E 38,strong promoter 72.4%
KKCL,KEWAL KIRAN CLOTHING LTD,Consumer Cyclical,518.5999755859375,12.840340237657562,21.626354,14.948,13.649200208872832,74.3,8.3,15.0,58.7,5.3,7,3,2,12,low D/E 14; rev +21%,strong promoter 74.3%
GODREJCP,GODREJ CONSUMER PRODUCTS,Consumer Defensive,947.0,27.65469824293354,50.668804,15.099000000000002,34.899,65.7,23.6,194.0,52.8,2.0,9,1,2,12,28% below 52w high; low D/E 35; rev +15%,strong promoter 65.7%
ADFFOODS,ADF FOODS LIMITED,Consumer Defensive,267.3500061035156,22.942788097098234,31.94146,16.894000000000002,9.628,56.6,21.0,8.0,46.1,-2.7,9,1,2,12,23% below 52w high; low D/E 10; rev +26%,strong promoter 56.6%
ORIENTCEM,ORIENT CEMENT LTD.,Basic Materials,130.86000061035156,46.450053924338086,12.829412,17.082000999999998,3.377,74.8,2.1,17.0,52.5,0.4,9,1,2,12,46% below 52w high; low D/E 3; PE 13,strong promoter 74.8%
IPL,INDIA PESTICIDES LIMITED,Basic Materials,138.05999755859375,43.841523098284014,14.765775,12.550999,10.912,76.7,0.1,6.0,52.2,-0.3,9,1,2,12,44% below 52w high; low D/E 11; PE 15,strong promoter 76.7%; ⚠ very high promoter = low float
GRWRHITECH,GARWARE HI-TECH FILMS LTD,Basic Materials,7109.5,11.020025031289112,42.54638,13.454,0.59,62.5,10.0,29.0,50.1,-1.9,9,1,2,12,low D/E 1; margin 17%; earnings +60%; rev +28%,strong promoter 62.5%
SAMBHV,SAMBHV STEEL TUBES LTD,Basic Materials,131.3800048828125,7.033683785907065,22.535164,18.355,35.435,68.6,2.1,3.0,46.9,-0.1,9,1,2,12,ROE 18%; low D/E 35; earnings +36%; rev +31%,strong promoter 68.6%
SHREEPUSHK,SHRE PUSH CHEM & FERT LTD,Basic Materials,406.6499938964844,14.569329013343618,18.492496,12.202,21.542,70.7,0.0,0.0,55.8,-3.6,9,1,2,12,low D/E 22; rev +10%,strong promoter 70.7%
PARAGMILK,PARAG MILK FOODS LTD.,Consumer Defensive,207.94000244140625,44.836186309180995,20.567755,11.8360005,48.262,54.7,5.5,8.0,53.0,6.5,7,3,2,12,45% below 52w high; low D/E 48; rev +11%,strong promoter 54.7%
HYUNDAI,HYUNDAI MOTOR INDIA LTD,Consumer Cyclical,2227.0,22.941176470588236,36.57415,29.915999999999997,5.484,82.5,13.4,150.0,49.2,5.8,7,3,2,12,23% below 52w high; ROE 30%; low D/E 5,strong promoter 82.5%; ⚠ very high promoter = low float
IMAGICAA,IMAGICAAWORLD ENT LTD,Communication Services,47.45000076293945,23.3441040496554,189.8,0.051,27.313,78.1,0.1,6.0,53.1,-0.9,9,1,2,12,23% below 52w high; low D/E 27; earnings +34%; rev +20%,strong promoter 78.1%; ⚠ very high promoter = low float
INSECTICID,INSECTICIDES (I) LTD,Basic Materials,606.5499877929688,31.19115283120037,14.102534,12.096,12.869,76.6,9.4,6.0,53.2,1.8,9,1,2,12,31% below 52w high; low D/E 13; PE 14,strong promoter 76.6%; ⚠ very high promoter = low float
INA,INSOLATION ENERGY LIMITED,Technology,93.41999816894533,42.26562043231193,10.265933,28.151,109.826,67.6,0.5,3.0,47.7,-1.4,9,1,2,12,42% below 52w high; ROE 28%; rev +105%; PE 10,strong promoter 67.6%
ARVSMART,ARVIND SMARTSPACES LTD,Real Estate,659.0999755859375,5.001443185004177,16.358896,12.1350005,65.077,67.9,7.9,10.0,49.7,-3.7,9,1,2,12,margin 24%; earnings +801%; rev +212%; PE 16,strong promoter 67.9%
TMCV,TATA MOTORS LIMITED,Consumer Cyclical,477.6000061035156,6.1689575435136295,41.968365,26.045,44.095,45.2,26.2,191.0,49.6,-0.9,9,1,2,12,ROE 26%; low D/E 44; earnings +83%; rev +19%,promoter 45.2%; institutional 26.2%
MARATHON,MARATHON NXTGEN REALT LTD,Real Estate,354.6000061035156,48.26378852165091,11.595815,11.684,4.266,63.3,12.1,5.0,66.7,-5.3,9,1,2,12,48% below 52w high; low D/E 4; margin 35%; rev +40%; PE 12,strong promoter 63.3%
BFUTILITIE,BF UTILITIES LIMITED,Industrials,528.4500122070312,41.19839712594845,12.591136,1.35,68.46,64.4,0.6,6.0,48.6,-5.5,10,0,2,12,41% below 52w high; margin 18%; earnings +20%; rev +12%; PE 13,strong promoter 64.4%
APARINDS,APAR INDUSTRIES LTD.,Industrials,16784.0,9.103709721093962,57.070965,19.742,17.716,55.7,26.4,95.0,39.0,3.5,9,0,3,12,ROE 20%; low D/E 18; earnings +77%; rev +29%,strong promoter 55.7%; institutional 26.4%
VIDYAWIRES,VIDYA WIRES LIMITED,Industrials,87.4000015258789,25.521940637133444,29.62712,17.844999,17.772,72.8,6.3,4.0,55.8,-1.2,9,1,2,12,26% below 52w high; low D/E 18; rev +34%,strong promoter 72.8%
AYE,AYE FINANCE LIMITED,Financial Services,169.69000244140625,13.989554353472888,17.475798,9.24,199.987,35.2,53.4,15.0,44.0,6.5,8,2,2,12,margin 22%; earnings +91%; rev +37%; PE 17,high institutional 53.4%
PGIL,PEARL GLOBAL IND LIMITED,Consumer Cyclical,2377.60009765625,6.3789570708201975,35.3074,20.896,65.567,61.4,23.7,32.0,42.8,5.7,8,2,2,12,ROE 21%; earnings +48%; rev +24%,strong promoter 61.4%
DEEPINDS,DEEP INDUSTRIES LIMITED,Energy,658.4500122070312,8.548609415690105,20.38545,9.786,9.61,67.2,1.6,5.0,38.1,9.8,8,2,2,12,low D/E 10; margin 21%; earnings +45%; rev +40%,strong promoter 67.2%
KENNAMET,KENNAMETAL INDIA LIMITED,Industrials,3719.60009765625,1.4675470819536425,41.64353,17.76,0.223,75.2,13.7,13.0,61.2,-1.9,8,2,2,12,low D/E 0; earnings +184%; rev +48%,strong promoter 75.2%; ⚠ very high promoter = low float
SPAL,S. P. APPARELS LIMITED,Consumer Cyclical,923.8499755859376,24.392343307387108,22.144054,11.281,44.596,63.2,15.2,11.0,44.9,7.1,8,2,2,12,24% below 52w high; low D/E 45; earnings +20%,strong promoter 63.2%
KSHINTL,KSH INTERNATIONAL LIMITED,Industrials,1011.2999877929688,4.585341588982507,52.919933,19.903,39.74,74.6,12.2,8.0,46.3,-2.2,9,1,2,12,ROE 20%; low D/E 40; earnings +56%; rev +108%,strong promoter 74.6%
AQYLON,AQYLON NEXUS LIMITED,Communication Services,24.079999923706055,98.5958365163629,21.5,51.72,,78.2,0.0,0.0,52.2,4.2,9,1,2,12,99% below 52w high; ROE 52%; margin 55%; rev +24295%,strong promoter 78.2%; ⚠ very high promoter = low float
ACC,ACC LIMITED,Basic Materials,1301.0999755859375,34.519377172323225,12.828831,10.9280005,2.085,57.5,23.0,62.0,46.4,12.3,7,3,2,12,35% below 52w high; low D/E 2; PE 13,strong promoter 57.5%
GNA,GNA AXLES LIMITED,Consumer Cyclical,566.1500244140625,5.900440215983186,18.369566,12.285,21.71905085620807,62.1,13.1,6.0,46.3,8.0,7,3,2,12,low D/E 22,strong promoter 62.1%
SKYGOLD,SKY GOLD AND DIAMONDS LTD,Consumer Cyclical,778.5499877929688,8.18985993007444,35.746094,29.828,72.072,58.4,13.4,14.0,44.3,5.4,8,2,2,12,ROE 30%; earnings +124%; rev +78%,strong promoter 58.4%
GANECOS,GANESHA ECOSPHERE LIMITED,Consumer Cyclical,1095.5,21.90619034300991,51.91943,3.15,38.851,45.0,28.8,21.0,46.2,-1.5,9,1,2,12,22% below 52w high; low D/E 39; earnings +161%; rev +26%,promoter 45.0%; institutional 28.8%
AARTIDRUGS,AARTI DRUGS LTD.,Healthcare,414.75,22.411372281120936,19.797134,13.358999999999998,37.221,59.6,11.1,14.0,50.2,3.3,9,1,2,12,22% below 52w high; low D/E 37; rev +19%,strong promoter 59.6%
VRLLOG,VRL LOGISTICS LIMITED,Industrials,295.45001220703125,4.75499658915412,19.323088,21.269,101.023,60.2,24.8,25.0,51.5,5.2,7,3,2,12,ROE 21%; earnings +61%; rev +18%,strong promoter 60.2%
THOMASCOOK,THOMAS COOK (INDIA) LTD,Consumer Cyclical,101.58000183105467,44.04847142740317,21.70513,9.263,21.373,65.9,11.2,22.0,45.2,11.9,7,3,2,12,44% below 52w high; low D/E 21,strong promoter 65.9%
PTC,PTC INDIA LIMITED,Utilities,157.0500030517578,31.571606112743773,9.141443,10.3769995,25.059,21.7,25.7,55.0,56.7,6.4,8,3,1,12,32% below 52w high; low D/E 25; rev +19%; PE 9,institutional 25.7%
MSPL,MSP STEEL & POWER LTD.,Basic Materials,33.959999084472656,26.36600201437857,53.904762,3.361,31.169,76.5,2.2,2.0,59.4,3.6,9,1,2,12,26% below 52w high; low D/E 31; earnings +23%; rev +16%,strong promoter 76.5%; ⚠ very high promoter = low float
KALAMANDIR,SAI SILKS (KALAMANDIR) L,Consumer Cyclical,86.4800033569336,61.22494559912931,9.339093,12.71,28.658,68.8,7.7,11.0,54.8,0.1,9,1,2,12,61% below 52w high; low D/E 29; PE 9,strong promoter 68.8%
VENKEYS,VENKY S (INDIA) LIMITED,Consumer Defensive,1512.0,16.0,12.289685,9.0670004,10.432,61.2,1.0,6.0,49.1,2.2,9,1,2,12,low D/E 10; earnings +216%; rev +29%; PE 12,strong promoter 61.2%
CANFINHOME,CAN FIN HOMES LTD,Financial Services,842.9000244140625,13.237259453004372,9.93166,19.655001,636.585,38.7,31.9,63.0,62.5,-1.5,9,2,1,12,ROE 20%; margin 67%; earnings +20%; rev +22%; PE 10,institutional 31.9%
WAAREERTL,WAAREE RENEWABLE TECH LTD,Industrials,880.4000244140625,35.169364917962994,18.269352,150.94,15.598,75.4,1.1,19.0,48.1,4.4,9,1,2,12,35% below 52w high; ROE 151%; low D/E 16; earnings +34%; rev +53%,strong promoter 75.4%; ⚠ very high promoter = low float
IIFLCAPS,IIFL CAPITAL SERVICES LTD,Financial Services,333.1499938964844,19.00072847457068,19.257225,20.198,59.292,60.3,12.9,31.0,71.4,-0.6,8,2,2,12,ROE 20%; margin 25%,strong promoter 60.3%
TARIL,TRANS & RECTI. LTD,Industrials,285.1499938964844,48.34239241005718,33.041714,19.334999,29.595,64.4,7.9,48.0,46.1,-0.3,9,1,2,12,48% below 52w high; ROE 19%; low D/E 30,strong promoter 64.4%
SPECTRUM,SPECTRUM ELECTRIC IND LTD,Industrials,2212.5,16.104199872412174,67.24924,20.419,101.796,86.6,0.0,0.0,38.8,13.9,8,2,2,12,ROE 20%; earnings +130%; rev +81%,strong promoter 86.6%; ⚠ very high promoter = low float
TTKPRESTIG,TTK PRESTIGE LTD,Consumer Cyclical,592.6500244140625,23.152228341126683,42.031914,8.147000499999999,8.801,70.9,19.8,20.0,40.7,12.2,8,2,2,12,23% below 52w high; low D/E 9; earnings +123%; rev +34%,strong promoter 70.9%
CARERATING,CARE RATINGS LIMITED,Financial Services,1698.9000244140625,7.568007376819233,29.105705,19.754,2.776,15.9,35.9,31.0,55.7,1.2,10,1,1,12,ROE 20%; low D/E 3; margin 36%; earnings +25%; rev +19%,institutional 35.9%
SPIC,SPIC LTD,Basic Materials,68.02999877929688,46.93447706807479,6.75571,16.465001,51.296,0.0,0.3,3.0,55.6,-2.9,11,1,0,12,47% below 52w high; earnings +52%; PE 7,
CAPACITE,CAPACITE INFRAPROJECT LTD,Industrials,203.72999572753903,39.00299529115597,9.341128,10.633001,25.274,52.1,8.9,12.0,52.4,8.2,7,3,2,12,39% below 52w high; low D/E 25; PE 9,strong promoter 52.1%
TATAINVEST,TATA INVESTMENT CORP LTD,Financial Services,649.3499755859375,45.1886551574838,76.4841,1.438,0.007,73.8,1.9,46.0,41.6,6.2,8,2,2,12,45% below 52w high; low D/E 0; margin 105%,strong promoter 73.8%
LGEINDIA,LG ELECTRONICS INDIA LTD,Technology,1632.800048828125,6.962960180733618,60.879944,24.716,5.99,85.0,7.7,66.0,58.2,-3.7,9,1,2,12,ROE 25%; low D/E 6; earnings +27%; rev +16%,strong promoter 85.0%; ⚠ very high promoter = low float
PENIND,PENNAR INDUSTRIES LTD,Industrials,163.2899932861328,41.661308736390154,15.49241,12.838,99.887,42.5,7.0,6.0,53.5,-2.5,10,1,1,12,42% below 52w high; PE 15,promoter 42.5%
TTKHLTCARE,TTK HEALTHCARE LIMITED,Healthcare,1082.0999755859375,11.070025298890672,20.666538,6.026,2.187,75.6,3.6,3.0,50.8,6.1,7,3,2,12,low D/E 2; earnings +64%; rev +14%,strong promoter 75.6%; ⚠ very high promoter = low float
GOODYEAR,GOODYEAR INDIA LIMITED,Consumer Cyclical,762.9000244140625,40.10363086595458,32.644417,10.1730004,4.446,75.7,7.7,4.0,57.3,7.7,7,3,2,12,40% below 52w high; low D/E 4; rev +18%,strong promoter 75.7%; ⚠ very high promoter = low float
MARUTI,MARUTI SUZUKI INDIA LTD.,Consumer Cyclical,13809.0,20.500863557858377,30.290865,14.434,0.096,61.6,26.0,270.0,53.2,-5.6,8,0,4,12,21% below 52w high; low D/E 0; rev +36%,strong promoter 61.6%; institutional 26.0%; 270 institutions
SMSPHARMA,SMS PHARMACEUTICALS LTD.,Healthcare,356.5,20.38856415404357,32.204155,14.310001,46.455,76.5,2.9,5.0,55.7,11.3,7,3,2,12,20% below 52w high; low D/E 46,strong promoter 76.5%; ⚠ very high promoter = low float
ROTO,ROTO PUMPS LIMITED,Industrials,65.52999877929688,27.026729897183294,44.578228,10.709,13.234,70.5,0.0,1.0,42.3,10.4,8,2,2,12,27% below 52w high; low D/E 13; earnings +48%; rev +15%,strong promoter 70.5%
STARCEMENT,STAR CEMENT LIMITED,Basic Materials,194.3699951171875,37.08691133278294,21.289156,12.871,18.924,90.5,4.5,20.0,60.2,-2.8,8,2,2,12,37% below 52w high; low D/E 19,strong promoter 90.5%; ⚠ very high promoter = low float
SANDHAR,SANDHAR TECHNOLOGIES LTD,Consumer Cyclical,648.0,15.094340980668283,18.744576,16.07,86.084,70.4,15.5,15.0,47.0,-1.4,9,1,2,12,earnings +33%; rev +27%,strong promoter 70.4%
TNPL,TAMILNADU NEWSPRT & PAPER,Basic Materials,139.85000610351562,22.26236195205975,3.7095492,11.254,69.638,49.4,9.0,6.0,53.2,5.2,8,3,1,12,22% below 52w high; earnings +985%; PE 4,promoter 49.4%
SPORTKING,SPORTKING INDIA LIMITED,Consumer Cyclical,212.33999633789065,12.078174333327487,16.746056,11.286,42.272,79.5,0.0,0.0,46.3,2.7,9,1,2,12,low D/E 42; earnings +116%; rev +20%; PE 17,strong promoter 79.5%; ⚠ very high promoter = low float
KRISHNADEF,KRISHNA DEF AND ALD IND L,Industrials,1037.9000244140625,25.864283970424108,37.0414,25.428,1.121,,,,47.7,-0.3,11,1,0,12,26% below 52w high; ROE 25%; low D/E 1; margin 18%; earnings +23%,
SCILAL,SHIPPING CORP OF ILA LTD,Real Estate,40.0099983215332,27.254548506303266,65.59016,0.95999995,0.003,66.2,6.0,8.0,61.2,3.0,8,2,2,12,27% below 52w high; low D/E 0; margin 112%; rev +38%,strong promoter 66.2%
JKPAPER,JK PAPER LIMITED,Basic Materials,389.6000061035156,12.410068166446488,22.301088,4.7810003,44.544,57.6,10.9,34.0,42.1,9.2,8,2,2,12,low D/E 45; earnings +50%; rev +13%,strong promoter 57.6%
SASKEN,SASKEN TECHNOLOGIES LTD,Technology,1874.0999755859375,32.591180184864385,41.152832,6.9879999999999995,3.212,56.4,9.3,7.0,59.1,0.6,9,1,2,12,33% below 52w high; low D/E 3; earnings +144%; rev +126%,strong promoter 56.4%
ASHIANA,ASHIANA HOUSING LTD,Real Estate,367.2999877929687,15.737556105542511,30.506643,14.333999,35.119,71.8,8.7,8.0,49.3,6.6,7,3,2,12,low D/E 35,strong promoter 71.8%
BSE,BSE LIMITED,Financial Services,3291.10009765625,25.989470131149,47.891445,36.003,0.0,0.0,23.9,211.0,39.9,-3.4,12,0,0,12,26% below 52w high; ROE 36%; low D/E 0; margin 49%; earnings +62%; rev +64%,
JASH,JASH ENGINEERING LIMITED,Industrials,481.5,15.946579292859443,35.326485,15.712000000000002,19.563,52.7,2.9,6.0,52.5,2.0,9,1,2,12,low D/E 20; earnings +58%; rev +18%,strong promoter 52.7%
JKIL,JKUMAR INFR.LTD.,Industrials,503.6499938964844,25.933824426987588,10.008943,12.137,18.443,54.6,15.7,19.0,55.0,1.6,9,1,2,12,26% below 52w high; low D/E 18; PE 10,strong promoter 54.6%
KMEW,KNOWLEDGE MARINE & EN W L,Industrials,2691.800048828125,10.270337796101597,54.106533,19.958,38.764,65.7,1.5,5.0,41.8,-4.0,10,0,2,12,ROE 20%; low D/E 39; margin 31%; earnings +113%; rev +42%,strong promoter 65.7%
CARTRADE,CARTRADE TECH LIMITED,Consumer Cyclical,2895.199951171875,12.013373311901688,62.289158,9.849,5.363,6.4,63.3,78.0,37.9,10.5,8,2,2,12,low D/E 5; margin 29%; earnings +22%; rev +16%,high institutional 63.3%
UNIPARTS,UNIPARTS INDIA LIMITED,Industrials,810.1500244140625,3.4386144917684742,20.289257,18.014,17.771,65.9,3.8,9.0,50.6,0.2,9,1,2,12,ROE 18%; low D/E 18; earnings +64%; rev +27%,strong promoter 65.9%
JAGRAN,JAGRAN PRAKASHAN LIMITED,Communication Services,61.790000915527344,21.68567842769882,7.135104,8.794,5.156,69.0,4.4,12.0,63.0,6.0,6,4,2,12,22% below 52w high; low D/E 5; PE 7,strong promoter 69.0%
CUPID,CUPID LIMITED,Consumer Defensive,282.42999267578125,5.541808469638378,282.43,27.297002,12.506,64.5,0.4,9.0,27.8,-2.7,10,0,2,12,ROE 27%; low D/E 13; margin 29%; earnings +191%; rev +159%,strong promoter 64.5%
STUDDS,STUDDS ACCESSORIES LTD,Consumer Cyclical,448.0,25.333333333333336,23.578947,16.999,1.559,63.4,9.1,6.0,59.8,5.7,7,3,2,12,25% below 52w high; low D/E 2; rev +13%,strong promoter 63.4%
BLACKBUCK,BLACKBUCK LIMITED,Technology,631.0499877929688,15.635028369923964,68.22162,12.059,4.164,31.0,49.9,56.0,40.4,0.1,10,0,2,12,low D/E 4; margin 24%; earnings +26%; rev +42%,high institutional 49.9%
VOLTAMP,VOLTAMP TRANSFORMERS LTD,Industrials,10313.5,19.82041514421208,32.950478,18.073,0.03,31.1,51.3,61.0,52.6,-2.0,9,1,2,12,ROE 18%; low D/E 0; rev +28%,high institutional 51.3%
CANBK,CANARA BANK,Financial Services,129.60000610351562,20.437100749506403,5.9178085,15.935999,102.381401307291,64.4,19.0,226.0,45.7,-5.2,10,0,2,12,20% below 52w high; margin 43%; earnings +62%; PE 6,strong promoter 64.4%
ZAGGLE,ZAGGLE PREPA OCEAN SER L,Technology,197.55999755859375,52.24559058999322,19.274147,10.4490004,3.884,52.1,6.2,16.0,45.5,-20.2,10,0,2,12,52% below 52w high; low D/E 4; earnings +22%; rev +50%,strong promoter 52.1%
BCG,BRIGHTCOM GROUP LIMITED,Communication Services,9.359999656677246,47.11864828686695,1.9622641,9.993,0.0,23.7,1.2,9.0,53.5,3.5,11,1,0,12,47% below 52w high; low D/E 0; earnings +72%; rev +62%; PE 2,
CONCORDBIO,CONCORD BIOTECH LIMITED,Healthcare,1576.699951171875,12.497922758806638,54.275387,13.543999,0.115,72.5,13.3,45.0,44.5,-4.7,10,0,2,12,low D/E 0; margin 25%; earnings +31%; rev +26%,strong promoter 72.5%
CARBORUNIV,CARBORUNDUM UNIVERSAL LTD,Industrials,1137.5999755859375,12.954322875923827,102.578896,4.3670002,10.292,40.9,38.8,54.0,47.7,9.6,7,3,2,12,low D/E 10; earnings +24%; rev +19%,promoter 40.9%; institutional 38.8%
NUVAMA,NUVAMA WEALTH MANAGE LTD,Financial Services,1727.9000244140625,16.3649552558537,29.668612,27.317000000000004,282.325,58.5,18.6,71.0,49.5,10.1,7,3,2,12,ROE 27%; margin 28%; earnings +16%; rev +22%,strong promoter 58.5%
ANANDRATHI,ANAND RATHI WEALTH LTD,Financial Services,2171.10009765625,2.6412512261771304,78.72009,79.06,8.25,29.2,31.1,57.0,55.8,2.3,10,1,1,12,ROE 79%; low D/E 8; margin 33%; earnings +71%; rev +52%,institutional 31.1%
HONAUT,HONEYWELL AUTOMATION IND,Industrials,36715.0,11.51946017592481,59.064365,12.352,2.476,75.2,13.4,57.0,50.7,5.8,7,3,2,12,low D/E 2; earnings +21%,strong promoter 75.2%; ⚠ very high promoter = low float
COFORGE,COFORGE LIMITED,Technology,1882.0,5.412873991801773,38.589294,18.596001,7.518,21.8,55.0,164.0,47.2,3.3,9,1,2,12,ROE 19%; low D/E 8; earnings +31%; rev +50%,high institutional 55.0%
ASKAUTOLTD,ASK AUTOMOTIVE LIMITED,Consumer Cyclical,643.8499755859375,6.376332098696073,40.16531,25.258000000000003,51.789,75.0,20.4,26.0,42.4,7.4,8,2,2,12,ROE 25%; earnings +29%; rev +52%,strong promoter 75.0%; ⚠ very high promoter = low float
BEPL,BHANSALI ENG. POLYMERS LT,Basic Materials,123.2300033569336,11.025268334343975,15.327115,17.278999,,63.1,0.9,10.0,37.3,9.5,8,2,2,12,earnings +44%; rev +53%; PE 15,strong promoter 63.1%
MTARTECH,MTAR TECHNOLOGIES LIMITED,Industrials,7113.5,18.366995639201285,163.1911,12.121,45.778,29.3,36.0,65.0,19.2,6.8,9,2,1,12,low D/E 46; earnings +364%; rev +130%,institutional 36.0%
LICHSGFIN,LIC HOUSING FINANCE LTD,Financial Services,508.0499877929687,15.07021440562299,4.870111,14.409,642.522,2.3,75.4,116.0,50.7,5.6,7,3,2,12,margin 65%; rev +14%; PE 5,high institutional 75.4%
FIEMIND,FIEM INDUSTRIES LIMITED,Consumer Cyclical,2190.60009765625,18.102285865592503,21.91696,22.686,5.395,54.5,12.3,26.0,50.0,2.4,9,1,2,12,ROE 23%; low D/E 5; rev +18%,strong promoter 54.5%
ORKLAINDIA,ORKLA INDIA LIMITED,Consumer Defensive,550.3499755859375,27.58552952816612,25.350069,10.967,2.284,83.3,9.7,17.0,62.3,2.4,8,2,2,12,28% below 52w high; low D/E 2; rev +10%,strong promoter 83.3%; ⚠ very high promoter = low float
JUBLCPL,JUBILANT AGRI N CON PRO L,Basic Materials,2284.0,24.205214242438924,26.988066,32.558998,11.135,76.8,0.0,0.0,56.3,-10.2,10,0,2,12,24% below 52w high; ROE 33%; low D/E 11; rev +18%,strong promoter 76.8%; ⚠ very high promoter = low float
ICICIPRULI,ICICI PRU LIFE INS CO LTD,Financial Services,502.0,28.975663742223695,43.127148,12.579,19.037,23.7,69.8,153.0,59.3,-2.9,9,1,2,12,29% below 52w high; low D/E 19; earnings +61%,high institutional 69.8%
FMGOETZE,FEDERAL-MOGUL GOETZE (IND,Consumer Cyclical,474.0,17.907866304472606,15.439739,12.438,0.068,78.0,0.3,5.0,60.3,-10.3,9,1,2,12,low D/E 0; PE 15,strong promoter 78.0%; ⚠ very high promoter = low float
AVTNPL,AVT NATURAL PRODUCTS LTD,Basic Materials,88.47000122070312,4.305025266541922,20.767605,12.162,20.311,77.3,0.0,0.0,61.8,-24.9,9,1,2,12,low D/E 20; earnings +155%; rev +82%,strong promoter 77.3%; ⚠ very high promoter = low float
LTFOODS,LT FOODS LIMITED,Consumer Defensive,431.0,10.208333333333334,23.385784,14.936,28.488,61.6,16.1,50.0,43.7,5.2,8,2,2,12,low D/E 28; earnings +71%; rev +24%,strong promoter 61.6%
SUPRIYA,SUPRIYA LIFESCIENCE LTD,Healthcare,811.7000122070312,25.188938967093893,32.915653,19.059,0.454,71.3,4.8,18.0,46.0,-4.0,9,1,2,12,25% below 52w high; ROE 19%; low D/E 0; margin 23%; rev +33%,strong promoter 71.3%
MSUMI,MOTHERSON SUMI WRNG IND L,Consumer Cyclical,39.18000030517578,26.88934466576269,41.68085,32.394,10.788,61.7,20.6,65.0,51.9,-1.2,9,1,2,12,27% below 52w high; ROE 32%; low D/E 11; rev +36%,strong promoter 61.7%
HARDWYN,HARDWYN INDIA LIMITED,Industrials,9.3100004196167,53.91089075255099,49.000004,3.258,1.563,80.2,0.0,0.0,47.9,-6.5,10,0,2,12,54% below 52w high; low D/E 2; earnings +75%; rev +25%,strong promoter 80.2%; ⚠ very high promoter = low float
HEXT,HEXAWARE TECHNOLOGIES LTD,Technology,544.2000122070312,34.38630381142242,24.963305,21.473,10.18,75.2,18.5,64.0,40.9,1.0,9,0,2,11,34% below 52w high; ROE 21%; low D/E 10; rev +18%,strong promoter 75.2%; ⚠ very high promoter = low float
FIVESTAR,FIVE-STAR BUS FIN LTD,Financial Services,527.4500122070312,20.80330147041573,14.091638,16.058001,111.929,26.3,50.2,70.0,48.6,-5.2,9,0,2,11,21% below 52w high; margin 48%; PE 14,high institutional 50.2%
LXCHEM,LAXMI ORGANIC INDUS LTD,Basic Materials,174.50999450683594,27.589213897578453,38.523174,4.077,27.344,69.2,3.7,13.0,39.6,3.6,9,0,2,11,28% below 52w high; low D/E 27; earnings +221%; rev +40%,strong promoter 69.2%
EIEL,ENVIRO INFRA ENGINEERS L,Industrials,199.0099945068359,27.92104668327209,19.321358,16.886000000000003,34.127,70.2,0.6,7.0,42.7,2.8,9,0,2,11,28% below 52w high; low D/E 34; rev +49%,strong promoter 70.2%
ANGELONE,ANGEL ONE LIMITED,Financial Services,289.5,19.683731392490515,26.104599,22.06,129.314,49.0,25.5,76.0,37.4,-1.6,9,0,2,11,ROE 22%; margin 21%; earnings +100%; rev +23%,promoter 49.0%; institutional 25.5%
ABB,ABB INDIA LIMITED,Industrials,7479.0,5.621805792163544,100.659485,19.131,1.547,75.3,13.5,199.0,37.7,4.0,9,0,2,11,ROE 19%; low D/E 2; margin 21%; rev +12%,strong promoter 75.3%; ⚠ very high promoter = low float
TALBROAUTO,TALBROS AUTO. COMP. LTD,Consumer Cyclical,412.0,8.768823199359861,22.699724,15.137,11.266,62.0,0.4,5.0,47.1,2.1,8,1,2,11,low D/E 11; earnings +35%; rev +15%,strong promoter 62.0%
SAGILITY,SAGILITY LIMITED,Healthcare,42.63999938964844,26.343064710287283,20.113209,10.278,11.497,50.9,22.3,67.0,43.3,1.4,9,0,2,11,26% below 52w high; low D/E 11; earnings +44%; rev +28%,strong promoter 50.9%
NETWEB,NETWEB TECH INDIA LTD,Technology,5419.7998046875,0.5523055137821034,117.59167,32.834998,39.019,68.0,10.7,60.0,22.2,-3.8,9,0,2,11,ROE 33%; low D/E 39; earnings +178%; rev +172%,strong promoter 68.0%
IRFC,INDIAN RAILWAY FIN CORP L,Financial Services,86.47000122070312,36.96143298463676,15.750456,12.812,773.347,82.9,4.8,62.0,38.9,3.6,9,0,2,11,37% below 52w high; margin 97%; rev +10%; PE 16,strong promoter 82.9%; ⚠ very high promoter = low float
RAMCOIND,RAMCO INDUSTRIES LIMITED,Industrials,354.0,11.066446211243122,9.375,6.996,3.792,63.9,3.3,7.0,40.5,-4.6,9,0,2,11,low D/E 4; margin 17%; earnings +32%; rev +17%; PE 9,strong promoter 63.9%
GODFRYPHLP,GODFREY PHILLIPS INDIA LT,Consumer Defensive,2103.10009765625,46.716491065207755,23.988823,26.593,3.757,73.5,11.6,64.0,29.8,1.2,9,0,2,11,47% below 52w high; ROE 27%; low D/E 4; margin 22%,strong promoter 73.5%
NATCOPHARM,NATCO PHARMA LTD.,Healthcare,877.5,28.472451493769217,13.743149,16.853,7.742,51.0,12.8,72.0,46.6,-11.4,9,0,2,11,28% below 52w high; low D/E 8; margin 33%; PE 14,strong promoter 51.0%
CANTABIL,CANTABIL RETAIL LTD,Consumer Cyclical,247.30999755859375,23.0762060470937,21.228327,21.983999,113.826,74.5,3.7,7.0,53.1,2.9,8,1,2,11,23% below 52w high; ROE 22%; rev +13%,strong promoter 74.5%
MANALIPETC,MANALI PETROCHEMICALS LT,Basic Materials,77.7300033569336,1.257619218010333,7.424069,10.939,10.691,52.3,0.3,4.0,45.6,-11.0,9,0,2,11,low D/E 11; margin 17%; earnings +351%; rev +17%; PE 7,strong promoter 52.3%
REDTAPE,REDTAPE LIMITED,Consumer Cyclical,123.9800033569336,24.171251769459577,27.860676,26.577,70.489,72.2,13.3,16.0,51.5,4.4,8,1,2,11,24% below 52w high; ROE 27%,strong promoter 72.2%
JNKINDIA,JNK INDIA LIMITED,Industrials,450.3500061035156,19.292113601520494,33.508186,12.089,15.97,70.8,12.5,4.0,46.6,-6.8,9,0,2,11,low D/E 16; earnings +925%; rev +82%,strong promoter 70.8%
PERSISTENT,PERSISTENT SYSTEMS LTD,Technology,5674.0,14.017275344749203,46.386528,26.349002,6.092,33.2,43.6,239.0,39.8,3.3,9,0,2,11,ROE 26%; low D/E 6; rev +29%,high institutional 43.6%
UNIONBANK,UNION BANK OF INDIA,Financial Services,184.67999267578125,10.127019446731737,6.829881,15.798001,55.2580721094908,74.8,15.1,203.0,47.5,2.9,8,1,2,11,margin 40%; PE 7,strong promoter 74.8%
SINDHUTRAD,SINDHU TRADE LINKS LTD,Industrials,23.899999618530273,27.00061578112447,66.388885,3.5159999999999996,25.008,88.2,0.0,3.0,57.2,-2.7,8,1,2,11,27% below 52w high; low D/E 25; earnings +61%,strong promoter 88.2%; ⚠ very high promoter = low float
NUCLEUS,NUCLEUS SOFTWARE EXPORTS,Technology,736.5999755859375,32.09808790277406,18.4012,13.561,0.942,75.5,2.4,13.0,52.6,3.9,8,1,2,11,32% below 52w high; low D/E 1,strong promoter 75.5%; ⚠ very high promoter = low float
MPHASIS,MPHASIS LIMITED,Technology,2430.0,19.992096698723856,24.32676,17.743999,24.675,31.2,57.4,192.0,45.4,2.6,8,1,2,11,low D/E 25; rev +18%,high institutional 57.4%
RATNAMANI,RATNAMANI MET & TUB LTD.,Basic Materials,2289.60009765625,31.551566587257103,37.168835,13.578,7.549,67.2,25.7,45.0,55.8,-1.2,7,1,3,11,32% below 52w high; low D/E 8,strong promoter 67.2%; institutional 25.7%
NGLFINE,NGL FINE CHEM LIMITED,Healthcare,3033.300048828125,15.78844950504928,32.67938,15.736,37.232,72.5,0.0,0.0,48.9,-19.0,9,0,2,11,low D/E 37; earnings +99%; rev +34%,strong promoter 72.5%
POKARNA,POKARNA LIMITED,Industrials,889.5499877929688,22.391377971749808,29.09879,9.861,53.459,64.8,12.9,10.0,50.4,3.2,8,1,2,11,22% below 52w high; margin 16%; earnings +50%; rev +11%,strong promoter 64.8%
UPL,UPL LIMITED,Basic Materials,571.9000244140625,29.586306843309412,23.467379,5.614,57.128,33.8,43.2,207.0,56.8,4.2,8,1,2,11,30% below 52w high; earnings +24%; rev +10%,high institutional 43.2%
VISHNU,VISHNU CHEMICALS LIMITED,Basic Materials,625.2000122070312,6.686565342234142,28.149485,14.218001,49.066,70.1,7.8,11.0,58.5,-2.8,8,1,2,11,low D/E 49; earnings +23%; rev +25%,strong promoter 70.1%
CGPOWER,CG POWER AND IND SOL LTD,Industrials,876.2999877929688,10.663679683724766,110.365234,19.561,1.446,60.0,20.5,177.0,46.8,2.3,8,1,2,11,ROE 20%; low D/E 1; rev +14%,strong promoter 60.0%
TVSMOTOR,TVS MOTOR COMPANY  LTD,Consumer Cyclical,4390.0,1.899441340782123,61.006115,31.619000000000003,306.09,52.3,30.0,269.0,60.7,-2.0,5,2,4,11,ROE 32%; earnings +67%; rev +34%,strong promoter 52.3%; institutional 30.0%; 269 institutions
NITINSPIN,NITIN SPINNERS LIMITED,Consumer Cyclical,586.0499877929688,5.100801655356887,15.545093,12.764,76.458,56.8,15.1,10.0,49.5,-15.6,9,0,2,11,earnings +84%; rev +10%; PE 16,strong promoter 56.8%
TIMEX,TIMEX GROUP INDIA LTD.,Consumer Cyclical,591.0499877929688,4.360843399195995,70.44695,77.263,31.919,54.4,1.7,7.0,44.9,1.4,9,0,2,11,ROE 77%; low D/E 32; earnings +84%; rev +30%,strong promoter 54.4%
PREMIERENE,PREMIER ENERGIES LIMITED,Technology,1040.0,8.289241622574956,27.90448,42.333,86.005,67.4,19.8,76.0,40.1,4.3,9,0,2,11,ROE 42%; margin 20%; earnings +53%; rev +35%,strong promoter 67.4%
RVNL,RAIL VIKAS NIGAM LIMITED,Industrials,227.8999938964844,43.12453532476202,52.87703,8.981,49.078,72.8,8.5,115.0,33.0,-0.5,9,0,2,11,43% below 52w high; low D/E 49; earnings +17%; rev +11%,strong promoter 72.8%
MANORAMA,MANORAMA INDUSTRIES LTD,Consumer Defensive,1958.699951171875,4.126287265204357,47.518192,39.395002,52.154,68.6,4.7,18.0,45.9,-37.2,9,0,2,11,ROE 39%; margin 17%; earnings +68%; rev +40%,strong promoter 68.6%
NLCINDIA,NLC INDIA LIMITED,Utilities,272.04998779296875,29.84786066104632,11.454737,15.966,82.0,72.5,14.5,60.0,52.8,0.9,8,1,2,11,30% below 52w high; margin 17%; PE 11,strong promoter 72.5%
JYOTHYLAB,JYOTHY LABS LIMITED,Consumer Defensive,208.4600067138672,40.89594570484355,26.967659,22.428,3.247,69.1,15.2,39.0,49.7,-1.0,8,1,2,11,41% below 52w high; ROE 22%; low D/E 3,strong promoter 69.1%
DHANBANK,DHANLAXMI BANK LIMITED,Financial Services,32.4900016784668,11.8317421334935,11.126713,7.915,49.97761072514112,51.2,6.0,6.0,45.8,3.0,8,1,2,11,low D/E 50; earnings +103%; rev +25%; PE 11,strong promoter 51.2%
GOPAL,GOPAL SNACKS LIMITED,Consumer Defensive,282.75,28.957286432160807,41.88889,16.670999000000002,32.169,81.4,5.3,8.0,40.7,-7.3,10,-1,2,11,29% below 52w high; low D/E 32; earnings +415%; rev +31%,strong promoter 81.4%; ⚠ very high promoter = low float
BAJFINANCE,BAJAJ FINANCE LIMITED,Financial Services,1095.0,6.919417096629692,33.681946,17.907,314.833,56.5,27.1,330.0,61.0,0.1,5,2,4,11,margin 43%; earnings +27%; rev +26%,strong promoter 56.5%; institutional 27.1%; 330 institutions
MMTC,MMTC LIMITED,Industrials,66.2699966430664,15.417998808314842,22.31313,20.266001,0.114,89.9,1.7,20.0,40.5,-6.3,10,-1,2,11,ROE 20%; low D/E 0; margin 16387%; earnings +130%,strong promoter 89.9%; ⚠ very high promoter = low float
CHOICEIN,CHOICE INTERNATIONAL LTD,Financial Services,809.7000122070312,5.903543032303167,70.2255,16.240999000000002,49.768,67.3,10.7,34.0,29.7,1.3,9,0,2,11,low D/E 50; margin 20%; earnings +15%; rev +34%,strong promoter 67.3%
TECHNOE,TECHNO ELEC & ENG CO. LTD,Industrials,985.4500122070312,37.43174525669643,26.569157,11.364,1.744,57.0,26.4,56.0,52.7,-2.7,7,1,3,11,37% below 52w high; low D/E 2; rev +20%,strong promoter 57.0%; institutional 26.4%
GLAND,GLAND PHARMA LIMITED,Healthcare,2820.0,7.230740354546025,41.179905,10.532,2.738,51.8,32.6,67.0,52.8,4.7,7,1,3,11,low D/E 3; margin 17%; earnings +47%; rev +20%,strong promoter 51.8%; institutional 32.6%
BLUESTARCO,BLUE STAR LIMITED,Industrials,1510.0,25.98039215686275,60.911655,16.222,23.588,60.7,33.9,97.0,45.2,2.8,7,1,3,11,26% below 52w high; low D/E 24; rev +13%,strong promoter 60.7%; institutional 33.9%
RAYMONDREL,RAYMOND REALTY LIMITED,Real Estate,578.0499877929688,21.34304414347389,12.82845,37.721002,64.676,55.3,4.9,11.0,41.9,-4.1,9,0,2,11,21% below 52w high; ROE 38%; rev +41%; PE 13,strong promoter 55.3%
MRPL,MRPL,Energy,173.97999572753906,18.053790340455492,9.708705,25.39,108.059,90.0,1.7,46.0,25.7,-5.0,10,-1,2,11,ROE 25%; earnings +3324%; rev +120%; PE 10,strong promoter 90.0%; ⚠ very high promoter = low float
AIAENG,AIA ENGINEERING LIMITED,Industrials,4357.60009765625,15.876445991192083,32.16178,16.951999,0.128,58.5,34.7,75.0,51.3,-9.0,8,0,3,11,low D/E 0; margin 28%; rev +12%,strong promoter 58.5%; institutional 34.7%
RRKABEL,R R KABEL LIMITED,Industrials,2894.199951171875,0.914100176813686,53.96606,20.826,13.092,70.0,18.6,57.0,42.3,1.4,9,0,2,11,ROE 21%; low D/E 13; earnings +128%; rev +54%,strong promoter 70.0%
AUROPHARMA,AUROBINDO PHARMA LTD,Healthcare,1608.0,4.422255309938797,25.121075,9.932999,21.31,54.8,30.6,189.0,50.0,3.4,7,1,3,11,low D/E 21; earnings +26%; rev +16%,strong promoter 54.8%; institutional 30.6%
METROPOLIS,METROPOLIS HEALTHCARE LTD,Healthcare,540.7999877929688,11.205976745409586,55.35312,13.373,15.212,47.8,44.6,58.0,56.0,-0.1,7,1,3,11,low D/E 15; rev +17%,promoter 47.8%; high institutional 44.6%
AVALON,AVALON TECHNOLOGIES LTD,Technology,2245.5,4.487452148022118,112.33117,16.943,29.503,54.5,26.8,33.0,39.0,-1.1,8,0,3,11,low D/E 30; earnings +145%; rev +50%,strong promoter 54.5%; institutional 26.8%
IPCALAB,IPCA LABORATORIES LTD,Healthcare,1900.0999755859375,2.313505761391226,36.83078,13.217,8.492,45.1,45.5,77.0,46.0,-10.4,8,0,3,11,low D/E 8; earnings +72%; rev +21%,promoter 45.1%; high institutional 45.5%
SKFINDIA,SKF INDIA LTD,Industrials,1601.699951171875,68.43318976799615,37.80269,13.543001,0.219,53.2,28.8,38.0,54.7,-0.1,7,1,3,11,68% below 52w high; low D/E 0,strong promoter 53.2%; institutional 28.8%
RAINBOW,RAINBOW CHILDRENS MED LTD,Healthcare,1453.5,9.72049689440994,51.78126,17.941,53.558,52.6,36.6,71.0,56.3,0.2,7,1,3,11,margin 16%; rev +33%,strong promoter 52.6%; institutional 36.6%
WHIRLPOOL,WHIRLPOOL OF INDIA LTD,Consumer Cyclical,775.75,46.0160055671538,39.298378,7.2459996,8.621,42.4,40.9,68.0,53.8,4.2,7,1,3,11,46% below 52w high; low D/E 9; rev +12%,promoter 42.4%; high institutional 40.9%
DIVGIITTS,DIVGI TORQTRANSFER SYST L,Consumer Cyclical,1263.449951171875,4.197004519785516,61.154404,7.616,0.279,63.3,26.2,8.0,45.0,4.3,7,1,3,11,low D/E 0; margin 15%; earnings +182%; rev +91%,strong promoter 63.3%; institutional 26.2%
VESUVIUS,VESUVIUS INDIA LTD,Industrials,429.2999877929687,29.37983705350912,34.017433,16.75,0.821,56.1,25.0,26.0,55.5,3.2,7,1,3,11,29% below 52w high; low D/E 1,strong promoter 56.1%; institutional 25.0%
NYKAA,FSN E COMMERCE VENTURES,Consumer Cyclical,330.3500061035156,5.071837326575969,375.39774,14.338,82.829,56.1,31.4,171.0,58.3,3.2,7,1,3,11,earnings +250%; rev +29%,strong promoter 56.1%; institutional 31.4%
NTPC,NTPC LTD,Utilities,337.5,18.556948607410867,10.3179455,13.695,118.127,54.0,38.5,221.0,60.8,-0.2,6,2,3,11,PE 10,strong promoter 54.0%; institutional 38.5%
BALKRISIND,BALKRISHNA IND. LTD,Consumer Cyclical,2378.0,14.306306306306308,32.732277,14.52999999999999,35.269,58.6,30.8,137.0,49.4,10.3,5,3,3,11,low D/E 35,strong promoter 58.6%; institutional 30.8%
AGARWALEYE,DR AGARWALS HEALTH CARE L,Healthcare,503.1000061035156,11.42605526346556,107.730194,8.3100006,50.3,67.9,26.7,34.0,54.4,7.0,5,3,3,11,earnings +50%; rev +26%,strong promoter 67.9%; institutional 26.7%
TITAN,TITAN COMPANY LIMITED,Consumer Cyclical,5068.0,1.9349845201238391,78.12548,37.127998,195.001,58.7,21.9,282.0,58.6,-1.1,7,1,3,11,ROE 37%; earnings +63%; rev +29%,strong promoter 58.7%; 282 institutions
BLUEDART,BLUE DART EXPRESS LTD,Industrials,5077.0,27.842524161455373,41.92403,14.832,64.2661368842264,76.2,16.7,42.0,46.1,4.7,8,1,2,11,28% below 52w high; earnings +189%,strong promoter 76.2%; ⚠ very high promoter = low float
DCMSHRIRAM,DCM SHRIRAM LIMITED,Industrials,1079.699951171875,23.663749113751766,11.495954,11.617,37.802,78.0,9.3,40.0,43.8,3.0,9,0,2,11,24% below 52w high; low D/E 38; earnings +511%; PE 11,strong promoter 78.0%; ⚠ very high promoter = low float
KAJARIACER,KAJARIA CERAMICS LTD,Industrials,1220.699951171875,6.795449592890786,35.55782,16.499001,7.302,48.8,31.6,59.0,58.5,0.8,8,1,2,11,low D/E 7; earnings +55%; rev +20%,promoter 48.8%; institutional 31.6%
JKCEMENT,JK CEMENT LIMITED,Basic Materials,5266.0,30.394554226422574,43.77754,15.032,87.522,54.3,37.8,86.0,50.0,-4.6,7,1,3,11,30% below 52w high; rev +28%,strong promoter 54.3%; institutional 37.8%
V2RETAIL,V2 RETAIL LIMITED,Consumer Cyclical,220.0500030517578,15.120538842137776,43.834663,25.959,110.224,56.8,10.6,22.0,51.2,-0.3,8,1,2,11,ROE 26%; earnings +180%; rev +60%,strong promoter 56.8%
PLATIND,PLATINUM INDUSTRIES LTD,Basic Materials,211.07000732421875,38.35572106113115,23.042578,12.031,2.293,73.3,3.7,1.0,55.2,1.5,8,1,2,11,38% below 52w high; low D/E 2,strong promoter 73.3%
RITES,RITES LIMITED,Industrials,218.44000244140625,22.23566849848189,25.165897,16.396,0.236,72.2,10.4,39.0,41.3,2.1,9,0,2,11,22% below 52w high; low D/E 0; margin 17%,strong promoter 72.2%
VTL,VARDHMAN TEXTILES LIMITED,Consumer Cyclical,600.5,12.718023255813954,20.184874,7.329,17.52,65.5,16.1,50.0,47.5,0.2,8,1,2,11,low D/E 18; earnings +49%; rev +13%,strong promoter 65.5%
MAHSEAMLES,MAHARASHTRA SEAMLESS LTD,Basic Materials,610.5999755859375,11.507249915081522,11.0998,10.6079996,0.194,72.1,7.3,37.0,57.1,4.0,8,1,2,11,low D/E 0; margin 16%; earnings +16%; PE 11,strong promoter 72.1%
CESC,CESC LTD,Utilities,156.61000061035156,23.418092611075032,13.339864,12.547,164.311,6.3,77.4,63.0,50.0,-2.0,8,1,2,11,23% below 52w high; PE 13,high institutional 77.4%
OBEROIRLTY,OBEROI REALTY LIMITED,Real Estate,1904.699951171875,4.098485746672845,26.322554,18.05,15.765,67.7,24.2,172.0,43.1,-15.1,10,-1,2,11,ROE 18%; low D/E 16; margin 42%; earnings +29%; rev +32%,strong promoter 67.7%
PARAS,PARAS DEF AND SPCE TECH L,Industrials,1502.0,4.7558655675332915,128.70609,13.137999,3.731,56.1,6.9,20.0,28.9,-4.4,9,0,2,11,low D/E 4; margin 18%; earnings +42%; rev +37%,strong promoter 56.1%
ENGINERSIN,ENGINEERS INDIA LTD,Industrials,237.2100067138672,11.15730085622952,17.004301,23.786,0.534,51.4,18.4,62.0,43.7,-7.1,10,-1,2,11,ROE 24%; low D/E 1; margin 20%; earnings +142%; PE 17,strong promoter 51.4%
SENORES,SENORES PHARMACEUTICALS L,Healthcare,1513.300048828125,4.069727491085579,53.322765,13.793,35.46,54.5,11.0,12.0,42.6,-1.3,9,0,2,11,low D/E 35; margin 19%; earnings +44%; rev +38%,strong promoter 54.5%
GOKULAGRO,GOKUL AGRO RESOURCES LTD,Consumer Defensive,243.69000244140625,5.542845976302299,17.113062,30.102,41.405,79.1,2.6,13.0,41.3,3.4,9,0,2,11,ROE 30%; low D/E 41; earnings +72%; PE 17,strong promoter 79.1%; ⚠ very high promoter = low float
NOVARTIND,NOVARTIS INDIA LIMITED,Healthcare,1482.199951171875,16.730339821804776,37.363247,11.627,0.393,58.7,15.0,5.0,59.0,3.3,8,1,2,11,low D/E 0; margin 26%; earnings +17%; rev +19%,strong promoter 58.7%
HPL,HPL ELECTRIC & POWER LTD,Industrials,314.6499938964844,39.227427542929135,22.205362,9.507,75.317,72.7,0.2,5.0,51.4,2.6,8,1,2,11,39% below 52w high; rev +34%,strong promoter 72.7%
HARIOMPIPE,HARIOM PIPE INDUSTRIES L,Basic Materials,347.5,39.26948748923324,15.653152,12.392,62.241,59.8,9.7,4.0,47.3,-0.1,8,1,2,11,39% below 52w high; PE 16,strong promoter 59.8%
MOTISONS,MOTISONS JEWELLERS LTD,Consumer Cyclical,16.59000015258789,20.278709378445384,24.397058,13.962,7.795,62.7,0.0,0.0,25.0,-14.5,10,-1,2,11,20% below 52w high; low D/E 8; earnings +38%; rev +23%,strong promoter 62.7%
KPIGREEN,KPI GREEN ENERGY LIMITED,Utilities,307.04998779296875,43.374829360448366,13.292207,17.253,158.765,54.8,5.3,21.0,48.2,-5.3,9,0,2,11,43% below 52w high; margin 16%; rev +15%; PE 13,strong promoter 54.8%
MANAKCOAT,MAN COAT METAL & IND LTD,Industrials,126.91000366210938,30.581993995305343,30.073462,26.73999999999999,33.071,75.0,0.0,0.0,58.4,0.0,10,-1,2,11,31% below 52w high; ROE 27%; low D/E 33,strong promoter 75.0%; ⚠ very high promoter = low float
GARFIBRES,GARWARE TECH FIBRES LTD,Consumer Cyclical,760.25,12.660119554438106,35.77647,15.306,3.161,59.2,13.4,26.0,48.9,-5.4,9,0,2,11,low D/E 3; earnings +23%; rev +31%,strong promoter 59.2%
LUMAXIND,LUMAX INDUSTRIES LTD,Consumer Cyclical,5808.0,16.244862643305215,28.983482,20.389,106.063,76.1,6.0,10.0,46.1,1.7,8,1,2,11,ROE 20%; earnings +41%; rev +33%,strong promoter 76.1%; ⚠ very high promoter = low float
ACE,ACTION CONST EQUIP LTD,Industrials,1164.4000244140625,2.6421384269178514,31.692976,22.885999,0.393,66.8,7.1,48.0,44.0,1.2,9,0,2,11,ROE 23%; low D/E 0; earnings +22%; rev +20%,strong promoter 66.8%
AJAXENGG,AJAX ENGINEERING LIMITED,Industrials,566.4000244140625,22.251197746868563,28.634985,17.663,0.132,80.0,9.9,13.0,59.4,-1.5,8,1,2,11,22% below 52w high; low D/E 0,strong promoter 80.0%; ⚠ very high promoter = low float
NIVABUPA,NIVA BUPA HEALTH INS CO L,Financial Services,82.87999725341797,9.321667538537833,78.18868,12.1350005,9.883,76.9,15.7,34.0,51.7,0.2,8,1,2,11,low D/E 10; earnings +90%; rev +80%,strong promoter 76.9%; ⚠ very high promoter = low float
DMART,AVENUE SUPERMARTS LIMITED,Consumer Defensive,3960.0,19.991918375593496,84.63347,12.142270859596367,9.913,78.9,13.2,185.0,51.3,-2.7,8,1,2,11,low D/E 10; rev +15%,strong promoter 78.9%; ⚠ very high promoter = low float
ULTRACEMCO,ULTRATECH CEMENT LIMITED,Basic Materials,11575.0,11.708619374523265,39.956505,10.593,29.432,61.9,22.3,243.0,55.9,5.6,6,3,2,11,low D/E 29; earnings +17%; rev +16%,strong promoter 61.9%
TCIEXP,TCI EXPRESS LIMITED,Industrials,544.6500244140625,30.173073793068912,25.654736,10.2869995,7.738,72.0,10.4,12.0,46.9,1.7,8,1,2,11,30% below 52w high; low D/E 8,strong promoter 72.0%
GSFC,GUJ STATE FERT & CHEM LTD,Basic Materials,160.61000061035156,27.19071432217815,9.241082,5.510000000000001,0.217,42.9,11.8,32.0,51.5,4.3,9,1,1,11,27% below 52w high; low D/E 0; rev +64%; PE 9,promoter 42.9%
ASIANTILES,ASIAN GRANITO IND. LTD.,Industrials,45.41999816894531,42.549962596086374,78.31034,1.283,28.468,53.4,0.5,5.0,33.5,-5.8,7,2,2,11,43% below 52w high; low D/E 28; rev +37%,strong promoter 53.4%
ABLBL,ADITYA BIRLA LIFES BRAN L,Consumer Cyclical,86.5,42.84015135573125,59.65517,12.723999999999998,213.719,57.2,23.2,40.0,61.0,2.6,7,2,2,11,43% below 52w high; earnings +20%; rev +11%,strong promoter 57.2%
HEIDELBERG,HEIDELBERGCEMENT (I) LTD,Basic Materials,160.22000122070312,28.207195171721715,31.292969,9.6829996,1.037,71.2,14.6,14.0,62.0,7.9,5,4,2,11,28% below 52w high; low D/E 1,strong promoter 71.2%
JSWDULUX,JSW DULUX LIMITED,Consumer Discretionary,3086.10009765625,17.594122893024032,7.159993,134.58,3.2264643498123675,,,,49.9,3.7,10,1,0,11,ROE 135%; low D/E 3; earnings +360%; PE 7,
SHILCTECH,SHILCHAR TECHNOLOGIES LTD,Industrials,3867.199951171875,28.3719216304524,32.189114,37.762,0.0,73.4,0.2,3.0,51.9,4.1,8,1,2,11,28% below 52w high; ROE 38%; low D/E 0; margin 22%,strong promoter 73.4%
SHREECEM,SHREE CEMENT LIMITED,Basic Materials,24300.0,22.177742193755005,53.67556,7.41,38.149,72.8,20.8,143.0,45.4,9.9,6,3,2,11,22% below 52w high; low D/E 38,strong promoter 72.8%
SETL,STANDARD ENGNG TCNLGY LTD,Industrials,304.95001220703125,3.37452271562733,71.41686,10.995,10.365,79.9,0.3,1.0,56.5,6.2,6,3,2,11,low D/E 10; earnings +26%; rev +43%,strong promoter 79.9%; ⚠ very high promoter = low float
AVANTEL,AVANTEL LIMITED,Technology,162.9600067138672,24.204648040061773,378.97675,12.41,10.164,45.2,0.5,7.0,42.9,-0.1,10,0,1,11,24% below 52w high; low D/E 10; earnings +67%; rev +36%,promoter 45.2%
ESCORTS,ESCORTS KUBOTA LIMITED,Industrials,3092.10009765625,26.02631345319976,24.626474,12.0220006,1.309,76.1,12.6,80.0,53.0,1.6,8,1,2,11,26% below 52w high; low D/E 1; rev +28%,strong promoter 76.1%; ⚠ very high promoter = low float
NHPC,NHPC LTD,Utilities,76.3499984741211,14.425019693449189,27.967031,9.021,113.111,62.5,21.5,161.0,45.2,7.2,6,3,2,11,margin 31%; rev +18%,strong promoter 62.5%
SHAKTIPUMP,SHAKTI PUMPS (I) LTD,Industrials,506.2000122070313,44.67759429431353,29.881935,17.969999,29.625,54.0,6.4,28.0,49.1,2.4,8,1,2,11,45% below 52w high; low D/E 30; rev +38%,strong promoter 54.0%
STEELXIND,STEEL EXCHANGE INDIA LTD,Basic Materials,10.539999961853027,24.444443684847208,42.16,3.663,54.377,61.6,0.0,0.0,61.8,-2.8,7,2,2,11,24% below 52w high; earnings +33%,strong promoter 61.6%
NH,NARAYANA HRUDAYALAYA LTD.,Healthcare,1799.300048828125,14.044809303118663,44.58127,19.845,129.033,67.2,12.9,82.0,62.4,0.2,7,2,2,11,ROE 20%; rev +80%,strong promoter 67.2%
UNOMINDA,UNO MINDA LIMITED,Consumer Cyclical,1260.5,8.791606367583213,60.42665,19.202,37.74,68.5,20.7,113.0,48.7,-0.1,8,1,2,11,ROE 19%; low D/E 38; rev +24%,strong promoter 68.5%
XPROINDIA,XPRO INDIA LIMITED,Basic Materials,1121.0999755859375,28.8100113776225,79.11785,2.777,40.676,50.8,12.5,9.0,56.3,4.0,8,1,2,11,29% below 52w high; low D/E 41; earnings +93%; rev +20%,strong promoter 50.8%
BHAGCHEM,BHAGIRADHA CHEM & INDS L,Basic Materials,283.8999938964844,10.413379815582918,133.28638,2.633,33.579,64.5,3.7,5.0,52.3,18.5,6,3,2,11,low D/E 34; earnings +31%; rev +58%,strong promoter 64.5%
PARKHOTELS,PARKHOTELS,Consumer Cyclical,116.4000015258789,29.067643390303814,37.79221,4.9250003,27.784,72.3,8.6,9.0,61.5,6.6,5,4,2,11,29% below 52w high; low D/E 28,strong promoter 72.3%
SUPRAJIT,SUPRAJIT ENGINEERING LTD,Consumer Cyclical,511.3500061035156,8.565041376215357,37.544052,13.446,69.079,50.6,21.5,22.0,54.4,8.6,6,3,2,11,rev +24%,strong promoter 50.6%
RAJRATAN,RAJRATAN GLOBAL WIRE LTD,Basic Materials,505.3500061035156,10.390992966589922,32.208416,11.594,49.797,69.7,7.8,8.0,45.5,8.1,6,3,2,11,low D/E 50; earnings +70%; rev +29%,strong promoter 69.7%
MOLDTKPAC,MOLD-TEK PACKAGING LTD,Consumer Cyclical,682.4000244140625,21.60826830395606,29.786121,10.976,31.851,39.2,29.0,18.0,50.3,9.7,7,3,1,11,22% below 52w high; low D/E 32; rev +25%,institutional 29.0%
HAPPSTMNDS,HAPPIEST MINDS TECHNO LTD,Technology,414.2999877929687,34.75590743417815,28.67128,13.317999,98.705,46.0,8.2,28.0,36.4,-2.6,10,0,1,11,35% below 52w high; earnings +18%; rev +14%,promoter 46.0%
UJJIVANSFB,UJJIVAN SMALL FINANC BANK,Financial Services,71.93000030517578,2.7184231401984262,15.70524,10.739,36.47490111253225,0.0,38.9,55.0,47.5,0.1,9,1,1,11,low D/E 36; margin 20%; earnings +202%; rev +50%; PE 16,institutional 38.9%
GMMPFAUDLR,GMM PFAUDLER LIMITED,Industrials,1018.2000122070312,22.12619409506453,64.812225,4.5809999999999995,84.461,40.7,20.0,28.0,51.0,5.9,7,3,1,11,22% below 52w high; earnings +114%; rev +16%,promoter 40.7%
PREMEXPLN,PREMIER EXPLOSIVES LTD,Basic Materials,663.5499877929688,20.03494847501475,106.50883,17.044999999999998,11.133,43.6,10.1,8.0,64.9,6.5,6,4,1,11,20% below 52w high; low D/E 11,promoter 43.6%
SOUTHBANK,THE SOUTH INDIAN BANK LTD,Financial Services,45.15999984741211,9.499001069185455,7.8402777,13.596,30.018463358470747,4.9,29.6,50.0,44.4,-3.7,10,0,1,11,low D/E 30; margin 29%; earnings +17%; PE 8,institutional 29.6%
TATACONSUM,TATA CONSUMER PRODUCT LTD,Consumer Defensive,1056.300048828125,17.650262022455916,63.82478,6.94,12.159,34.4,33.8,211.0,58.1,5.4,7,3,1,11,low D/E 12; earnings +28%; rev +12%,institutional 33.8%
CENTUM,CENTUM ELECTRONICS LTD,Technology,3446.0,13.172748498188849,54.12282,28.000998,37.984,49.9,19.1,13.0,50.1,-4.2,9,1,1,11,ROE 28%; low D/E 38; earnings +1719%,promoter 49.9%
PRECAM,PRECISION CAMSHAFTS LTD.,Consumer Cyclical,130.67999267578125,50.122140200083486,30.320185,6.295000000000001,13.008,78.5,0.1,3.0,46.0,10.0,6,3,2,11,50% below 52w high; low D/E 13,strong promoter 78.5%; ⚠ very high promoter = low float
HAVELLS,HAVELLS INDIA LIMITED,Industrials,1278.0,21.164640105674295,49.153847,21.19,2.801,63.5,23.8,181.0,59.4,-3.0,8,1,2,11,21% below 52w high; ROE 21%; low D/E 3; rev +20%,strong promoter 63.5%
SHILPAMED,SHILPA MEDICARE LTD,Healthcare,820.9500122070312,1.5765452300449572,54.045425,9.822,25.465,57.0,10.5,28.0,39.7,11.7,7,2,2,11,low D/E 25; margin 18%; earnings +115%; rev +45%,strong promoter 57.0%
ATUL,ATUL LTD,Basic Materials,6510.5,9.32451253481894,24.073732,11.529,2.907,46.2,28.0,53.0,52.9,7.0,6,3,2,11,low D/E 3; earnings +92%; rev +25%,promoter 46.2%; institutional 28.0%
VINDHYATEL,VINDHYA TELELINKS LTD,Industrials,2436.0,6.3076923076923075,12.3273115,5.311,34.118,58.7,9.1,7.0,44.3,6.1,7,2,2,11,low D/E 34; earnings +76%; PE 12,strong promoter 58.7%
CHOLAHLDNG,CHOLAMANDALAM FIN HOL LTD,Financial Services,1574.199951171875,23.73062252074249,11.071881,18.035,623.156,47.1,33.3,82.0,61.5,-11.9,8,1,2,11,24% below 52w high; ROE 18%; rev +17%; PE 11,promoter 47.1%; institutional 33.3%
HIKAL,HIKAL LIMITED,Healthcare,212.2599945068359,24.916878195466644,58.81,-4.05,57.040373707040374,69.1,6.7,9.0,46.0,8.4,6,3,2,11,25% below 52w high; earnings +68%; rev +37%,strong promoter 69.1%
MONARCH,MONARCH NETWORTH CAP LTD,Financial Services,391.8500061035156,3.71053093760166,17.186405,20.495,3.83,70.4,1.2,3.0,48.2,1.6,8,1,2,11,ROE 20%; low D/E 4; margin 51%; PE 17,strong promoter 70.4%
AUBANK,AU SMALL FINANCE BANK LTD,Financial Services,1088.0,1.618593364580713,28.83647,16.46999999999999,69.44966791535315,31.5,49.9,204.0,55.2,2.7,8,1,2,11,margin 21%; earnings +35%; rev +30%,high institutional 49.9%
TRUALT,TRUALT BIOENERGY LIMITED,Energy,462.6000061035156,14.649445368355051,26.709007,8.254,104.636,77.7,7.8,6.0,49.4,5.7,6,3,2,11,earnings +896%; rev +106%,strong promoter 77.7%; ⚠ very high promoter = low float
STARHEALTH,STAR HEALTH & AL INS CO L,Financial Services,575.5,7.905268440400916,50.660213,7.507,6.2241598046408395,77.4,,68.0,57.5,5.3,6,3,2,11,low D/E 6; earnings +110%; rev +1408%,strong promoter 77.4%; ⚠ very high promoter = low float
OPTIEMUS,OPTIEMUS INFRACOM LTD,Technology,551.75,22.61570827489481,68.201485,8.7139994,45.355,72.5,2.6,9.0,51.3,1.2,8,1,2,11,23% below 52w high; low D/E 45; earnings +46%; rev +103%,strong promoter 72.5%
FILATEX,FILATEX INDIA LTD,Consumer Cyclical,81.51000213623047,6.6002002158820625,18.955814,14.81,9.979,71.7,6.5,7.0,40.3,8.7,7,2,2,11,low D/E 10; earnings +17%,strong promoter 71.7%
POLYMED,POLY MEDICURE LIMITED,Healthcare,1769.5999755859375,17.49731660427226,57.454548,10.845,11.227,64.6,18.0,59.0,46.8,8.7,6,3,2,11,low D/E 11; margin 16%; rev +30%,strong promoter 64.6%
TSFINV,TSF INVESTMENTS LIMITED,Financial Services,424.7000122070313,39.45830189493496,19.392694,9.0629995,3.85,0.0,6.0,16.0,57.9,5.6,8,3,0,11,39% below 52w high; low D/E 4; margin 45%; rev +71%,
LGBBROSLTD,LG BALAKRISHNAN & BROS,Consumer Cyclical,1599.5999755859375,21.894532442092896,15.991202,15.689,10.719,37.7,17.2,17.0,58.0,0.6,10,1,0,11,22% below 52w high; low D/E 11; rev +22%; PE 16,
GREENPLY,GREENPLY INDUSTRIES LTD,Basic Materials,287.1499938964844,14.129784946894029,36.256313,10.536,57.505,48.2,38.7,19.0,55.1,7.4,6,3,2,11,earnings +32%; rev +21%,promoter 48.2%; institutional 38.7%
PRINCEPIPE,PRINCE PIPES FITTINGS LTD,Industrials,283.1000061035156,20.921786004604577,30.704988,4.671,8.838,60.6,20.6,12.0,54.5,2.7,8,1,2,11,21% below 52w high; low D/E 9; earnings +593%,strong promoter 60.6%
MANKIND,MANKIND PHARMA LIMITED,Healthcare,2385.0,10.80777860882573,48.357666,12.452,38.111,75.4,19.8,175.0,54.0,1.8,8,1,2,11,low D/E 38; earnings +30%; rev +13%,strong promoter 75.4%; ⚠ very high promoter = low float
LLOYDSME,LLOYDS METALS N ENERGY L,Basic Materials,1891.4000244140625,10.99294002757353,22.298986,36.945,145.214,77.7,3.2,60.0,53.3,3.7,8,1,2,11,ROE 37%; margin 22%; earnings +169%; rev +209%,strong promoter 77.7%; ⚠ very high promoter = low float
JBMA,JBM AUTO LIMITED,Consumer Cyclical,623.3499755859375,21.09493979924842,65.82365,15.988,190.282,83.0,1.6,36.0,41.2,6.9,7,2,2,11,21% below 52w high; rev +15%,strong promoter 83.0%; ⚠ very high promoter = low float
AMBUJACEM,AMBUJA CEMENTS LTD,Basic Materials,411.0,31.59121032778257,23.02521,8.302,1.205,69.4,22.9,159.0,51.4,6.9,6,3,2,11,32% below 52w high; low D/E 1,strong promoter 69.4%
SANGHVIMOV,SANGHVI MOVERS LTD,Industrials,490.7000122070313,7.064391627456203,21.297743,15.026,51.403,57.9,1.4,9.0,45.3,1.6,8,1,2,11,margin 17%; earnings +30%; rev +39%,strong promoter 57.9%
EBGNG,GNG ELECTRONICS LIMITED,Technology,624.75,9.390862944162436,50.10024,26.766002,58.541,79.2,6.9,9.0,48.6,-1.3,8,1,2,11,ROE 27%; earnings +25%; rev +32%,strong promoter 79.2%; ⚠ very high promoter = low float
KEI,KEI INDUSTRIES LTD.,Industrials,5675.0,3.797253771825733,55.495792,14.753,3.796,36.0,43.9,139.0,46.0,-0.0,8,1,2,11,low D/E 4; earnings +40%; rev +23%,high institutional 43.9%
LODHA,LODHA DEVELOPERS LIMITED,Real Estate,1240.0,7.803260714677935,30.053322,15.71,42.238,70.3,18.0,208.0,40.4,-2.7,9,0,2,11,low D/E 42; margin 23%; earnings +103%; rev +43%,strong promoter 70.3%
MARSONS,MARSONS LIMITED,Industrials,112.1500015258789,36.06043020043298,43.808594,27.24,0.321,72.0,0.0,1.0,29.6,-4.7,9,0,2,11,36% below 52w high; ROE 27%; low D/E 0; margin 18%,strong promoter 72.0%
INDOBORAX,INDO BORAX & CHEMICAL LTD,Basic Materials,498.1499938964844,2.304373434133711,28.352304,13.925,0.37,50.2,20.0,2.0,29.8,1.4,9,0,2,11,low D/E 0; margin 23%; earnings +42%; rev +25%,strong promoter 50.2%
ASTRAL,ASTRAL LIMITED,Industrials,1532.0,13.382708074088336,71.355385,13.797999999999998,6.168,85.8,,153.0,41.5,1.2,9,0,2,11,low D/E 6; earnings +48%; rev +16%,strong promoter 85.8%; ⚠ very high promoter = low float
DOLPHIN,DOLPHIN OFF ENT (IND) L,Energy,621.5999755859375,5.280003720238096,34.495003,21.903,57.496,90.2,0.0,0.0,58.7,-32.2,9,0,2,11,ROE 22%; margin 50%; earnings +31%; rev +161%,strong promoter 90.2%; ⚠ very high promoter = low float
POLICYBZR,PB FINTECH LIMITED,Financial Services,1779.5999755859375,9.848025552890704,108.5122,9.7440004,4.922,24.4,61.1,227.0,52.5,9.3,6,3,2,11,low D/E 5; earnings +92%; rev +40%,high institutional 61.1%
FDC,FDC LIMITED,Healthcare,350.1499938964844,33.65858241856727,19.46359,11.8090004,0.622,94.8,,16.0,55.6,2.2,8,1,2,11,34% below 52w high; low D/E 1,strong promoter 94.8%; ⚠ very high promoter = low float
IMPAL,IND MOTOR PART & ACC LTD,Consumer Cyclical,1106.5999755859375,10.678831723382704,14.122001,3.78,0.0,54.5,0.0,0.0,63.5,3.5,7,2,2,11,low D/E 0; earnings +15%; PE 14,strong promoter 54.5%
DBL,DILIP BUILDCON LIMITED,Industrials,415.0,29.059829059829063,5.395917,22.893,115.513,76.2,6.3,18.0,38.8,21.9,7,2,2,11,29% below 52w high; ROE 23%; PE 5,strong promoter 76.2%; ⚠ very high promoter = low float
GATEWAY,GATEWAY DISTRIPARKS LTD,Industrials,55.099998474121094,21.84397379557291,11.244898,10.375,25.362,33.9,34.8,19.0,62.1,7.2,6,4,1,11,22% below 52w high; low D/E 25; PE 11,institutional 34.8%
NAUKRI,INFO EDGE (I) LTD,Communication Services,1360.9000244140625,5.348450535715286,55.16417,4.5679998,0.64,47.2,38.7,203.0,53.3,3.4,8,1,2,11,low D/E 1; margin 47%; earnings +51%; rev +11%,promoter 47.2%; institutional 38.7%
PSPPROJECT,PSP PROJECTS LIMITED,Industrials,923.3499755859376,19.216975014353675,49.749462,5.609999999999999,26.131,71.1,2.9,11.0,48.5,4.2,8,1,2,11,low D/E 26; earnings +4109%; rev +65%,strong promoter 71.1%
BERGEPAINT,BERGER PAINTS (I) LTD,Basic Materials,528.5499877929688,11.100832790359451,51.11702,17.226,9.165,75.6,15.6,74.0,47.7,3.4,8,1,2,11,low D/E 9; earnings +28%; rev +12%,strong promoter 75.6%; ⚠ very high promoter = low float
FEDFINA,FEDBANK FINANCIAL SER L,Financial Services,154.02999877929688,13.699012513181952,15.190334,15.939999999999998,467.341,61.8,15.8,16.0,52.9,1.6,8,1,2,11,margin 29%; earnings +51%; rev +32%; PE 15,strong promoter 61.8%
KROSS,KROSS LIMITED,Consumer Cyclical,210.36000061035156,11.46464848207804,24.013699,11.948,10.969,68.6,4.9,4.0,38.9,9.4,7,2,2,11,low D/E 11; earnings +24%; rev +32%,strong promoter 68.6%
RUBICON,RUBICON RESEARCH LIMITED,Healthcare,1760.5999755859375,3.269051194885347,100.893974,26.967999999999996,24.131,77.6,12.3,23.0,43.4,-4.3,9,0,2,11,ROE 27%; low D/E 24; earnings +97%; rev +44%,strong promoter 77.6%; ⚠ very high promoter = low float
INDGN,INDEGENE LIMITED,Healthcare,566.7000122070312,5.043561695979667,34.076973,13.941,5.043,55.7,21.9,42.0,56.4,8.2,6,3,2,11,low D/E 5; rev +40%,strong promoter 55.7%
MRF,MRF LTD,Consumer Cyclical,134000.0,18.09290953545232,23.484053,12.258001,15.288,47.9,18.2,148.0,47.0,9.7,7,3,1,11,low D/E 15,promoter 47.9%
AADHARHFC,AADHAR HOUSING FINANCE L,Financial Services,474.9500122070313,15.63942944812944,18.4375,15.753001,255.574,74.7,11.3,46.0,55.9,2.1,7,1,2,10,margin 48%; earnings +18%; rev +20%,strong promoter 74.7%
JLHL,JUPITER LIFE LINE HOSP L,Healthcare,317.70001220703125,6.558819939108456,55.34844,13.39,37.837,66.9,23.6,38.0,53.2,7.0,5,3,2,10,low D/E 38; rev +18%,strong promoter 66.9%
GENUSPOWER,GENUS POWER INFRASTRU LTD,Industrials,334.25,8.299039780521262,14.265899,28.997,103.821,61.7,6.5,22.0,51.0,-8.0,8,0,2,10,ROE 29%; earnings +43%; rev +45%; PE 14,strong promoter 61.7%
SYRMA,SYRMA SGS TECHNOLOGY LTD,Technology,1443.699951171875,6.43551839456416,74.8807,14.142999,13.045,59.6,17.2,61.0,37.8,-4.1,8,0,2,10,low D/E 13; earnings +86%; rev +68%,strong promoter 59.6%
ROSSARI,ROSSARI BIOTECH LIMITED,Basic Materials,511.7000122070313,25.87280584445009,18.81942,11.848,32.695,68.1,18.4,13.0,51.4,-5.4,8,0,2,10,26% below 52w high; low D/E 33; rev +28%,strong promoter 68.1%
DIAMONDYD,PRATAAP SNACKS LIMITED,Consumer Defensive,1175.0,5.622489959839357,243.27122,1.398,6.454,26.4,53.2,7.0,60.9,-1.6,3,5,2,10,low D/E 6,high institutional 53.2%
GANESHHOU,GANESH HOUSING LIMITED,Real Estate,826.7999877929688,10.145088751210707,26.0,14.415,13.079,82.2,0.5,9.0,51.3,0.3,7,1,2,10,low D/E 13; margin 41%; rev +86%,strong promoter 82.2%; ⚠ very high promoter = low float
KINGFA,KINGFA SCI & TEC IND LTD.,Basic Materials,5857.5,5.524193548387097,34.352825,17.412001,1.101,75.3,6.7,6.0,54.2,-11.5,8,0,2,10,low D/E 1; earnings +26%; rev +23%,strong promoter 75.3%; ⚠ very high promoter = low float
SAATVIKGL,SAATVIK GREEN ENERGY LTD,Technology,401.0,29.276895943562607,20.702116,42.051,69.034,84.8,10.5,7.0,51.2,-3.5,7,1,2,10,29% below 52w high; ROE 42%; rev +75%,strong promoter 84.8%; ⚠ very high promoter = low float
IGPL,I G PETROCHEMICALS LTD,Basic Materials,471.0499877929687,11.531603532049218,17.78218,0.166,27.136,73.5,0.1,3.0,56.6,-6.8,8,0,2,10,low D/E 27; earnings +48%; rev +31%; PE 18,strong promoter 73.5%
TVSHLTD,TVS HOLDINGS LIMITED,Consumer Cyclical,13968.0,14.290973798858689,14.34926,29.418,289.853,75.9,11.5,32.0,54.8,-4.6,7,1,2,10,ROE 29%; earnings +82%; rev +36%; PE 14,strong promoter 75.9%; ⚠ very high promoter = low float
ISGEC,ISGEC HEAVY ENG LTD,Industrials,761.75,31.614149986153528,50.58101,5.371,32.93,63.2,11.9,24.0,56.8,-4.5,7,1,2,10,32% below 52w high; low D/E 33; rev +48%,strong promoter 63.2%
IGARASHI,IGARASHI MOTORS INDIA LTD,Consumer Cyclical,446.7999877929687,19.92831759982639,85.59387,2.606,31.472,76.6,3.1,2.0,45.4,3.4,7,1,2,10,low D/E 31; earnings +169%; rev +22%,strong promoter 76.6%; ⚠ very high promoter = low float
BETA,BETA DRUGS LIMITED,Healthcare,2295.0,18.266317183017573,51.981876,18.776,60.386,0.0,0.0,0.0,47.0,3.3,9,1,0,10,ROE 19%; earnings +28%; rev +25%,
HONASA,HONASA CONSUMER LIMITED,Consumer Defensive,483.7999877929687,5.100039353190152,63.4076,15.449001,9.586,38.7,46.0,54.0,48.6,-12.9,8,0,2,10,low D/E 10; earnings +119%; rev +27%,high institutional 46.0%
GREENLAM,GREENLAM INDUSTRIES LTD.,Consumer Cyclical,256.20001220703125,8.050099516459099,70.38461,4.862,98.417,80.8,8.5,9.0,50.9,10.9,5,3,2,10,earnings +2541%; rev +18%,strong promoter 80.8%; ⚠ very high promoter = low float
APLAPOLLO,APL APOLLO TUBES LTD,Basic Materials,2140.0,7.013118501455572,48.252537,25.313999999999997,9.396,36.9,52.8,195.0,50.4,-1.1,7,1,2,10,ROE 25%; low D/E 9,high institutional 52.8%
LLOYDSENGG,LLOYDS ENGG WORK LIMITED,Industrials,92.25,7.518796992481203,53.94737,16.820998,6.45,55.1,1.2,15.0,40.4,3.6,8,0,2,10,low D/E 6; earnings +92%; rev +143%,strong promoter 55.1%
BELRISE,BELRISE INDUSTRIES LTD,Consumer Cyclical,234.0800018310547,12.72185265585982,41.13884,12.516,29.1,62.2,17.4,43.0,45.7,-0.1,7,1,2,10,low D/E 29; rev +13%,strong promoter 62.2%
KALYANKJIL,KALYAN JEWELLERS IND LTD,Consumer Cyclical,596.0,8.159336036831581,42.97044,24.305001,96.966,62.9,19.7,129.0,18.3,4.5,8,0,2,10,ROE 24%; earnings +32%; rev +46%,strong promoter 62.9%
ALICON,ALICON CASTALLOY LIMITED,Industrials,746.75,26.932485322896284,33.411633,5.638,56.406,71.6,10.5,6.0,58.8,-12.5,8,0,2,10,27% below 52w high; earnings +23%; rev +38%,strong promoter 71.6%
INDIANHUME,INDIAN HUME PIPE CO. LTD.,Industrials,368.3500061035156,14.73379488344546,13.597268,9.864,28.091,74.8,2.2,6.0,50.8,4.2,7,1,2,10,low D/E 28; PE 14,strong promoter 74.8%
MGL,MAHANAGAR GAS LTD.,Utilities,1137.800048828125,17.431055963125907,15.71113,13.627,3.461,42.5,31.6,87.0,52.9,-12.3,8,0,2,10,low D/E 3; rev +14%; PE 16,promoter 42.5%; institutional 31.6%
RAMRAT,RAM RATNA WIRES LIMITED,Industrials,486.5,6.442307692307692,35.851143,20.249,115.438,76.6,0.1,4.0,52.5,4.3,7,1,2,10,ROE 20%; earnings +128%; rev +89%,strong promoter 76.6%; ⚠ very high promoter = low float
KANSAINER,KANSAI NEROLAC PAINTS LTD,Basic Materials,201.5099945068359,23.670456626198508,27.194332,8.796,4.526,75.1,11.9,50.0,53.7,4.0,7,1,2,10,24% below 52w high; low D/E 5,strong promoter 75.1%; ⚠ very high promoter = low float
LUXIND,LUX INDUSTRIES LIMITED,Consumer Cyclical,1201.0,34.13222825672532,34.741104,6.0,33.964,75.9,5.4,6.0,51.6,-3.7,7,1,2,10,34% below 52w high; low D/E 34,strong promoter 75.9%; ⚠ very high promoter = low float
PNBHOUSING,PNB HOUSING FIN LTD.,Financial Services,1175.5,2.609776304888152,13.261507,12.7,287.733,28.0,58.5,89.0,46.7,6.4,5,3,2,10,margin 61%; PE 13,high institutional 58.5%
NFL,NATIONAL FERT. LTD,Basic Materials,70.30000305175781,31.727685521651416,9.474394,7.611999999999999,139.519,74.7,4.2,15.0,43.7,2.5,8,0,2,10,32% below 52w high; rev +27%; PE 9,strong promoter 74.7%
ADANIPORTS,ADANI PORT & SEZ LTD,Industrials,1696.0,10.316745709093873,28.976593,15.592,64.051,66.1,23.5,209.0,55.4,3.3,7,1,2,10,margin 32%; rev +19%,strong promoter 66.1%
NEPHROPLUS,NEPHROCARE HEALTH SERV L,Healthcare,674.1500244140625,12.419613587000647,79.31177,9.037,7.139,49.3,37.1,18.0,54.3,1.8,7,1,2,10,low D/E 7; earnings +296%; rev +22%,promoter 49.3%; institutional 37.1%
RACLGEAR,RACL GEARTECH LIMITED,Consumer Cyclical,1435.5,15.154561186489651,33.705093,16.91,66.889,56.6,8.5,4.0,51.9,-4.4,7,1,2,10,rev +32%,strong promoter 56.6%
LUMAXTECH,LUMAX AUTO TECH LTD,Consumer Cyclical,2043.699951171875,3.1421824089158763,43.03432,24.350001,83.409,57.2,19.2,39.0,43.8,1.9,8,0,2,10,ROE 24%; earnings +109%; rev +33%,strong promoter 57.2%
OLECTRA,OLECTRA GREENTECH LIMITED,Industrials,1291.199951171875,24.676234514580717,59.58468,17.559999999999988,30.841,50.3,5.2,41.0,41.3,4.1,8,0,2,10,25% below 52w high; low D/E 31; rev +66%,strong promoter 50.3%
RCF,RASHTRIYA CHEMICALS & FER,Basic Materials,118.41999816894533,28.00778514542231,14.637824,8.665000000000001,80.607,75.0,1.4,21.0,41.1,4.5,8,0,2,10,28% below 52w high; earnings +34%; PE 15,strong promoter 75.0%; ⚠ very high promoter = low float
POLYPLEX,POLYPLEX CORPORATION LTD,Basic Materials,1170.9000244140625,7.365504397621637,23.678463,0.617,13.292,56.4,5.8,15.0,54.6,1.6,7,1,2,10,low D/E 13; earnings +146%; rev +30%,strong promoter 56.4%
JGCHEM,J.G.CHEMICALS LIMITED,Basic Materials,619.9000244140625,6.514847347672132,32.370758,13.518,1.192,76.5,2.9,4.0,38.2,-3.3,8,0,2,10,low D/E 1; earnings +59%; rev +45%,strong promoter 76.5%; ⚠ very high promoter = low float
ELGIEQUIP,ELGI EQUIPMENTS LTD,Industrials,632.4500122070312,1.7934763653678183,44.66455,20.998,23.885,45.0,20.0,61.0,48.8,-17.3,9,0,1,10,ROE 21%; low D/E 24; earnings +21%; rev +23%,promoter 45.0%
SURYODAY,SURYODAY SMALL FIN BK LTD,Financial Services,154.5399932861328,29.110094822874856,8.566518,7.588,137.32320193248634,35.4,18.9,13.0,38.5,15.3,8,2,0,10,29% below 52w high; earnings +113%; rev +45%; PE 9,
TIIL,TECHNOCRAFT IND LTD,Industrials,3200.199951171875,4.753116337200219,21.347475,15.108,40.163,77.6,5.7,10.0,46.5,-21.4,8,0,2,10,low D/E 40; earnings +68%; rev +27%,strong promoter 77.6%; ⚠ very high promoter = low float
BOSCHLTD,BOSCH LIMITED,Consumer Cyclical,48750.0,0.7734581721962142,60.968746,19.353001,0.8,70.7,18.1,164.0,39.1,5.5,6,2,2,10,ROE 19%; low D/E 1; rev +22%,strong promoter 70.7%
ADVENZYMES,ADVANCED ENZYME TECH LTD,Basic Materials,303.0,27.684964200477324,20.472973,11.016,1.902,55.5,19.4,18.0,57.6,4.3,7,1,2,10,28% below 52w high; low D/E 2; margin 22%,strong promoter 55.5%
RAMCOSYS,RAMCO SYSTEMS LTD.,Technology,552.3499755859375,42.909563246931526,49.986423,12.493,12.101,63.8,5.8,6.0,48.1,-0.6,7,1,2,10,43% below 52w high; low D/E 12,strong promoter 63.8%
VOLTAS,VOLTAS LTD,Consumer Cyclical,1219.5,22.938388625592417,89.80118,5.7189997,15.51,36.7,43.5,160.0,40.2,-3.0,8,0,2,10,23% below 52w high; low D/E 16; earnings +52%; rev +19%,high institutional 43.5%
EQUITASBNK,EQUITAS SMALL FIN BNK LTD,Financial Services,76.98999786376953,8.235999447482714,17.262331,1.6900001000000002,94.248,12.2,53.5,44.0,52.4,2.6,7,1,2,10,earnings +403%; rev +19%; PE 17,high institutional 53.5%
ENDURANCE,ENDURANCE TECHNO. LTD.,Consumer Cyclical,3001.699951171875,2.5390419705642446,43.47769,15.156999,19.393,75.0,19.9,77.0,55.9,-0.5,7,1,2,10,low D/E 19; rev +30%,strong promoter 75.0%; ⚠ very high promoter = low float
ITDC,INDIA TOUR. DEV. CO. LTD.,Consumer Cyclical,687.5499877929688,16.356449173604776,71.396675,21.701999,0.155,94.9,1.8,2.0,23.8,2.7,8,0,2,10,ROE 22%; low D/E 0; margin 15%,strong promoter 94.9%; ⚠ very high promoter = low float
NACLIND,NACL INDUSTRIES LIMITED,Basic Materials,170.10000610351562,40.48285046578283,340.2,0.823,45.68,74.2,0.0,2.0,39.4,3.1,8,0,2,10,40% below 52w high; low D/E 46; earnings +37%,strong promoter 74.2%
ACI,ARCHEAN CHEMICAL IND LTD,Basic Materials,499.9500122070313,31.136361954954378,63.36502,5.552,24.128,53.4,25.3,32.0,57.4,-2.8,6,1,3,10,31% below 52w high; low D/E 24; rev +12%,strong promoter 53.4%; institutional 25.3%
COROMANDEL,COROMANDEL INTERNTL. LTD,Basic Materials,2004.800048828125,19.807998046875,32.252254,15.587000000000002,11.469,59.6,26.1,160.0,54.4,-0.1,6,1,3,10,low D/E 11; rev +16%,strong promoter 59.6%; institutional 26.1%
CHALET,CHALET HOTELS LIMITED,Consumer Cyclical,852.9000244140625,20.297164389051247,35.419437,19.132,64.041,67.4,28.2,52.0,55.5,-6.9,7,0,3,10,20% below 52w high; ROE 19%; margin 22%,strong promoter 67.4%; institutional 28.2%
JUBLINGREA,JUBILANT INGREVIA LIMITED,Basic Materials,720.4000244140625,9.38364472779088,37.11489,9.182,25.328,50.9,27.8,44.0,53.3,2.9,6,1,3,10,low D/E 25; earnings +41%; rev +25%,strong promoter 50.9%; institutional 27.8%
MOTHERSON,SAMVRDHNA MTHRSN INTL LTD,Consumer Cyclical,169.5800018310547,2.1296256423032416,40.764423,10.114,43.908,59.5,27.6,190.0,47.7,3.3,6,1,3,10,low D/E 44; earnings +104%; rev +17%,strong promoter 59.5%; institutional 27.6%
BATAINDIA,BATA INDIA LTD,Consumer Cyclical,711.2000122070312,44.5458080150463,62.385967,8.465999,86.9,50.5,30.4,54.0,45.6,-7.9,7,0,3,10,45% below 52w high; earnings +23%,strong promoter 50.5%; institutional 30.4%
SHRIRAMFIN,SHRIRAM FINANCE LIMITED,Financial Services,1128.199951171875,2.2102800623418837,19.922302,18.495001,276.215,22.2,59.4,313.0,56.7,-2.5,6,1,3,10,ROE 18%; margin 50%; earnings +30%; rev +43%,high institutional 59.4%; 313 institutions
GOCOLORS,GO FASHION INDIA LTD,Consumer Cyclical,330.1499938964844,56.61059491347511,33.11434,8.529,77.141,59.0,32.3,16.0,37.0,13.1,5,2,3,10,57% below 52w high,strong promoter 59.0%; institutional 32.3%
BECTORFOOD,MRS BECTORS FOOD SPE LTD,Consumer Defensive,258.0199890136719,13.705689293086328,53.199997,11.563,15.011,50.3,33.4,43.0,31.1,2.8,7,0,3,10,low D/E 15; earnings +25%; rev +16%,strong promoter 50.3%; institutional 33.4%
TORNTPOWER,TORRENT POWER LTD,Utilities,1248.699951171875,31.544324988504673,27.504404,13.022,70.885,62.3,27.7,133.0,59.1,-3.9,6,1,3,10,32% below 52w high,strong promoter 62.3%; institutional 27.7%
FSL,FIRSTSOURCE SOLU. LTD.,Technology,272.25,28.61824741562758,28.567682,15.9,67.135,55.1,31.2,69.0,30.7,3.9,7,0,3,10,29% below 52w high; rev +23%,strong promoter 55.1%; institutional 31.2%
NCC,NCC LIMITED,Industrials,140.07000732421875,37.07547013314903,12.562333,9.3219995,57.389,35.7,24.3,53.0,53.5,3.9,9,1,0,10,37% below 52w high; rev +12%; PE 13,
AMAGI,AMAGI MEDIA LABS LIMITED,Technology,576.4500122070312,20.751994382819134,122.12924,6.325,1.763,25.3,67.5,20.0,40.7,-4.0,8,0,2,10,21% below 52w high; low D/E 2; earnings +645%; rev +32%,high institutional 67.5%
UNIMECH,UNIMECH AEROSPACE N MFG L,Industrials,1508.300048828125,3.003212294011254,107.12358,9.0,17.186,79.7,7.8,4.0,47.2,2.3,7,1,2,10,low D/E 17; margin 25%; earnings +46%; rev +71%,strong promoter 79.7%; ⚠ very high promoter = low float
SIRCA,SIRCA PAINT INDIA LIMITED,Basic Materials,449.75,16.558441558441558,37.794117,15.767999,6.802,79.8,5.0,7.0,37.3,1.5,8,0,2,10,low D/E 7; rev +14%,strong promoter 79.8%; ⚠ very high promoter = low float
RISHABH,RISHABH INSTRUMENTS LTD,Technology,684.2000122070312,6.254705063497138,32.48813,12.069,10.752,73.9,11.6,3.0,49.7,-4.7,7,1,2,10,low D/E 11; earnings +217%,strong promoter 73.9%
ICICIGI,ICICI LOMBARD GIC LIMITED,Financial Services,1625.0,21.303691372373297,33.63693,14.63,0.2104137997786446,2.5,83.2,192.0,58.7,3.4,7,1,2,10,21% below 52w high; low D/E 0; rev +11%,high institutional 83.2%
GALAXYSURF,GALAXY SURFACTANTS LTD,Basic Materials,2318.199951171875,12.454684623418617,23.263422,10.47,8.579,72.6,16.3,25.0,48.5,-21.8,8,0,2,10,low D/E 9; earnings +108%; rev +39%,strong promoter 72.6%
ADOR,ADOR WELDING LTD,Industrials,1684.0,1.051767093089102,25.8203,23.82999999999999,0.4,58.3,12.4,6.0,52.7,-6.0,8,0,2,10,ROE 24%; low D/E 0; earnings +73%,strong promoter 58.3%
VSTTILLERS,VST TILLERS TRACTORS LTD,Industrials,4432.2001953125,30.46438350623627,35.25734,9.992,0.175,58.8,19.6,12.0,57.5,-5.8,8,0,2,10,30% below 52w high; low D/E 0; rev +11%,strong promoter 58.8%
KPRMILL,KPR MILL LTD.,Consumer Cyclical,1153.199951171875,13.553227048585082,43.20719,16.197,10.463,67.5,22.6,69.0,44.6,1.7,8,0,2,10,low D/E 10; earnings +22%,strong promoter 67.5%
NAVA,NAVA LIMITED,Industrials,556.75,24.70246394146437,20.813084,10.309,20.684,52.4,5.6,46.0,50.8,-3.8,7,1,2,10,25% below 52w high; low D/E 21; margin 18%; rev +12%,strong promoter 52.4%
PRECWIRE,PRECISION WIRES INDIA LTD,Industrials,435.7000122070313,8.254365591337043,45.480167,23.027,39.377,65.0,0.6,8.0,38.6,-5.4,9,-1,2,10,ROE 23%; low D/E 39; earnings +67%; rev +60%,strong promoter 65.0%
DIFFNKG,DIFFUSION ENGINEERS LTD,Industrials,401.7999877929687,11.478300683872108,27.333332,13.011,7.057,75.4,4.3,2.0,43.8,-0.8,8,0,2,10,low D/E 7; earnings +37%; rev +36%,strong promoter 75.4%; ⚠ very high promoter = low float
SHRINGARMS,SHRINGAR HOU OF MANGALS L,Consumer Cyclical,223.97999572753903,15.954973460585716,15.862606,26.288998000000003,27.898,78.2,3.4,4.0,33.0,-0.4,8,0,2,10,ROE 26%; low D/E 28; rev +65%; PE 16,strong promoter 78.2%; ⚠ very high promoter = low float
AEROFLEX,AEROFLEX INDUSTRIES LTD,Industrials,475.2999877929687,8.928920184169687,91.934235,14.062999,1.988,69.8,3.1,8.0,40.5,0.0,8,0,2,10,low D/E 2; earnings +158%; rev +72%,strong promoter 69.8%
KPITTECH,KPIT TECHNOLOGIES LIMITED,Technology,592.9000244140625,55.35391382424229,27.87494,19.73,23.624,45.3,29.8,96.0,29.2,-0.1,8,0,2,10,55% below 52w high; ROE 20%; low D/E 24,promoter 45.3%; institutional 29.8%
SUMICHEM,SUMITOMO CHEM INDIA LTD,Basic Materials,551.7999877929688,10.632443617484295,47.651123,17.24,1.865,75.5,9.6,55.0,43.4,-0.2,8,0,2,10,low D/E 2; margin 18%; earnings +20%,strong promoter 75.5%; ⚠ very high promoter = low float
SUNDRMFAST,SUNDRAM FASTENERS LTD,Consumer Cyclical,1228.4000244140625,1.7515815051426131,42.256622,14.583999,14.532,49.6,29.8,33.0,59.1,-2.6,7,1,2,10,low D/E 15; rev +20%,promoter 49.6%; institutional 29.8%
KRBL,KRBL LIMITED,Consumer Defensive,397.25,19.747474747474747,11.990643,11.731,2.924,72.7,4.7,30.0,46.5,-10.5,8,0,2,10,low D/E 3; earnings +73%; PE 12,strong promoter 72.7%
INNOVACAP,INNOVA CAPTAB LIMITED,Healthcare,1084.199951171875,3.1964329310825894,40.25993,13.746999,31.508,72.2,19.0,14.0,53.1,-5.5,8,0,2,10,low D/E 32; earnings +42%; rev +34%,strong promoter 72.2%
EXIDEIND,EXIDE INDUSTRIES LTD,Consumer Cyclical,464.1000061035156,6.50684693596196,42.813652,6.172,11.308,50.9,24.5,79.0,48.7,1.4,7,1,2,10,low D/E 11; earnings +28%; rev +18%,strong promoter 50.9%
FCL,FINEOTEX CHEMICAL LIMITED,Basic Materials,43.54999923706055,7.693940323516728,161.29628,14.895001,0.872,67.2,1.8,7.0,37.3,-0.0,8,0,2,10,low D/E 1; earnings +88%; rev +175%,strong promoter 67.2%
AVANTIFEED,AVANTI FEEDS LIMITED,Consumer Defensive,857.1500244140625,46.21972655576839,22.034704,19.055,0.357,70.9,10.5,41.0,43.1,-9.0,9,-1,2,10,46% below 52w high; ROE 19%; low D/E 0; rev +18%,strong promoter 70.9%
SUNDROP,SUNDROP BRANDS LIMITED,Consumer Defensive,652.3499755859375,27.32286170572867,88.03644,1.38,0.909041718521725,77.0,5.2,5.0,66.5,-7.2,7,1,2,10,27% below 52w high; low D/E 1,strong promoter 77.0%; ⚠ very high promoter = low float
MOL,MEGHMANI ORGANICS LIMITED,Basic Materials,61.43000030517578,30.884335954664504,24.280632,1.878,46.995,50.3,0.9,5.0,43.1,-7.0,9,-1,2,10,31% below 52w high; low D/E 47; earnings +280%,strong promoter 50.3%
DCAL,DISHMAN CARBO AMCIS LTD,Healthcare,172.41000366210938,46.44820713619342,27.71865,1.5579999,46.07,69.3,2.7,10.0,52.4,-2.0,7,1,2,10,46% below 52w high; low D/E 46; rev +19%,strong promoter 69.3%
HOMEFIRST,HOME FIRST FIN CO IND LTD,Financial Services,1187.4000244140625,13.64363458806818,21.468088,15.714,243.944,9.3,67.2,82.0,58.4,1.7,7,1,2,10,margin 51%; earnings +32%; rev +30%,high institutional 67.2%
AFSL,ABANS FINANCIAL SRVCS LTD,Financial Services,202.13999938964844,11.729257908450464,7.6192985,8.3579995,55.763,80.9,6.9,2.0,63.7,-8.0,7,1,2,10,earnings +89%; rev +96%; PE 8,strong promoter 80.9%; ⚠ very high promoter = low float
BHARATRAS,BHARAT RASAYAN LTD,Basic Materials,1303.4000244140625,56.3715472999477,3.7168849,12.1190004,0.096,0.0,2.3,7.0,55.5,-5.5,10,0,0,10,56% below 52w high; low D/E 0; PE 4,
INOXINDIA,INOX INDIA LIMITED,Industrials,1923.5999755859375,9.25559339196409,69.69565,25.901000000000003,7.251,75.0,10.2,36.0,46.7,-1.5,7,1,2,10,ROE 26%; low D/E 7; margin 16%,strong promoter 75.0%; ⚠ very high promoter = low float
GOCLCORP,GOCL CORPORATION LIMITED,Basic Materials,398.25,13.405086913386812,7.3207717,11.849,0.02,73.6,1.2,5.0,54.8,-0.9,7,1,2,10,low D/E 0; margin 3189%; rev +26%; PE 7,strong promoter 73.6%
PHOENIXLTD,THE PHOENIX MILLS LTD,Real Estate,1925.0,11.282147816354676,52.523872,11.056,37.211,47.8,38.3,202.0,55.9,4.4,7,1,2,10,low D/E 37; margin 28%; earnings +23%; rev +13%,promoter 47.8%; institutional 38.3%
NTPCGREEN,NTPC GREEN ENERGY LIMITED,Utilities,91.87999725341795,23.40141759814824,148.19354,2.764,165.281,89.0,6.3,57.0,52.9,4.2,7,1,2,10,23% below 52w high; margin 18%; earnings +38%; rev +63%,strong promoter 89.0%; ⚠ very high promoter = low float
JPPOWER,JAIPRAKASH POWER VEN. LTD,Utilities,17.100000381469727,30.204080075633772,24.428572,3.603,26.634,33.0,11.2,40.0,35.2,3.7,10,0,0,10,30% below 52w high; low D/E 27; earnings +68%; rev +12%,
PITTIENG,PITTI ENGINEERING LIMITED,Industrials,1051.6500244140625,4.395452325994318,33.112408,12.4960005,82.134,58.3,18.3,12.0,53.2,-3.4,7,1,2,10,earnings +30%; rev +16%,strong promoter 58.3%
BIOCON,BIOCON LIMITED.,Healthcare,412.5,7.74907623156669,120.26239,1.1469999,42.145,48.1,31.1,103.0,50.3,1.2,7,1,2,10,low D/E 42; earnings +235%; rev +10%,promoter 48.1%; institutional 31.1%
SMCGLOBAL,SMC GLOBAL SECURITIES LTD,Financial Services,81.12999725341797,14.510014806170371,16.659138,8.1750005,163.316,71.7,0.3,5.0,59.5,1.7,7,1,2,10,earnings +461%; rev +24%; PE 17,strong promoter 71.7%
BAJAJHFL,BAJAJ HOUSING FINANCE LTD,Financial Services,85.58999633789062,26.84615697616186,26.498451,12.679000000000002,460.74,86.7,1.0,45.0,53.3,3.6,7,1,2,10,27% below 52w high; margin 63%; earnings +23%; rev +20%,strong promoter 86.7%; ⚠ very high promoter = low float
WSTCSTPAPR,WEST COAST PAPER MILLS LT,Basic Materials,636.25,1.3565891472868217,18.309353,3.7720002,8.243,59.9,15.3,14.0,51.1,3.3,7,1,2,10,low D/E 8; earnings +145%; rev +10%,strong promoter 59.9%
TRIDENT,TRIDENT LIMITED,Consumer Cyclical,24.6299991607666,20.39431565731616,31.576923,8.0299996,38.323,75.5,2.5,40.0,46.7,-0.4,7,1,2,10,20% below 52w high; low D/E 38,strong promoter 75.5%; ⚠ very high promoter = low float
KSL,KALYANI STEELS LIMITED,Basic Materials,856.6500244140625,12.813593704449202,14.138472,14.45,22.567445652251372,65.2,12.7,11.0,51.1,1.3,7,1,2,10,low D/E 23; PE 14,strong promoter 65.2%
ITI,ITI LTD,Technology,279.5,25.036879328251516,83.184525,16.59,40.144,97.9,0.1,19.0,36.2,-4.1,8,0,2,10,25% below 52w high; low D/E 40; margin 15%,strong promoter 97.9%; ⚠ very high promoter = low float
MWL,MANGALAM WORLDWIDE LTD,Basic Materials,41.16999816894531,6.304052217425249,23.525713,17.683001,160.456,72.9,0.0,,40.0,10.2,6,2,2,10,earnings +18%; rev +15%,strong promoter 72.9%
GRMOVER,GRM OVERSEAS LIMITED,Consumer Defensive,86.52999877929688,53.3405229424475,16.481905,14.711,60.709,74.8,4.7,4.0,33.7,-7.2,9,-1,2,10,53% below 52w high; rev +30%; PE 16,strong promoter 74.8%
NSLNISP,NMDC STEEL LIMITED,Basic Materials,39.52000045776367,26.47441775299782,141.14285,0.447,35.019,60.8,17.0,39.0,49.7,-4.7,7,1,2,10,26% below 52w high; low D/E 35; rev +37%,strong promoter 60.8%
JUBLPHARMA,JUBILANT PHARMOVA LTD,Healthcare,871.0499877929688,26.48126672053091,39.360596,5.962,50.943,58.1,21.9,51.0,54.8,5.1,5,3,2,10,26% below 52w high; rev +17%,strong promoter 58.1%
RECLTD,REC LIMITED,Financial Services,328.1000061035156,15.979511881302017,5.3999343,19.957,607.463,52.6,23.9,201.0,56.0,-1.3,7,1,2,10,ROE 20%; margin 69%; rev +25%; PE 5,strong promoter 52.6%
HITECH,HI-TECH PIPES LIMITED,Basic Materials,77.88999938964844,38.90980440027573,20.938171,5.8790002,20.061,46.5,13.9,8.0,57.5,3.2,8,1,1,10,39% below 52w high; low D/E 20; rev +78%,promoter 46.5%
ANUP,THE ANUP ENGINEERING LTD,Industrials,1811.800048828125,29.666147172821233,42.903152,16.945,17.66,46.2,17.7,19.0,48.6,6.9,6,3,1,10,30% below 52w high; low D/E 18,promoter 46.2%
VINCOFE,VINTAGE COFFEE N BVRGS L,Consumer Defensive,152.82000732421875,15.029189803718616,28.779663,16.555001,21.719,48.1,8.2,3.0,38.3,-3.6,9,0,1,10,low D/E 22; earnings +31%; rev +58%,promoter 48.1%
VENUSREM,VENUS REMEDIES LIMITED,Healthcare,1765.5999755859375,13.63303167761257,20.317606,16.785,1.87,48.6,1.3,4.0,,,9,0,1,10,low D/E 2; earnings +139%; rev +36%,promoter 48.6%
INTELLECT,INTELLECT DESIGN ARENA,Technology,685.7000122070312,44.905991832097314,27.615788,11.411,4.961,43.5,14.9,57.0,48.8,4.5,8,1,1,10,45% below 52w high; low D/E 5; rev +20%,promoter 43.5%
GNFC,GUJ NAR VAL FER & CHEM L,Basic Materials,592.7999877929688,4.232635251539782,8.404934,9.1350004,0.066,43.5,16.8,35.0,49.4,-3.5,8,1,1,10,low D/E 0; earnings +276%; rev +40%; PE 8,promoter 43.5%
TDPOWERSYS,TD POWER SYSTEMS LTD.,Industrials,1507.5,5.645612688772725,85.55618,24.716999,1.689,27.5,38.8,61.0,44.8,-1.0,9,0,1,10,ROE 25%; low D/E 2; earnings +72%; rev +72%,institutional 38.8%
THEMISMED,THEMIS MEDICARE LTD.,Healthcare,102.7699966430664,30.560813079009183,23.679722,0.28600001,25.112,48.4,0.0,3.0,54.4,9.9,6,3,1,10,31% below 52w high; low D/E 25,promoter 48.4%
RELIANCE,RELIANCE INDUSTRIES LTD,Energy,1313.199951171875,18.525877193846103,23.794165,8.93499109542824,36.653,51.8,28.1,390.0,58.0,1.9,5,1,4,10,low D/E 37; rev +30%,strong promoter 51.8%; institutional 28.1%; 390 institutions
DCBBANK,DCB BANK LIMITED,Financial Services,188.61000061035156,8.397277221302557,7.7172666,11.968,85.48517550861364,20.0,36.8,31.0,53.3,3.8,8,1,1,10,margin 25%; earnings +32%; rev +17%; PE 8,institutional 36.8%
CARYSIL,CARYSIL LIMITED,Consumer Cyclical,1158.0999755859375,9.58701276349018,30.816921,17.277001,45.99,47.8,10.0,10.0,53.0,-4.6,8,1,1,10,low D/E 46; earnings +38%; rev +16%,promoter 47.8%
WENDT,WENDT (INDIA) LIMITED,Industrials,8109.5,23.386868209730753,96.01587,5.849,0.075,40.6,11.2,6.0,50.6,4.0,8,1,1,10,23% below 52w high; low D/E 0; earnings +63%; rev +37%,promoter 40.6%
RAIN,RAIN INDUSTRIES LIMITED,Basic Materials,204.9199981689453,18.68254040914869,12.831559,8.547,130.481,47.9,7.4,22.0,41.1,9.2,7,2,1,10,earnings +389%; rev +17%; PE 13,promoter 47.9%
PATELENG,PATEL ENGINEERING LTD.,Industrials,28.13999938964844,34.206221443842836,9.604095,6.550000000000001,27.377,35.6,2.3,10.0,52.7,2.3,9,1,0,10,34% below 52w high; low D/E 27; PE 10,
PROTEAN,PROTEAN EGOV TECHNO LTD,Technology,548.1500244140625,42.025380812896614,27.002466,9.689999,8.121,23.9,8.7,8.0,50.8,7.2,7,3,0,10,42% below 52w high; low D/E 8; rev +19%,
HERITGFOOD,HERITAGE FOODS LTD,Consumer Defensive,378.75,29.86111111111111,25.977365,14.3,32.621,54.2,8.8,19.0,54.3,4.4,7,1,2,10,30% below 52w high; low D/E 33; rev +18%,strong promoter 54.2%
INDIACEM,THE INDIA CEMENTS LIMITED,Basic Materials,370.6499938964844,23.703169368039855,125.21959,1.32,12.888,75.2,13.9,37.0,44.6,5.2,6,2,2,10,24% below 52w high; low D/E 13,strong promoter 75.2%; ⚠ very high promoter = low float
RML,RANE (MADRAS) LIMITED,Consumer Cyclical,1078.199951171875,18.55880872507201,25.138725,15.123,100.193,70.8,0.1,2.0,45.2,3.6,7,1,2,10,earnings +62%; rev +18%,strong promoter 70.8%
GRAVITA,GRAVITA INDIA LIMITED,Industrials,1792.800048828125,6.312705283183545,33.329617,16.680999,29.934,58.0,10.4,56.0,50.7,-0.8,7,1,2,10,low D/E 30; rev +42%,strong promoter 58.0%
SEPC,SEPC LIMITED,Industrials,5.96999979019165,56.51857254745936,45.923077,3.1229999,18.404,13.0,12.4,6.0,44.1,3.1,10,0,0,10,57% below 52w high; low D/E 18; earnings +23%; rev +35%,
AWFIS,AWFIS SPACE SOLUTIONS LTD,Industrials,263.0,58.8676900284748,22.17538,14.007,271.732,26.8,53.2,28.0,53.3,-0.5,7,1,2,10,59% below 52w high; earnings +139%; rev +27%,high institutional 53.2%
PANAMAPET,PANAMA PETROCHEM LTD,Energy,486.25,18.90426621101349,6.1449513,15.604,7.548,76.6,3.6,6.0,38.6,-5.9,11,-3,2,10,low D/E 8; earnings +625%; rev +150%; PE 6,strong promoter 76.6%; ⚠ very high promoter = low float
ADANIENSOL,ADANI ENERGY SOLUTION LTD,Utilities,1548.5,13.44326439351593,63.619556,9.6599996,194.5,74.7,22.0,84.0,45.4,15.9,5,3,2,10,earnings +124%; rev +42%,strong promoter 74.7%
SANGAMIND,SANGAM (INDIA) LTD,Consumer Cyclical,578.0499877929688,14.044611480599444,23.916012,7.931000000000001,118.739,79.9,12.8,7.0,55.5,6.2,5,3,2,10,earnings +1843%,strong promoter 79.9%; ⚠ very high promoter = low float
JMFINANCIL,JM FINANCIAL LIMITED,Financial Services,129.16000366210938,35.35535450985417,11.893187,11.1269996,102.435,24.6,49.9,48.0,44.9,6.3,6,2,2,10,35% below 52w high; margin 31%; PE 12,high institutional 49.9%
VHL,VARDHMAN HOLDINGS LIMITED,Financial Services,3510.0,17.894736842105264,4.454767,3.91,,85.5,0.0,1.0,63.9,8.9,4,4,2,10,margin 1455%; PE 4,strong promoter 85.5%; ⚠ very high promoter = low float
ADANIENT,ADANI ENTERPRISES LIMITED,Energy,2994.89990234375,7.707244920069338,52.16687,13.664,119.56,75.0,18.3,143.0,37.3,12.0,6,2,2,10,earnings +32%; rev +50%,strong promoter 75.0%; ⚠ very high promoter = low float
3MINDIA,3M INDIA LIMITED,Industrials,33550.0,11.78017354719958,65.446815,28.9,9.6,76.5,9.5,60.0,44.1,-10.5,9,-1,2,10,ROE 29%; low D/E 10; earnings +200%; rev +17%,strong promoter 76.5%; ⚠ very high promoter = low float
BANKBARODA,BANK OF BARODA,Financial Services,244.5,24.88479262672811,6.9638276,11.3170005,93.62656457792755,66.5,20.3,212.0,51.0,-0.2,7,1,2,10,25% below 52w high; margin 27%; rev +18%; PE 7,strong promoter 66.5%
SUZLON,SUZLON ENERGY LIMITED,Industrials,47.0,23.577235772357724,20.982143,39.366,2.807,18.7,23.8,182.0,40.3,0.9,10,0,0,10,24% below 52w high; ROE 39%; low D/E 3; margin 18%; rev +22%,
ZYDUSLIFE,ZYDUS LIFESCIENCES LTD,Healthcare,1107.699951171875,8.074692848807054,24.703388,18.318,42.304,75.2,15.6,171.0,52.3,2.1,7,1,2,10,ROE 18%; low D/E 42; margin 16%; rev +22%,strong promoter 75.2%; ⚠ very high promoter = low float
WOCKPHARMA,WOCKHARDT LIMITED,Healthcare,1830.5999755859375,24.427199823095563,72.64285,4.005,42.284,51.0,13.9,46.0,43.2,5.4,6,2,2,10,24% below 52w high; low D/E 42; rev +26%,strong promoter 51.0%
BAJAJHLDNG,BAJAJ HOLDINGS & INVS LTD,Financial Services,11368.0,18.097982708933717,14.291101,11.598,0.012,61.6,13.0,150.0,51.8,3.1,7,1,2,10,low D/E 0; margin 735%; rev +24%; PE 14,strong promoter 61.6%
APEX,APEX FROZEN FOODS LIMITED,Consumer Defensive,398.7000122070313,22.507286257136784,24.251825,7.88,7.972,76.8,0.0,1.0,41.4,-21.0,9,-1,2,10,23% below 52w high; low D/E 8; earnings +902%; rev +14%,strong promoter 76.8%; ⚠ very high promoter = low float
RELAXO,RELAXO FOOT LTD.,Consumer Cyclical,374.1000061035156,28.87832583583353,50.147453,8.33,10.545,71.3,11.6,40.0,36.2,7.3,6,2,2,10,29% below 52w high; low D/E 11,strong promoter 71.3%
BLKASHYAP,B.L.KASHYAP & SON LTD,Industrials,53.97999954223633,28.408490119580133,1799.3334,0.29499999,56.784,62.9,0.1,4.0,59.2,5.7,5,3,2,10,28% below 52w high,strong promoter 62.9%
VSSL,VARDHMAN SPC STEEL LTD,Basic Materials,356.0,5.306559797648048,23.796791,11.76,7.281,78.0,4.3,7.0,48.3,-4.1,7,1,2,10,low D/E 7; earnings +75%; rev +12%,strong promoter 78.0%; ⚠ very high promoter = low float
DALBHARAT,DALMIA BHARAT LIMITED,Basic Materials,1897.0,24.007532632524015,38.031273,6.5009999999999994,40.987,61.2,24.5,68.0,46.9,7.2,5,3,2,10,24% below 52w high; low D/E 41,strong promoter 61.2%
PRICOLLTD,PRICOL LIMITED,Consumer Cyclical,803.6500244140625,2.351151347015492,36.57943,22.087999,30.215,39.7,24.1,43.0,46.4,4.0,9,1,0,10,ROE 22%; low D/E 30; earnings +34%; rev +24%,
LTTS,L&T TECHNOLOGY SER. LTD.,Technology,3579.10009765625,24.267877747434405,29.643036,23.19,8.911,73.6,13.2,67.0,44.5,-6.0,9,-1,2,10,24% below 52w high; ROE 23%; low D/E 9,strong promoter 73.6%
NIRLON,NIRLON LTD,Real Estate,624.5999755859375,4.931510565306317,15.772727,83.82,244.748,91.3,0.0,2.0,64.7,1.1,6,2,2,10,ROE 84%; margin 53%; earnings +19%; PE 16,strong promoter 91.3%; ⚠ very high promoter = low float
ELECON,ELECON ENG. CO. LTD,Industrials,451.7000122070313,28.854938598577498,42.978115,20.5,11.824,63.2,11.3,50.0,47.9,-0.1,7,1,2,10,29% below 52w high; ROE 20%; low D/E 12,strong promoter 63.2%
CENTURYPLY,CENTURY PLYBOARDS (I) LTD,Basic Materials,772.75,10.040745052386496,59.12395,10.7130006,67.105,71.9,20.9,39.0,50.4,5.7,5,3,2,10,earnings +55%; rev +34%,strong promoter 71.9%
ALLTIME,ALL TIME PLASTICS LIMITED,Consumer Defensive,208.2100067138672,37.8291996092948,36.78622,8.208,14.078,70.1,9.7,5.0,61.5,-0.5,6,2,2,10,38% below 52w high; low D/E 14,strong promoter 70.1%
LANDMARK,LANDMARK CARS LIMITED,Consumer Cyclical,509.2000122070313,23.17440833054387,46.84453,6.664000000000001,173.699,55.2,21.0,13.0,35.3,7.7,6,2,2,10,23% below 52w high; earnings +110%; rev +23%,strong promoter 55.2%
TATVA,TATVA CHIN PHARM CHEM LTD,Basic Materials,1638.4000244140625,10.864477113559394,74.74453,6.15,15.398,74.2,5.8,11.0,41.9,6.5,6,2,2,10,low D/E 15; earnings +140%; rev +43%,strong promoter 74.2%
SIS,SIS LIMITED,Industrials,413.2000122070313,14.086703041986029,39.807323,5.5649999999999995,70.299,73.0,17.3,20.0,64.8,2.0,6,2,2,10,rev +30%,strong promoter 73.0%
SHANTIGEAR,SHANTHI GEARS LTD,Industrials,386.8999938964844,35.398233741097215,46.55836,18.186000999999997,,74.8,3.1,8.0,61.7,-3.4,6,2,2,10,35% below 52w high; ROE 18%,strong promoter 74.8%
HDBFS,HDB FINANCIAL SERVICES L,Financial Services,692.3499755859375,14.714217048928347,20.704247,12.3104134959023,484.313,74.5,13.0,56.0,58.6,-8.7,7,0,2,9,margin 30%; earnings +33%; rev +21%,strong promoter 74.5%
TIINDIA,TUBE INVEST OF INDIA LTD,Industrials,2930.0,14.32497781610533,93.34183,19.19,27.724,44.0,33.5,168.0,46.9,-20.7,7,0,2,9,ROE 19%; low D/E 28; rev +21%,promoter 44.0%; institutional 33.5%
BLSE,BLS E-SERVICES LIMITED,Industrials,321.1000061035156,2.133495845712206,50.329155,12.732,1.076,79.1,0.0,0.0,44.0,4.9,7,0,2,9,low D/E 1; rev +25%,strong promoter 79.1%; ⚠ very high promoter = low float
AZAD,AZAD ENGINEERING LIMITED,Industrials,2766.60009765625,7.366235612616706,128.67908,9.142,31.025,55.8,21.2,36.0,38.8,-3.0,7,0,2,9,low D/E 31; margin 22%; earnings +21%; rev +26%,strong promoter 55.8%
CEATLTD,CEAT LIMITED,Consumer Cyclical,3588.199951171875,19.148266084455273,24.578394,18.82,64.742,48.5,36.5,68.0,46.3,-8.0,7,0,2,9,ROE 19%; rev +22%,promoter 48.5%; institutional 36.5%
RPSGVENT,RPSG VENTURES LIMITED,Technology,868.4000244140625,26.34435755605916,1831.91,0.037,188.639,72.4,0.5,6.0,63.6,9.1,3,4,2,9,26% below 52w high; rev +20%,strong promoter 72.4%
CONCOR,CONTAINER CORP OF IND LTD,Industrials,519.0,8.915406964070772,31.723715,9.7559996,7.39,57.9,41.3,110.0,46.3,-4.7,4,1,4,9,low D/E 7,strong promoter 57.9%; high institutional 41.3%
PAUSHAKLTD,PAUSHAK LIMITED,Basic Materials,787.4000244140625,3.3449946827902663,45.805702,8.222,15.666,75.6,0.0,0.0,42.7,1.2,7,0,2,9,low D/E 16; margin 17%; earnings +26%; rev +50%,strong promoter 75.6%; ⚠ very high promoter = low float
M&MFIN,M&M FIN. SERVICES LTD,Financial Services,382.4500122070313,7.84337055252259,16.309168,11.856,429.851,53.7,37.7,91.0,49.7,-1.6,5,1,3,9,margin 31%; earnings +64%; rev +37%; PE 16,strong promoter 53.7%; institutional 37.7%
SURAKSHA,SURAKSHA DIAGNOSTIC LTD,Healthcare,305.1499938964844,8.363365196250939,44.353195,13.843,53.533,62.0,22.5,7.0,55.7,-19.7,7,0,2,9,earnings +39%; rev +21%,strong promoter 62.0%
CYIENTDLM,CYIENT DLM LIMITED,Industrials,730.25,4.517519396498922,70.898056,7.472,17.021,52.1,29.2,11.0,42.1,2.8,6,0,3,9,low D/E 17; earnings +118%; rev +34%,strong promoter 52.1%; institutional 29.2%
UNICHEMLAB,UNICHEM LABORATORIES LTD,Healthcare,516.5499877929688,24.83265736070027,11.946114,9.7849995,18.405,71.3,10.2,10.0,40.0,-0.7,7,0,2,9,25% below 52w high; low D/E 18; rev +20%; PE 12,strong promoter 71.3%
KPIL,KALPATARU PROJECT INT LTD,Industrials,1387.5999755859375,6.217896831443716,20.869305,14.513999,45.814,33.7,49.3,70.0,49.6,-6.1,7,0,2,9,low D/E 46; earnings +45%,high institutional 49.3%
OAL,ORIENTAL AROMATICS LTD,Basic Materials,334.8999938964844,16.275001525878906,213.31209,0.49900003,60.585,76.5,0.0,0.0,59.0,-6.6,7,0,2,9,earnings +400%; rev +15%,strong promoter 76.5%; ⚠ very high promoter = low float
AEGISVOPAK,AEGIS VOPAK TERMINALS LTD,Energy,266.6000061035156,14.411372929538674,96.59421,11.566,84.438,87.3,5.0,24.0,37.9,2.2,7,0,2,9,margin 32%; earnings +30%; rev +42%,strong promoter 87.3%; ⚠ very high promoter = low float
PICCADIL,PICCADILY AGRO INDUSTRI L,Consumer Defensive,709.4000244140625,12.38730224538062,49.263893,17.366,58.89,73.2,0.2,11.0,46.7,-6.6,7,0,2,9,rev +17%,strong promoter 73.2%
SMLMAH,SML MAHINDRA LIMITED,Consumer Cyclical,5159.5,13.834564970257809,47.671623,35.421002,55.669,76.0,2.0,11.0,35.6,1.0,7,0,2,9,ROE 35%; rev +13%,strong promoter 76.0%; ⚠ very high promoter = low float
HEG,HEG LTD,Industrials,711.9500122070312,4.9465938308369495,38.092564,7.338,16.73,59.4,12.1,40.0,35.6,-2.6,7,0,2,9,low D/E 17; earnings +17%; rev +10%,strong promoter 59.4%
GAEL,GUJARAT AMBUJA EXPORTS LT,Consumer Defensive,183.36000061035156,0.7093721620093909,20.238409,9.664,13.384,71.3,1.2,14.0,43.3,-1.0,7,0,2,9,low D/E 13; earnings +171%; rev +24%,strong promoter 71.3%
AETHER,AETHER INDUSTRIES LIMITED,Basic Materials,1634.4000244140625,3.404253876237441,92.28685,9.375,18.646,76.6,11.0,35.0,43.3,-1.1,7,0,2,9,low D/E 19; margin 19%; earnings +34%; rev +28%,strong promoter 76.6%; ⚠ very high promoter = low float
RESPONIND,RESPONSIVE INDUSTRIES LTD,Basic Materials,156.3699951171875,35.08924903319829,28.073606,10.221,12.509,87.6,6.5,8.0,36.9,-0.0,7,0,2,9,35% below 52w high; low D/E 13; rev +13%,strong promoter 87.6%; ⚠ very high promoter = low float
ALKEM,ALKEM LABORATORIES LTD.,Healthcare,5400.0,8.991320468526165,29.948423,17.557000000000002,14.267,62.4,27.5,158.0,50.7,-4.3,5,1,3,9,low D/E 14; rev +11%,strong promoter 62.4%; institutional 27.5%
GRAPHITE,GRAPHITE INDIA LTD,Industrials,717.0499877929688,10.636843721860428,65.724106,2.9189998000000004,6.295,66.0,13.5,48.0,35.7,4.7,7,0,2,9,low D/E 6; earnings +28%; rev +27%,strong promoter 66.0%
APOLLO,APOLLO MICRO SYSTEMS LTD,Industrials,386.75,17.095391211146836,116.14114,11.21,41.527,50.8,1.8,13.0,30.8,0.9,7,0,2,9,low D/E 42; earnings +39%; rev +88%,strong promoter 50.8%
HATSUN,HATSUN AGRO PRODUCT LTD.,Consumer Defensive,963.7000122070312,18.26123730220261,60.571968,19.453,94.535,77.8,10.5,12.0,58.3,-9.2,7,0,2,9,ROE 19%; rev +19%,strong promoter 77.8%; ⚠ very high promoter = low float
RGL,RENAISSANCE GLOBAL LTD,Consumer Cyclical,130.50999450683594,11.7579446296798,32.066338,6.087,41.552,66.3,0.0,0.0,52.1,-18.5,7,0,2,9,low D/E 42; earnings +302%; rev +47%,strong promoter 66.3%
HNDFDS,HINDUSTAN FOODS LIMITED,Industrials,653.25,3.614902250092217,49.042793,14.496,93.406,69.1,14.3,21.0,56.6,-5.7,7,0,2,9,earnings +31%; rev +21%,strong promoter 69.1%
SHREEJISPG,SHREEJI SHIPPING GLOBAL L,Industrials,613.3499755859375,10.006604567315764,60.13235,29.87,36.166,89.1,1.8,4.0,37.9,-1.8,7,0,2,9,ROE 30%; low D/E 36; margin 22%; rev +20%,strong promoter 89.1%; ⚠ very high promoter = low float
SAIL,STEEL AUTHORITY OF INDIA,Basic Materials,174.89999389648438,16.595137605246173,16.89855,5.656000199999999,52.899,65.1,18.7,95.0,41.8,-0.4,7,0,2,9,earnings +121%; PE 17,strong promoter 65.1%
MAHSCOOTER,MAHARASHTRA SCOOTERS LTD,Financial Services,13138.0,29.129355917574713,53.985863,1.0620001,,62.2,7.9,28.0,48.8,5.9,4,3,2,9,29% below 52w high; margin 96%,strong promoter 62.2%
BANARISUG,BANNARI AMMAN SUGARS LTD,Consumer Defensive,4240.7001953125,2.242964607826187,35.95947,8.012,0.484,78.7,4.1,5.0,61.8,-18.5,6,1,2,9,low D/E 0; earnings +18%,strong promoter 78.7%; ⚠ very high promoter = low float
GKSL,GUJARAT KIDNEY N SUP SP L,Healthcare,156.41000366210938,3.581554379776602,63.06855,11.928999999999998,11.427,74.8,0.0,2.0,50.5,-12.0,7,0,2,9,low D/E 11; margin 19%; earnings +224%; rev +213%,strong promoter 74.8%
AKUMS,AKUMS DRUGS AND PHARMA L,Healthcare,752.9000244140625,2.8516097530241935,39.501575,8.019,5.756,77.4,12.4,12.0,51.3,-0.3,6,1,2,9,low D/E 6; earnings +57%; rev +14%,strong promoter 77.4%; ⚠ very high promoter = low float
SYNGENE,SYNGENE INTERNATIONAL LTD,Healthcare,395.5,42.12336077704853,72.17153,6.621,9.473,52.9,38.5,81.0,55.5,4.3,5,1,3,9,42% below 52w high; low D/E 9,strong promoter 52.9%; institutional 38.5%
JSWCEMENT,JSW CEMENT LIMITED,Basic Materials,125.12999725341795,22.8307110925331,22.225576,-17.950001,68.39,79.6,12.5,38.0,54.1,-0.3,6,1,2,9,23% below 52w high; earnings +696%; rev +20%,strong promoter 79.6%; ⚠ very high promoter = low float
ANTHEM,ANTHEM BIOSCIENCES LTD,Healthcare,874.5,3.263274336283186,86.2426,21.708,1.772,84.1,12.7,42.0,58.0,-0.1,6,1,2,9,ROE 22%; low D/E 2; margin 29%,strong promoter 84.1%; ⚠ very high promoter = low float
SUMEETINDS,SUMEET IND LIMITED,Consumer Cyclical,13.380000114440918,66.96296268039279,43.16129,13.763,75.265,73.5,0.0,0.0,86.0,-35.8,6,1,2,9,67% below 52w high,strong promoter 73.5%
PASHUPATI,PASHUPATI COTSPIN LIMITED,Consumer Cyclical,86.7300033569336,26.71735997031015,1495.0,6.525,60.103,89.0,0.0,0.0,60.2,-25.9,6,1,2,9,27% below 52w high; earnings +265%,strong promoter 89.0%; ⚠ very high promoter = low float
IOLCP,IOL CHEM AND PHARMA LTD,Healthcare,163.75,8.825170136341862,28.577662,7.896,7.529,66.1,1.5,8.0,43.2,2.2,7,0,2,9,low D/E 8; earnings +90%; rev +37%,strong promoter 66.1%
AYMSYNTEX,AYM SYNTEX LIMITED,Consumer Cyclical,262.5,6.656710454250925,81.7757,1.123,31.914,78.5,2.6,1.0,59.2,-3.0,6,1,2,9,low D/E 32; earnings +316%,strong promoter 78.5%; ⚠ very high promoter = low float
GREENPANEL,GREENPANEL INDUSTRIES LTD,Basic Materials,160.25999450683594,51.9892149887575,291.3818,-2.125,27.299,53.3,27.1,16.0,62.6,3.5,4,2,3,9,52% below 52w high; low D/E 27,strong promoter 53.3%; institutional 27.1%
FOSECOIND,FOSECO INDIA LTD,Basic Materials,5506.0,19.57347356120362,42.675552,13.254,0.2680423394182624,88.5,0.5,4.0,56.7,-4.1,6,1,2,9,low D/E 0,strong promoter 88.5%; ⚠ very high promoter = low float
JTEKTINDIA,JTEKT INDIA LIMITED,Consumer Cyclical,129.27000427246094,31.421748396572447,48.965908,7.445,28.653,76.5,10.7,9.0,48.0,4.5,6,1,2,9,31% below 52w high; low D/E 29; rev +27%,strong promoter 76.5%; ⚠ very high promoter = low float
SANSERA,SANSERA ENGINEERING LTD,Consumer Cyclical,3900.199951171875,3.469952345324729,75.307976,11.1269996,19.023,29.2,51.1,58.0,48.6,-4.5,6,1,2,9,low D/E 19; earnings +38%; rev +33%,high institutional 51.1%
KIRLOSIND,KIRLOSKAR INDUSTRIES LTD,Industrials,3714.10009765625,18.81393162055631,25.665813,4.326,13.283,75.8,1.2,9.0,47.3,9.3,4,3,2,9,low D/E 13,strong promoter 75.8%; ⚠ very high promoter = low float
SJVN,SJVN LTD,Utilities,65.91000366210938,35.03202992136573,37.448868,4.514,226.528,81.8,5.7,61.0,51.7,6.8,4,3,2,9,35% below 52w high; rev +52%,strong promoter 81.8%; ⚠ very high promoter = low float
RATEGAIN,RATEGAIN TRAVEL TECHN LTD,Technology,943.75,10.11904761904762,46.104057,10.5399996,47.296,53.8,24.0,33.0,49.9,-0.5,6,1,2,9,low D/E 47; earnings +101%; rev +188%,strong promoter 53.8%
NORTHARC,NORTHERN ARC CAPITAL LTD,Financial Services,292.6000061035156,12.395207753438434,10.913838,10.9960005,314.96,55.2,7.7,4.0,56.2,1.8,6,1,2,9,margin 37%; earnings +40%; rev +44%; PE 11,strong promoter 55.2%
AFCONS,AFCONS INFRASTRUCTURE LTD,Industrials,280.20001220703125,41.551936634456,72.03085,4.681,66.542,58.6,25.6,52.0,51.1,4.3,5,1,3,9,42% below 52w high,strong promoter 58.6%; institutional 25.6%
ETHOSLTD,ETHOS LIMITED,Consumer Cyclical,2867.60009765625,11.6546971893478,73.793106,7.265000000000001,19.366,52.9,33.7,27.0,40.2,3.4,6,0,3,9,low D/E 19; earnings +35%; rev +33%,strong promoter 52.9%; institutional 33.7%
RANEHOLDIN,RANE HOLDINGS LIMITED,Consumer Cyclical,1581.0999755859375,16.54262467215954,26.70326,9.861,71.619,59.4,3.4,8.0,56.3,9.9,4,3,2,9,rev +18%,strong promoter 59.4%
PRABHA,PRABHA ENERGY LIMITED,Energy,212.88999938964844,21.903890453763687,2128.9,0.1399999999999999,37.627,94.7,0.0,0.0,53.9,-21.8,7,0,2,9,22% below 52w high; low D/E 38; margin 16%; rev +49%,strong promoter 94.7%; ⚠ very high promoter = low float
UBL,UNITED BREWERIES LTD,Consumer Defensive,1338.5,30.755302638385928,89.832214,9.292,29.076,72.8,20.7,66.0,52.5,1.8,6,1,2,9,31% below 52w high; low D/E 29,strong promoter 72.8%
ARSSBL,ANAND RATHI SH N STK BR L,Financial Services,497.6499938964844,37.390701493117234,21.285288,9.58899333817461,63.43,0.1,73.1,6.0,49.1,-7.0,7,0,2,9,37% below 52w high; margin 16%; rev +27%,high institutional 73.1%
ONEPOINT,ONE POINT ONE SOL LTD,Industrials,56.61000061035156,14.031887741653982,33.49704,8.809000000000001,47.642,60.2,2.8,0.0,45.0,-10.3,7,0,2,9,low D/E 48; earnings +72%; rev +129%,strong promoter 60.2%
PRSMJOHNSN,PRISM JOHNSON LIMITED,Basic Materials,109.87999725341795,37.56818337873979,27.747475,10.81,93.47,76.8,8.3,17.0,41.6,-4.8,7,0,2,9,38% below 52w high; earnings +26%,strong promoter 76.8%; ⚠ very high promoter = low float
THERMAX,THERMAX LTD,Industrials,4034.0,23.56663478563196,76.50294,13.691,42.166,73.7,20.7,88.0,48.4,1.5,6,1,2,9,24% below 52w high; low D/E 42,strong promoter 73.7%
KAYNES,KAYNES TECHNOLOGY IND LTD,Technology,3815.0,50.48669695003245,74.46809,9.568,19.168,54.9,16.3,81.0,22.8,1.9,7,0,2,9,50% below 52w high; low D/E 19; rev +40%,strong promoter 54.9%
MUTHOOTMF,MUTHOOT MICROFIN LIMITED,Financial Services,213.2100067138672,18.860594577726335,14.583447,6.2069997,341.252,73.4,7.8,3.0,48.7,1.7,6,1,2,9,margin 21%; earnings +1242%; rev +48%; PE 15,strong promoter 73.4%
WEWORK,WEWORK INDIA MANAGEMENT L,Real Estate,688.1500244140625,13.38577414549245,112.99672,24.98011538113025,1854.959,63.5,24.6,25.0,50.4,6.0,4,3,2,9,ROE 25%; rev +28%,strong promoter 63.5%
MEDANTA,GLOBAL HEALTH LIMITED,Healthcare,1408.199951171875,5.55332319437458,69.47212,15.032,29.869,66.4,24.6,67.0,55.1,4.8,6,1,2,9,low D/E 30; rev +26%,strong promoter 66.4%
FORTIS,FORTIS HEALTHCARE LTD,Healthcare,916.7999877929688,16.979086547549276,66.19495,11.006,34.15,35.2,50.2,184.0,56.1,0.3,6,1,2,9,low D/E 34; rev +18%,high institutional 50.2%
SIGMAADV,SIGMA ADVANCED SYSTEM LTD,Industrials,664.4500122070312,7.9071362152416835,70.16367,87.583,70.808,66.1,1.1,2.0,75.0,-5.7,6,1,2,9,ROE 88%; margin 19%; rev +77344%,strong promoter 66.1%
SONACOMS,SONA BLW PRECISION FRGS L,Consumer Cyclical,821.9000244140625,2.6184805196608414,73.383934,10.6850006,7.213,27.9,68.5,111.0,45.5,3.4,6,1,2,9,low D/E 7; earnings +44%; rev +52%,high institutional 68.5%
ASTERDM,ASTER DM QUALITY CARE LTD,Healthcare,765.6500244140625,14.097381925252783,124.29384,10.067,45.921,70.8,20.2,69.0,56.2,5.0,4,3,2,9,low D/E 46; rev +22%,strong promoter 70.8%
360ONE,360 ONE WAM LIMITED,Financial Services,1203.0,2.68564572748952,39.966778,13.52,161.977,15.2,66.8,147.0,52.2,-0.5,6,1,2,9,margin 26%; rev +30%,high institutional 66.8%
TATATECH,TATA TECHNOLOGIES LIMITED,Technology,823.9500122070312,7.525251155215348,60.01093,14.57,23.908,60.2,7.9,63.0,35.9,1.0,7,0,2,9,low D/E 24; rev +34%,strong promoter 60.2%
SHYAMMETL,SHYAM METALICS AND ENGY L,Basic Materials,996.7999877929688,8.550459835507453,24.618423,8.971,8.133,76.0,13.8,41.0,35.4,0.9,7,0,2,9,low D/E 8; earnings +21%; rev +24%,strong promoter 76.0%; ⚠ very high promoter = low float
ANURAS,ANUPAM RASAYAN INDIA LTD,Basic Materials,1239.4000244140625,12.40989226755742,80.272026,5.763,41.317,83.9,0.7,28.0,62.8,3.7,5,2,2,9,low D/E 41; rev +28%,strong promoter 83.9%; ⚠ very high promoter = low float
UGROCAP,UGRO CAPITAL LIMITED,Financial Services,87.02999877929688,54.78961102374188,6.086014,7.06,373.984,47.3,14.0,7.0,57.8,4.3,7,1,1,9,55% below 52w high; margin 24%; earnings +34%; PE 6,promoter 47.3%
IIFL,IIFL FINANCE LIMITED,Financial Services,636.7000122070312,5.674072265625,12.792848,12.286,447.421,49.7,17.7,64.0,51.5,0.4,7,1,1,9,margin 24%; earnings +190%; rev +32%; PE 13,promoter 49.7%
SUDARSCHEM,SUDARSHAN CHEMICAL INDS L,Basic Materials,1186.5,25.982532751091703,130.67181,1.03400005,64.172,37.7,29.3,31.0,50.1,-2.4,7,1,1,9,26% below 52w high; earnings +105%,institutional 29.3%
CRAFTSMAN,CRAFTSMAN AUTOMATION LTD,Consumer Cyclical,10690.5,2.458941605839416,55.099987,12.547,111.011,42.4,39.5,75.0,46.3,0.2,6,1,2,9,earnings +113%; rev +36%,promoter 42.4%; institutional 39.5%
HCG,HEALTHCARE GLOB. ENT. LTD,Healthcare,730.4500122070312,9.221401846232826,465.25476,1.898,123.057,70.6,19.0,23.0,59.5,8.7,4,3,2,9,earnings +171%; rev +13%,strong promoter 70.6%
PGEL,PG ELECTROPLAST LTD,Technology,602.0499877929688,6.572010399844665,83.38643,6.69,19.567,45.1,26.2,55.0,31.3,5.9,5,2,2,9,low D/E 20; rev +35%,promoter 45.1%; institutional 26.2%
SUNFLAG,SUNFLAG IRON AND STEEL CO,Basic Materials,358.1499938964844,16.32009488399898,31.361645,2.2939999,5.905,78.4,0.4,6.0,53.9,-1.3,6,1,2,9,low D/E 6,strong promoter 78.4%; ⚠ very high promoter = low float
PILANIINVS,PILANI INV & IND COR LTD,Financial Services,4309.5,27.934782608695652,156.75098,0.1949999999999999,15.067,82.2,0.0,2.0,65.9,-3.5,5,2,2,9,28% below 52w high; low D/E 15,strong promoter 82.2%; ⚠ very high promoter = low float
KIRLOSBROS,KIRLOSKAR BROTHERS LTD,Industrials,1918.199951171875,12.37895149115704,40.78673,16.486,10.101,69.2,12.8,39.0,41.8,4.6,7,0,2,9,low D/E 10; rev +13%,strong promoter 69.2%
DEEPAKNTR,DEEPAK NITRITE LTD,Basic Materials,1750.4000244140625,8.086536338256037,30.45763,9.751,27.903,49.8,25.5,64.0,48.7,3.0,6,1,2,9,low D/E 28; earnings +207%; rev +36%,promoter 49.8%; institutional 25.5%
RTNPOWER,RATTANINDIA POWER LIMITED,Utilities,7.769999980926514,39.7674402271667,37.0,1.13699995,80.012,50.2,3.9,19.0,39.3,10.6,5,2,2,9,40% below 52w high,strong promoter 50.2%
KICL,KALYANI INVEST CO LTD,Financial Services,5258.0,19.785197663812298,56.561962,0.366,,76.1,0.0,0.0,61.5,5.3,3,4,2,9,margin 52%,strong promoter 76.1%; ⚠ very high promoter = low float
ELECTCAST,ELECTROSTEEL CASTINGS LTD,Industrials,71.88999938964844,33.86992917386872,36.866665,2.7590000999999997,26.35,56.1,6.4,25.0,51.4,2.6,6,1,2,9,34% below 52w high; low D/E 26,strong promoter 56.1%
MEDPLUS,MEDPLUS HEALTH SERV LTD,Healthcare,656.2999877929688,35.79534533794889,37.438675,11.8240006,72.133,42.7,38.8,52.0,63.7,3.7,5,2,2,9,36% below 52w high; rev +22%,promoter 42.7%; institutional 38.8%
BALAMINES,BALAJI AMINES LIMITED,Basic Materials,2078.89990234375,14.924708656800997,33.00365,8.113,6.194,67.6,2.5,18.0,36.6,3.6,7,0,2,9,low D/E 6; earnings +97%; rev +27%,strong promoter 67.6%
ARE&M,AMARA RAJA ENERGY MOB LTD,Industrials,930.8499755859376,12.005483095999068,18.46192,11.567,5.015,33.3,29.4,55.0,42.8,0.5,8,0,1,9,low D/E 5; earnings +16%; rev +24%,institutional 29.4%
GRASIM,GRASIM INDUSTRIES LTD,Basic Materials,3300.0,3.257016636145809,39.421814,6.287,135.044,48.7,24.4,201.0,54.4,10.2,5,3,1,9,earnings +51%; rev +21%,promoter 48.7%
IONEXCHANG,ION EXCHANGE (INDIA) LTD,Industrials,373.1000061035156,23.230451419029706,45.06039,11.233,35.976,44.3,20.4,32.0,46.3,6.7,5,3,1,9,23% below 52w high; low D/E 36; rev +20%,promoter 44.3%
MADRASFERT,MADRAS FERTILISERS LTD,Basic Materials,65.04000091552734,32.52411938233485,13.034069,269.54901,689.616,,,,55.1,9.5,6,3,0,9,33% below 52w high; ROE 270%; rev +21%; PE 13,
PINELABS,PINE LABS LIMITED,Technology,159.72999572753906,43.75704375790878,146.54128,2.3929998,7.474,33.1,,52.0,38.2,4.0,9,0,0,9,44% below 52w high; low D/E 7; earnings +264%; rev +20%,
SERVOTECH,SERVOTECH REN POW SYS LTD,Industrials,82.55999755859375,42.26573597301137,50.650307,11.8719995,71.469,0.0,0.0,1.0,49.4,4.9,8,1,0,9,42% below 52w high; earnings +78%; rev +58%,
KAPSTON,KAPSTON SERVICES LIMITED,Industrials,524.7999877929688,12.53333536783854,56.673862,27.415,158.273,,,,54.6,1.0,8,1,0,9,ROE 27%; earnings +39%; rev +16%,
SAKAR,SAKAR HEALTHCARE LIMITED,Healthcare,884.6500244140625,9.729589345503827,64.71471,9.996,21.739,,,,45.8,7.3,6,3,0,9,low D/E 22; earnings +119%; rev +38%,
GRANULES,GRANULES INDIA LIMITED,Healthcare,841.5999755859375,7.516486199347527,31.263,13.522,29.735,39.3,20.1,61.0,52.6,-1.7,8,1,0,9,low D/E 30; earnings +53%; rev +22%,
MBAPL,MADHYA BHARAT AGRO P. LTD,Basic Materials,163.41000366210938,5.461383921359461,47.7807,27.32081304043153,156.708,0.0,0.1,3.0,55.8,6.1,6,3,0,9,ROE 27%; earnings +16%,
WABAG,VA TECH WABAG LTD,Industrials,2057.89990234375,8.679835706955846,35.88943,15.674,8.874,28.3,18.1,45.0,45.7,-0.5,8,1,0,9,low D/E 9; earnings +37%; rev +21%,
HINDOILEXP,HINDUSTAN OIL EXPLORATION,Energy,158.1999969482422,16.141000759825452,33.446087,4.638,3.594,41.9,1.2,7.0,47.8,5.2,5,3,1,9,low D/E 4; rev +45%,promoter 41.9%
THEJO,THEJO ENGINEERING LIMITED,Industrials,2101.199951171875,8.108114168035282,40.697266,13.971,10.776,0.0,0.6,4.0,57.9,-1.0,8,1,0,9,low D/E 11; earnings +72%; rev +31%,
ASTRAMICRO,ASTRA MICROWAVE LTD,Technology,1684.199951171875,14.07143106265944,84.63316,15.994,21.883,30.6,22.8,37.0,46.7,8.5,6,3,0,9,low D/E 22; margin 17%,
GREENPOWER,ORIENT GREEN POWER CO LTD,Utilities,9.539999961853027,36.101810000996466,17.666666,6.458,45.393,28.0,1.8,6.0,51.8,1.9,8,1,0,9,36% below 52w high; low D/E 45; margin 22%; PE 18,
KNRCON,KNR CONSTRU LTD.,Industrials,127.13999938964844,42.20909118652344,9.068473,9.1850005,49.162,48.8,23.6,28.0,50.3,0.1,7,1,1,9,42% below 52w high; low D/E 49; PE 9,promoter 48.8%
MARKSANS,MARKSANS PHARMA LIMITED,Healthcare,320.8500061035156,7.134585787694464,28.120071,15.159,11.248,43.9,18.3,30.0,38.1,-17.7,9,-1,1,9,low D/E 11; margin 16%; earnings +169%; rev +36%,promoter 43.9%
PARACABLES,PARAMOUNT COMM LTD,Technology,63.04999923706055,16.710697782234696,32.668396,8.929999999999989,15.807,48.8,0.2,5.0,49.0,-0.3,7,1,1,9,low D/E 16; rev +13%,promoter 48.8%
CANHLIFE,CANARA HSBC LIFE INS CO L,Financial Services,151.69000244140625,8.998740044576278,109.920296,8.276,15.304,75.3,20.6,33.0,48.5,-3.1,6,1,2,9,low D/E 15; earnings +22%; rev +20%,strong promoter 75.3%; ⚠ very high promoter = low float
HATHWAY,HATHWAY CABLE & DATACOM,Communication Services,10.539999961853027,30.88524615178343,25.09524,1.3299999999999998,0.212,75.0,0.3,6.0,52.7,-1.3,6,1,2,9,31% below 52w high; low D/E 0,strong promoter 75.0%; ⚠ very high promoter = low float
BRIGADE,BRIGADE ENTER. LTD,Real Estate,625.75,21.977526475488567,31.683544,10.786,84.316,46.7,37.5,78.0,45.6,2.1,6,1,2,9,22% below 52w high; earnings +34%,promoter 46.7%; institutional 37.5%
AEGISLOG,AEGIS LOGISTICS LIMITED,Energy,1336.199951171875,10.789163599152335,37.533707,15.258000999999998,47.243,67.5,15.1,62.0,35.0,-6.2,8,-1,2,9,low D/E 47; earnings +269%; rev +37%,strong promoter 67.5%
BOMDYEING,BOMBAY DYEING & MFG. CO L,Consumer Cyclical,112.5999984741211,42.38935777321137,116.082466,1.169,0.139,56.0,0.8,6.0,48.7,1.7,6,1,2,9,42% below 52w high; low D/E 0,strong promoter 56.0%
KSB,KSB LIMITED,Industrials,802.5,21.95857610679413,56.83428,15.192,0.371,70.0,14.1,45.0,52.5,3.0,6,1,2,9,22% below 52w high; low D/E 0,strong promoter 70.0%
ENTERO,ENTERO HEALTHCARE SOLU L,Healthcare,1408.4000244140625,4.0468743996491074,48.818024,8.28,38.638,65.9,12.5,23.0,49.2,2.7,6,1,2,9,low D/E 39; earnings +37%; rev +38%,strong promoter 65.9%
KDDL,KDDL LIMITED,Consumer Cyclical,3942.699951171875,5.120925251549151,49.907593,8.123,26.688,60.3,5.8,8.0,45.7,2.7,6,1,2,9,low D/E 27; earnings +44%; rev +36%,strong promoter 60.3%
HEROMOTOCO,HERO MOTOCORP LIMITED,Consumer Cyclical,5740.5,10.143226109415355,21.078432,28.027,3.57,37.4,38.5,255.0,53.6,4.0,6,1,2,9,ROE 28%; low D/E 4; rev +35%,institutional 38.5%; 255 institutions
JSFB,JANA SMALL FIN BANK LTD,Financial Services,562.8499755859375,5.084321149083052,15.643413,9.84,122.9643655659712,50.1,16.0,21.0,48.7,1.0,6,1,2,9,earnings +52%; rev +25%; PE 16,strong promoter 50.1%
VIYASH,VIYASH SCIENTIFIC LIMITED,Healthcare,265.8500061035156,10.78858855586724,55.968422,11.565,15.724,67.3,4.2,13.0,54.6,-0.6,6,1,2,9,low D/E 16; earnings +162%; rev +114%,strong promoter 67.3%
FLUOROCHEM,GUJARAT FLUOROCHEM LTD,Basic Materials,4682.7001953125,5.569777823115735,83.91936,7.547,28.94,66.4,14.8,59.0,47.1,4.9,6,1,2,9,low D/E 29; earnings +20%; rev +24%,strong promoter 66.4%
SBC,SBC EXPORTS LIMITED,Industrials,39.86000061035156,11.422220865885418,58.61765,37.219003,283.225,54.5,0.0,0.0,38.8,5.2,5,2,2,9,ROE 37%; earnings +186%; rev +66%,strong promoter 54.5%
SHREDIGCEM,SHREE DIGVIJAY CEM CO LTD,Basic Materials,70.20999908447266,34.8096554559665,57.54918,6.845,140.51,65.6,4.5,1.0,60.1,-2.4,5,2,2,9,35% below 52w high; rev +72%,strong promoter 65.6%
BOROLTD,BOROSIL LIMITED,Consumer Cyclical,257.82000732421875,35.21296659991323,41.2512,8.8120006,16.696,67.9,3.7,7.0,50.0,-0.1,6,1,2,9,35% below 52w high; low D/E 17,strong promoter 67.9%
ZYDUSWELL,ZYDUS WELLNESS LIMITED,Consumer Defensive,501.2999877929687,18.068152685157937,85.546074,3.4299999999999997,54.974,69.8,21.1,44.0,41.2,7.1,5,2,2,9,rev +67%,strong promoter 69.8%
TORNTPHARM,TORRENT PHARMACEUTICALS L,Healthcare,5005.0,4.666666666666667,79.87552,16.986,85.446,63.4,19.0,238.0,61.8,-4.0,5,2,2,9,rev +55%,strong promoter 63.4%
JINDWORLD,JINDAL WORLDWIDE LTD,Consumer Cyclical,35.099998474121094,17.21698771001752,41.785713,8.457,64.866,91.8,0.0,4.0,16.5,9.1,5,2,2,9,earnings +88%,strong promoter 91.8%; ⚠ very high promoter = low float
JSWINFRA,JSW INFRASTRUCTURE LTD,Industrials,329.8500061035156,7.293418375425234,46.523273,13.948,59.002,74.1,15.4,75.0,60.5,3.8,5,2,2,9,margin 27%; rev +18%,strong promoter 74.1%
BANDHANBNK,BANDHAN BANK LIMITED,Financial Services,174.16000366210938,21.108892917318652,20.758045,4.877,55.92520374930622,41.3,39.9,101.0,44.6,-6.8,8,-1,2,9,21% below 52w high; earnings +35%; rev +22%,promoter 41.3%; institutional 39.9%
FINCABLES,FINOLEX CABLES LTD,Industrials,1291.199951171875,6.026204427083334,24.693056,12.326,0.314,58.7,21.2,55.0,38.6,-10.3,8,-1,2,9,low D/E 0; earnings +53%; rev +44%,strong promoter 58.7%
SHADOWFAX,SHADOWFAX TECHNOLOGIES L,Industrials,258.0,3.964263591454987,89.27335,9.2889994,14.161,46.0,39.3,18.0,49.6,6.5,6,1,2,9,low D/E 14; earnings +633%; rev +65%,promoter 46.0%; institutional 39.3%
ALGOQUANT,ALGOQUANT FINTECH LIMITED,Financial Services,65.12999725341797,8.28053049700223,54.731087,28.374,25.483,78.5,0.0,0.0,22.1,-5.6,8,-1,2,9,ROE 28%; low D/E 25; earnings +2673%,strong promoter 78.5%; ⚠ very high promoter = low float
PDSL,PDS LIMITED,Industrials,370.1499938964844,11.553167527721774,44.65018,10.045999,67.994,73.1,5.1,11.0,51.0,2.0,6,1,2,9,earnings +46%; rev +15%,strong promoter 73.1%
EPL,EPL LIMITED,Consumer Cyclical,270.1000061035156,1.0622688265510531,22.340778,15.076999999999998,33.579,56.3,21.6,49.0,52.9,-0.2,6,1,2,9,low D/E 34; rev +25%,strong promoter 56.3%
STOVEKRAFT,STOVE KRAFT LIMITED,Consumer Cyclical,775.9500122070312,8.690277317811528,52.857628,8.613,23.223,60.3,6.1,7.0,49.2,4.7,6,1,2,9,low D/E 23; earnings +64%; rev +41%,strong promoter 60.3%
GOKEX,GOKALDAS EXPORTS LTD.,Consumer Cyclical,799.9000244140625,16.232065769933314,60.09767,4.7220003,58.934,12.6,54.2,39.0,47.3,1.7,6,1,2,9,rev +21%,high institutional 54.2%
SKIPPER,SKIPPER LIMITED,Industrials,555.4500122070312,6.33220704771817,27.926094,15.878999,63.557,66.7,5.1,15.0,44.6,1.4,6,0,2,8,earnings +25%,strong promoter 66.7%
GODREJAGRO,GODREJ AGROVET LIMITED,Consumer Defensive,581.6500244140625,24.43159475257845,25.049528,18.681,72.751,72.7,10.6,37.0,53.5,-6.6,6,0,2,8,24% below 52w high; ROE 19%,strong promoter 72.7%
PAYTM,ONE 97 COMMUNICATIONS LTD,Technology,1603.5999755859375,3.257722055703565,158.30206,3.558,1.073,27.9,47.6,176.0,40.3,0.3,6,0,2,8,low D/E 1; earnings +80%; rev +28%,high institutional 47.6%
ATGL,ADANI TOTAL GAS LIMITED,Utilities,657.6500244140625,23.515724476713228,113.78027,14.456001,58.65,79.8,7.3,58.0,31.4,-2.3,6,0,2,8,24% below 52w high; rev +27%,strong promoter 79.8%; ⚠ very high promoter = low float
DATAPATTNS,DATA PATTERNS INDIA LTD,Industrials,4700.2001953125,5.15950104057437,98.454124,16.73,0.304,53.2,19.2,68.0,23.7,4.4,6,0,2,8,low D/E 0; margin 28%; rev +17%,strong promoter 53.2%
WINDLAS,WINDLAS BIOTECH LIMITED,Healthcare,988.2000122070312,6.455888927573504,31.703562,12.2320004,6.067,66.2,8.8,10.0,50.3,-5.7,6,0,2,8,low D/E 6; rev +18%,strong promoter 66.2%
EIDPARRY,EID PARRY INDIA LTD,Basic Materials,810.25,32.275996032612895,31.103647,9.9130005,23.647,48.0,25.1,62.0,51.1,-9.8,6,0,2,8,32% below 52w high; low D/E 24,promoter 48.0%; institutional 25.1%
INDORAMA,INDO RAMA SYNTHETICS LTD,Consumer Cyclical,61.290000915527344,18.279998779296875,9.93355,33.855000000000004,219.556,87.9,0.0,5.0,48.8,-9.5,6,0,2,8,ROE 34%; earnings +21%; PE 10,strong promoter 87.9%; ⚠ very high promoter = low float
ALKYLAMINE,ALKYL AMINES CHEM. LTD,Basic Materials,1923.800048828125,12.629995269976146,43.712795,13.72,0.0775090969658694,72.3,5.2,34.0,40.9,4.4,6,0,2,8,low D/E 0,strong promoter 72.3%
JYOTICNC,JYOTI CNC AUTOMATION LTD,Industrials,949.75,10.053037405029611,67.07274,18.224001,42.585,67.7,16.8,50.0,43.9,-4.2,6,0,2,8,ROE 18%; low D/E 43; rev +24%,strong promoter 67.7%
CGCL,CAPRI GLOBAL CAPITAL LTD,Financial Services,225.11000061035156,14.901900862228588,19.174618,16.496,334.728,63.7,21.9,37.0,36.0,-2.5,6,0,2,8,margin 35%; earnings +79%; rev +86%,strong promoter 63.7%
MAHLOG,MAHINDRA LOGISTIC LIMITED,Industrials,406.6499938964844,9.63333468967014,96.13475,1.279,46.725,59.8,17.5,17.0,54.8,-5.0,6,0,2,8,low D/E 47; earnings +29%; rev +20%,strong promoter 59.8%
INDSWFTLAB,IND SWIFT LABORATORIES LT,Healthcare,333.510009765625,5.064041743670057,51.230415,3.2390002,1.481,63.7,5.7,1.0,42.2,-11.5,7,-1,2,8,low D/E 1; earnings +143%; rev +25%,strong promoter 63.7%
DREDGECORP,DREDGING CORP OF INDIA,Industrials,1118.300048828125,13.040431661887636,63.539776,3.1889997,88.829,73.5,6.3,7.0,42.9,-6.6,7,-1,2,8,earnings +544%; rev +47%,strong promoter 73.5%
MANINDS,MAN INDUSTRIES (I) LTD.,Basic Materials,676.9000244140625,3.1616560208780395,24.88603,9.231,30.097,57.3,0.7,5.0,44.2,-8.3,7,-1,2,8,low D/E 30; earnings +95%; rev +42%,strong promoter 57.3%
UTLSOLAR,FUJIYAMA POWER SYSTEMS L,Technology,477.5,3.388973191704603,49.843426,36.418,40.802,87.9,3.1,8.0,47.5,-13.5,6,0,2,8,ROE 36%; low D/E 41; rev +125%,strong promoter 87.9%; ⚠ very high promoter = low float
KIOCL,KIOCL LIMITED,Basic Materials,385.3999938964844,39.26404517996354,602.1875,0.961,11.051,99.0,0.0,1.0,35.1,3.3,6,0,2,8,39% below 52w high; low D/E 11,strong promoter 99.0%; ⚠ very high promoter = low float
LENSKART,LENSKART SOLUTIONS LTD,Healthcare,654.7999877929688,0.471201779306012,173.687,6.6539995,34.983,44.9,34.7,88.0,58.9,-7.0,6,0,2,8,low D/E 35; earnings +258%; rev +43%,promoter 44.9%; institutional 34.7%
EKC,EVEREST KANTO CYLINDERLTD,Industrials,112.8000030517578,27.01391082212932,10.098478,11.256,19.067,67.6,0.2,3.0,52.3,-5.5,6,0,2,8,27% below 52w high; low D/E 19; PE 10,strong promoter 67.6%
WEL,WONDER ELECTRICALS LTD,Consumer Cyclical,136.0399932861328,25.875881768120617,149.49449,8.762,107.754,83.0,0.0,0.0,36.2,-0.9,6,0,2,8,26% below 52w high; earnings +275%; rev +51%,strong promoter 83.0%; ⚠ very high promoter = low float
SGMART,SG MART LIMITED,Industrials,805.2000122070312,2.281551916622421,81.49798,7.920000000000001,16.781,66.7,0.0,3.0,45.6,-5.5,6,0,2,8,low D/E 17; earnings +35%; rev +14%,strong promoter 66.7%
LT,LARSEN & TOUBRO LTD.,Industrials,4081.0,8.085585585585587,33.886906,16.951999,97.64,18.1,52.7,246.0,54.7,4.5,5,1,2,8,,high institutional 52.7%
DLF,DLF LIMITED,Real Estate,676.1500244140625,14.928279466684195,37.66852,10.102,0.673,74.1,14.5,206.0,42.1,-3.4,6,0,2,8,low D/E 1; margin 66%,strong promoter 74.1%
PCBL,PCBL CHEMICAL LIMITED,Basic Materials,319.8500061035156,24.909027600155625,48.462124,5.125,124.132,7.1,64.0,42.0,41.8,-4.0,6,0,2,8,25% below 52w high; earnings +59%; rev +17%,high institutional 64.0%
LTF,L&T FINANCE LIMITED,Financial Services,314.75,7.043711067218434,24.822556,13.750000000000002,393.442,66.0,18.8,107.0,44.1,-4.3,6,0,2,8,margin 33%; earnings +28%; rev +29%,strong promoter 66.0%
COCHINSHIP,COCHIN SHIPYARD LIMITED,Industrials,1489.0,24.794182451679134,57.62384,12.517,28.466,63.3,7.4,60.0,38.5,-8.7,7,-1,2,8,25% below 52w high; low D/E 28,strong promoter 63.3%
ARFIN,ARFIN INDIA LIMITED,Basic Materials,82.70999908447266,22.118642691880368,75.19091,9.4469994,75.884,78.2,0.0,0.0,13.2,-5.4,7,-1,2,8,22% below 52w high; earnings +300%; rev +96%,strong promoter 78.2%; ⚠ very high promoter = low float
UNIVCABLES,UNIVERSAL CABLES LTD,Industrials,1644.199951171875,7.3637991686509086,28.589811,8.906,62.258,73.2,3.2,7.0,48.8,-4.1,5,1,2,8,earnings +113%; rev +57%,strong promoter 73.2%
RATNAVEER,RATNAVEER PRECISION ENG L,Basic Materials,269.239990234375,0.4658076767560074,14.648531,12.364,50.053,57.5,1.4,1.0,20.3,-6.1,7,-1,2,8,rev +19%; PE 15,strong promoter 57.5%
SCHNEIDER,SCHNEIDER ELECTRIC INFRA,Industrials,1242.5999755859375,19.728683747678456,162.43137,31.813,70.795,76.9,6.3,52.0,47.2,-2.4,5,1,2,8,ROE 32%,strong promoter 76.9%; ⚠ very high promoter = low float
INDUSINDBK,INDUSIND BANK LIMITED,Financial Services,1008.0,6.480491456889988,59.36396,1.362,65.08887677361896,16.3,54.0,183.0,49.0,1.1,5,1,2,8,earnings +72%,high institutional 54.0%
SALZERELEC,SALZER ELECTRONICS LTD,Industrials,568.5499877929688,40.30971256766732,22.981003,9.309,88.776,44.0,4.2,4.0,56.3,4.2,6,1,1,8,40% below 52w high; rev +13%,promoter 44.0%
JINDRILL,JINDAL DRILLING IND. LTD,Energy,628.7000122070312,9.343905954285328,9.509908,12.358,5.119,71.8,0.2,4.0,34.6,-8.9,7,-1,2,8,low D/E 5; margin 19%; PE 10,strong promoter 71.8%
TITAGARH,TITAGARH RAIL SYSTEMS LTD,Industrials,849.2999877929688,12.533471905976445,59.02015,4.9200002,25.363,40.6,19.2,52.0,37.0,2.2,7,0,1,8,low D/E 25; earnings +67%; rev +13%,promoter 40.6%
TATACAP,TATA CAPITAL LIMITED,Financial Services,366.1499938964844,6.163510394199203,28.538582,12.005,502.931,86.0,4.7,65.0,50.4,2.7,5,1,2,8,margin 40%; earnings +47%; rev +40%,strong promoter 86.0%; ⚠ very high promoter = low float
FAZE3Q,FAZE THREE LIMITED,Consumer Cyclical,490.7000122070313,24.51349566622684,39.19329,7.697,60.909,82.4,0.0,0.0,64.2,2.4,4,2,2,8,25% below 52w high,strong promoter 82.4%; ⚠ very high promoter = low float
TCPLPACK,TCPL PACKAGING LIMITED,Consumer Cyclical,4100.89990234375,7.028044318921865,32.280384,14.355,88.192,69.6,12.0,9.0,43.0,-6.7,7,-1,2,8,earnings +79%; rev +16%,strong promoter 69.6%
GODIGIT,GO DIGIT GENERAL INS LTD,Financial Services,256.70001220703125,32.69532870608747,48.25188,11.7089994,7.469,74.5,17.6,54.0,45.2,4.6,5,1,2,8,33% below 52w high; low D/E 7,strong promoter 74.5%
MINDACORP,MINDA CORPORATION LTD,Consumer Cyclical,743.2999877929688,3.3420041881705136,35.804432,14.739000999999998,55.351,67.5,17.9,40.0,43.3,-7.3,7,-1,2,8,earnings +216%; rev +33%,strong promoter 67.5%
TMPV,TATA MOTORS PASS VEH LTD,Consumer Cyclical,320.25,56.70542183114542,1.41,-1.118,70.364,44.1,26.7,214.0,47.6,4.1,5,1,2,8,57% below 52w high; margin 23%; PE 1,promoter 44.1%; institutional 26.7%
PTCIL,PTC INDUSTRIES LIMITED,Industrials,19623.0,5.4313253012048195,234.33246,7.019,17.341,66.9,9.0,42.0,42.7,-10.4,7,-1,2,8,low D/E 17; margin 17%; earnings +144%; rev +85%,strong promoter 66.9%
ANANTRAJ,ANANT RAJ LIMITED,Real Estate,633.8499755859375,14.765016502842016,38.91037,11.175,11.703,63.4,11.3,46.0,43.4,0.3,6,0,2,8,low D/E 12; margin 23%,strong promoter 63.4%
ARVIND,ARVIND LIMITED,Consumer Cyclical,539.0,10.166666666666666,34.113922,10.657,40.071,40.5,30.4,48.0,48.7,3.5,5,1,2,8,low D/E 40; rev +15%,promoter 40.5%; institutional 30.4%
SWANCORP,SWAN CORP LIMITED,Industrials,305.54998779296875,39.61462691838562,43.463722,2.9949998,24.561,55.6,18.2,43.0,38.2,4.7,6,0,2,8,40% below 52w high; low D/E 25,strong promoter 55.6%
JSWHL,JSW HOLDINGS LIMITED,Financial Services,11465.0,49.69284774023694,92.84153,0.38,,66.3,0.6,17.0,47.4,-4.9,5,1,2,8,50% below 52w high; margin 77%,strong promoter 66.3%
NRBBEARING,NRB BEARING LIMITED,Consumer Cyclical,483.2000122070313,4.107954344152165,31.7477,15.174,15.653,46.1,24.9,13.0,46.7,-6.2,7,0,1,8,low D/E 16; rev +19%,promoter 46.1%
TEXINFRA,TEXMACO INFRA & HOLDG LTD,Real Estate,108.61000061035156,7.9576266013969805,150.84721,0.9330001,2.626,69.4,1.5,4.0,71.3,-2.5,4,2,2,8,low D/E 3; margin 53%,strong promoter 69.4%
HARSHA,HARSHA ENGINEERS INT LTD,Industrials,438.0499877929687,6.599149724313699,25.797998,11.687,26.551,76.9,13.3,9.0,54.6,-3.0,5,1,2,8,low D/E 27; rev +25%,strong promoter 76.9%; ⚠ very high promoter = low float
WHEELS,WHEELS INDIA LTD,Consumer Cyclical,1483.800048828125,17.931413228532907,22.195963,15.9,73.75415282392026,53.8,6.1,7.0,50.3,-3.4,5,1,2,8,,strong promoter 53.8%
EPACK,EPACK DURABLE LIMITED,Consumer Cyclical,203.05999755859375,50.412699008890414,711.7647,0.3409999999999999,76.95,52.5,5.1,6.0,47.6,9.4,3,3,2,8,50% below 52w high; rev +34%,strong promoter 52.5%
RKFORGE,RAMKRISHNA FORGINGS LTD,Industrials,745.4000244140625,3.5455439714948125,127.636986,2.2689999999999997,74.422,57.4,19.6,43.0,45.4,3.2,5,1,2,8,earnings +289%; rev +20%,strong promoter 57.4%
MANGLMCEM,MANGALAM CEMENT LTD,Basic Materials,981.8499755859376,4.064686709161774,23.545563,14.099,90.914,50.3,11.1,8.0,63.9,-2.7,4,2,2,8,,strong promoter 50.3%
JKLAKSHMI,JK LAKSHMI CEMENT LTD,Basic Materials,557.9000244140625,43.6350746317896,18.715197,11.098,66.59,48.1,32.6,46.0,51.8,3.9,5,1,2,8,44% below 52w high,promoter 48.1%; institutional 32.6%
TATASTEEL,TATA STEEL LIMITED,Basic Materials,183.5,18.226379237493003,20.781427,11.156999,89.017,35.4,34.2,230.0,51.9,-2.2,6,1,1,8,rev +14%,institutional 34.2%
KEC,KEC INTL. LIMITED,Industrials,424.1000061035156,54.77713674302787,20.39923,10.524999,87.306,4.6,75.2,71.0,52.8,-2.3,5,1,2,8,55% below 52w high,high institutional 75.2%
BBL,BHARAT BIJLEE LTD,Industrials,2353.89990234375,30.990914619063325,23.810438,6.0500003,15.116,35.9,16.6,20.0,57.9,4.1,7,1,0,8,31% below 52w high; low D/E 15; rev +18%,
GMRP&UI,GMR POW AND URBAN INFRA L,Energy,98.55999755859376,28.03212869304207,12.635897,41.511002000000005,549.816,71.0,3.8,17.0,51.7,-3.2,5,1,2,8,28% below 52w high; ROE 42%; rev +15%; PE 13,strong promoter 71.0%
SULA,SULA VINEYARDS LIMITED,Consumer Defensive,145.2100067138672,51.074793569345545,49.39116,4.3709997000000005,56.679,28.4,16.4,7.0,48.7,7.2,5,3,0,8,51% below 52w high,
COSMOFIRST,COSMO FIRST LIMITED,Consumer Cyclical,938.4500122070312,11.3415198670731,14.720784,10.119,103.944,47.8,1.7,8.0,51.4,1.5,6,1,1,8,earnings +25%; rev +46%; PE 15,promoter 47.8%
MARINE,MARINE ELECTRICAL (I) LTD,Industrials,373.25,5.506329113924051,88.23877,12.887,17.661,0.0,0.0,0.0,43.9,-3.8,8,0,0,8,low D/E 18; earnings +38%; rev +11%,
ARMANFIN,ARMAN FIN SERV LTD,Financial Services,1973.0999755859375,8.593538111655029,17.92098,6.263000000000001,190.256,30.8,11.4,10.0,53.4,-4.0,7,1,0,8,margin 31%; earnings +222%; rev +266%; PE 18,
SUNDARMFIN,SUNDARAM FINANCE LTD,Financial Services,4503.39990234375,20.18078868586051,22.362696,14.659001,409.161,0.0,16.2,148.0,59.4,3.3,7,1,0,8,20% below 52w high; margin 46%; earnings +34%; rev +27%,
DEEPAKFERT,DEEPAK FERTILIZERS & PETR,Basic Materials,1464.199951171875,12.897087973118678,18.786245,10.771,75.969,47.1,19.2,53.0,41.7,4.6,7,0,1,8,earnings +102%; rev +22%,promoter 47.1%
HUBTOWN,HUBTOWN LIMITED,Real Estate,198.80999755859375,45.63576950442026,30.49233,6.370000000000001,44.93,49.7,3.2,7.0,57.8,-7.2,7,0,1,8,46% below 52w high; low D/E 45; margin 15%,promoter 49.7%
SHRIRAMPPS,SHRIRAM PROPERTIES LTD,Real Estate,77.66999816894531,21.89260231091469,14.517756,7.159,42.189,49.3,5.8,8.0,57.6,4.5,6,1,1,8,22% below 52w high; low D/E 42; PE 15,promoter 49.3%
AARTIPHARM,AARTI PHARMALABS LIMITED,Healthcare,829.25,12.350700623744356,36.822823,8.491999999999999,37.359,44.1,12.6,27.0,41.3,-4.3,7,0,1,8,low D/E 37; earnings +54%; rev +39%,promoter 44.1%
RAMCOCEM,THE RAMCO CEMENTS LIMITED,Basic Materials,906.9500122070312,25.323177257551976,33.28257,8.996,47.897,49.1,31.1,55.0,54.6,2.5,5,1,2,8,25% below 52w high; low D/E 48,promoter 49.1%; institutional 31.1%
AWHCL,ANTONY WASTE HDG CELL LTD,Industrials,381.1499938964844,38.12500099083046,18.493448,10.58,50.103,53.0,7.5,8.0,51.8,0.4,5,1,2,8,38% below 52w high,strong promoter 53.0%
HIRECT,HIND RECTIFIER LIMITED,Industrials,1278.4000244140625,8.620441428587384,106.444626,21.110001,118.871,61.3,3.1,3.0,39.2,8.1,4,2,2,8,ROE 21%; rev +20%,strong promoter 61.3%
WINDMACHIN,WINDSOR MACHINES LIMITED,Industrials,320.5,7.222466731909821,260.5691,0.105,17.494,80.0,1.5,2.0,55.6,6.5,3,3,2,8,low D/E 17; rev +31%,strong promoter 80.0%; ⚠ very high promoter = low float
NITCO,NITCO LIMITED,Industrials,89.61000061035156,31.06923029972957,93.277306,9.3760006,86.275,20.8,47.3,2.0,60.6,16.6,2,4,2,8,31% below 52w high,high institutional 47.3%
YATHARTH,YATHARTH HOSP & TRA C S L,Healthcare,847.8499755859375,7.792281067325993,45.412426,9.889,14.614,56.9,12.5,22.0,51.8,-0.1,5,1,2,8,low D/E 15; rev +52%,strong promoter 56.9%
MAITHANALL,MAITHAN ALLOYS LTD,Basic Materials,978.0,19.18023140803332,9.797636,11.144,5.704,75.0,0.5,6.0,58.2,-4.4,5,1,2,8,low D/E 6; PE 10,strong promoter 75.0%; ⚠ very high promoter = low float
KALPATARU,KALPATARU LIMITED,Real Estate,288.3500061035156,32.83251472101757,49.039116,2.447,224.816,83.7,10.8,4.0,45.3,-1.0,5,1,2,8,33% below 52w high; earnings +1009%,strong promoter 83.7%; ⚠ very high promoter = low float
JINDALPHOT,JINDAL PHOTO LIMITED,Financial Services,1049.4000244140625,35.08598043658222,295.35,2.00999999999999,6.343082632408667,82.9,1.7,1.0,59.8,9.1,3,3,2,8,35% below 52w high; low D/E 6,strong promoter 82.9%; ⚠ very high promoter = low float
TTML,TATA TELESERV(MAHARASTRA),Communication Services,37.45000076293945,38.49564602014742,197.10527,1.13,,74.4,2.0,39.0,40.9,5.6,4,2,2,8,38% below 52w high,strong promoter 74.4%
RHIM,RHI MAGNESITA INDIA LTD,Industrials,374.75,27.31063740215048,35.24,-10.132,12.595,70.2,16.4,49.0,47.6,5.4,3,3,2,8,27% below 52w high; low D/E 13; earnings +122%,strong promoter 70.2%
KIRLOSENG,KIRLOSKAR OIL ENG LTD,Industrials,2150.10009765625,20.95220229204963,57.42789,16.819,154.864,42.8,30.6,66.0,53.8,3.4,5,1,2,8,21% below 52w high; rev +13%,promoter 42.8%; institutional 30.6%
CREDITACC,CREDITACCESS GRAMEEN LTD,Financial Services,1534.5,6.089351285189718,20.36226,16.364999,302.872,66.1,21.4,57.0,50.5,-1.9,5,1,2,8,margin 40%; earnings +715%; rev +150%,strong promoter 66.1%
VARROC,VARROC ENGINEERING LTD.,Consumer Cyclical,824.25,5.783846030520579,63.994564,13.456,50.855,75.0,12.4,23.0,40.9,7.3,4,2,2,8,rev +30%,strong promoter 75.0%; ⚠ very high promoter = low float
SWELECTES,SWELECT ENERGY SYS LTD,Technology,608.7999877929688,37.68679756469101,22.154293,6.288,83.572,62.1,0.0,4.0,62.9,-7.0,5,1,2,8,38% below 52w high,strong promoter 62.1%
MOTILALOFS,MOTILAL OSWAL FIN LTD,Financial Services,973.4000244140624,11.275175820308402,30.211048,15.55,165.8,52.8,29.0,79.0,39.4,-6.5,6,-1,3,8,margin 23%; rev +24%,strong promoter 52.8%; institutional 29.0%
BHARATWIRE,BHARAT WIRE ROPES LTD.,Basic Materials,187.7599945068359,28.335879959222925,25.89793,9.365,9.237,51.8,21.6,6.0,44.5,2.3,5,0,2,7,28% below 52w high; low D/E 9,strong promoter 51.8%
GSPCROP,GSP CROP SCIENCE LIMITED,Basic Materials,590.5,2.8463290787135618,27.300047,15.499,34.017,88.9,0.0,0.0,24.2,-4.7,5,0,2,7,low D/E 34,strong promoter 88.9%; ⚠ very high promoter = low float
ABFRL,ADITYA BIRLA FASHION & RT,Consumer Cyclical,54.75,42.33807081653247,,-12.692999999999998,98.822,59.1,10.2,42.0,49.1,7.7,2,3,2,7,42% below 52w high; rev +11%,strong promoter 59.1%
BLISSGVS,BLISS GVS PHARMA LTD,Healthcare,580.1500244140625,3.70154989478287,45.970684,11.5959994,1.766,57.5,9.8,10.0,41.4,-6.4,6,-1,2,7,low D/E 2; earnings +15%; rev +38%,strong promoter 57.5%
COHANCE,COHANCE LIFESCIENCES LTD,Healthcare,475.5499877929687,54.225625506055984,171.6787,3.836,9.928,64.0,22.7,48.0,46.3,-15.4,5,0,2,7,54% below 52w high; low D/E 10,strong promoter 64.0%
PAISALO,PAISALO DIGITAL LIMITED,Financial Services,69.94999694824219,9.613648404294228,25.252707,14.255,243.153,57.7,15.9,13.0,43.9,-1.1,5,0,2,7,margin 46%; earnings +29%; rev +21%,strong promoter 57.7%
DELHIVERY,DELHIVERY LIMITED,Industrials,450.1000061035156,14.103052270321443,368.93442,1.596,15.098,19.9,57.0,103.0,52.1,1.5,4,1,2,7,low D/E 15; rev +28%,high institutional 57.0%
POONAWALLA,POONAWALLA FINCORP LTD,Financial Services,494.0499877929687,13.385349465846105,52.17001,9.82,468.058,61.7,19.9,58.0,49.1,-1.5,4,1,2,7,margin 23%; earnings +337%; rev +100%,strong promoter 61.7%
GODAVARIB,GODAVARI BIOREFINERIES L,Basic Materials,245.8000030517578,30.36827109015359,4916.0,0.449,67.331,63.3,8.9,3.0,50.4,-5.3,5,0,2,7,30% below 52w high,strong promoter 63.3%
ASIANENE,ASIAN ENERGY SERVICES LTD,Energy,484.8999938964844,1.040817572146046,38.514694,11.6000004,32.051,68.3,0.0,0.0,41.5,-13.4,6,-1,2,7,low D/E 32; earnings +102%; rev +135%,strong promoter 68.3%
TASTYBITE,TASTY BITE EATABLES LTD,Consumer Defensive,10104.5,4.168247344461305,72.02581,10.807,12.254,80.2,3.6,6.0,45.4,-22.3,5,0,2,7,low D/E 12; rev +29%,strong promoter 80.2%; ⚠ very high promoter = low float
URBANCO,URBAN COMPANY LIMITED,Technology,145.49000549316406,27.681672735899916,,-11.921,6.335,32.8,51.4,39.0,43.1,11.8,0,5,2,7,28% below 52w high; low D/E 6; rev +44%,high institutional 51.4%
NIACL,THE NEW INDIA ASSU CO LTD,Financial Services,183.0800018310547,16.018347783919868,39.11966,3.421,,85.4,10.8,41.0,28.0,1.5,5,0,2,7,earnings +61%,strong promoter 85.4%; ⚠ very high promoter = low float
AURUM,AURUM PROPTECH LIMITED,Real Estate,229.8000030517578,13.165058066884969,30.396826,-2.928,44.065,60.2,3.9,3.0,49.9,4.3,4,1,2,7,low D/E 44; rev +64%,strong promoter 60.2%
ORIENTHOT,ORIENT HOTELS LTD,Consumer Cyclical,137.2899932861328,8.16722857114862,36.80697,18.5,17.136,69.3,1.5,6.0,49.2,-15.5,5,0,2,7,ROE 18%; low D/E 17,strong promoter 69.3%
JWL,JUPITER WAGONS LIMITED,Industrials,248.1000061035156,33.458494825762514,63.615383,5.768,33.365,72.4,6.5,41.0,36.8,-0.7,5,0,2,7,33% below 52w high; low D/E 33,strong promoter 72.4%
PVRINOX,PVR INOX LIMITED,Communication Services,1219.5,2.416576166427449,42.849613,2.4400001,91.874,29.0,44.0,68.0,46.5,-3.2,4,1,2,7,rev +10%,high institutional 44.0%
JINDALSTEL,JINDAL STEEL LIMITED,Basic Materials,1118.9000244140625,14.33929978253129,41.984993,6.771999600000001,43.613,63.9,21.7,155.0,43.2,-2.5,5,0,2,7,low D/E 44; rev +26%,strong promoter 63.9%
BHEL,BHEL,Industrials,413.5,7.390817469204928,58.98716,9.82,31.312,59.8,23.8,150.0,40.4,-5.4,6,-1,2,7,low D/E 31; earnings +200%; rev +40%,strong promoter 59.8%
JSWSTEEL,JSW STEEL LIMITED,Basic Materials,1299.699951171875,2.6441984140917603,12.827674,9.16,95.374,63.6,17.9,191.0,55.1,-5.7,5,0,2,7,earnings +113%; PE 13,strong promoter 63.6%
CLEANMAX,CLEAN MAX ENVIRO EN SOL L,Utilities,1220.0999755859375,20.56640783945719,90.84884,1.9609999,229.641,70.7,15.3,19.0,42.6,0.2,5,0,2,7,21% below 52w high; earnings +128%; rev +109%,strong promoter 70.7%
IRCON,IRCON INTERNATIONAL LTD,Industrials,126.54000091552734,33.224273923204564,19.260273,9.084,85.833,65.2,3.4,37.0,39.5,0.3,5,0,2,7,33% below 52w high,strong promoter 65.2%
TRIVENI,TRIVENI ENGG. & INDS. LTD,Consumer Defensive,300.04998779296875,38.77780370204806,23.681925,8.2650006,64.646,67.4,9.6,27.0,49.4,-20.8,5,0,2,7,39% below 52w high,strong promoter 67.4%
ASAHIINDIA,ASAHI INDIA GLASS LIMITED,Consumer Cyclical,951.5499877929688,11.401304674770136,54.939377,10.4940005,55.868,67.4,10.0,45.0,49.2,-7.6,5,0,2,7,earnings +153%; rev +15%,strong promoter 67.4%
HGINFRA,H.G.INFRA ENGINEERING LTD,Industrials,513.7000122070312,51.07385722208206,17.948986,10.586,153.264,71.8,10.5,19.0,47.8,-9.2,5,0,2,7,51% below 52w high; PE 18,strong promoter 71.8%
INDIAGLYCO,INDIA GLYCOLS LTD,Basic Materials,1101.9000244140625,9.82814857495397,30.839632,11.2849995,57.645,63.8,3.4,20.0,48.6,-10.1,5,0,2,7,earnings +22%,strong promoter 63.8%
EMIL,ELECTRONICS MART IND LTD,Consumer Cyclical,191.05999755859375,2.887063015136324,35.71215,6.787,122.806,65.2,27.8,24.0,39.3,1.0,4,0,3,7,earnings +461%; rev +39%,strong promoter 65.2%; institutional 27.8%
AARTIIND,AARTI INDUSTRIES LTD,Basic Materials,520.0499877929688,3.996681544431666,35.61986,7.249,83.392,42.2,25.1,59.0,40.9,4.9,5,0,2,7,earnings +258%; rev +42%,promoter 42.2%; institutional 25.1%
GUFICBIO,GUFIC BIOSCIENCES LTD.,Healthcare,413.7000122070313,7.65624727521624,64.53979,10.144,60.866,77.5,3.5,10.0,54.4,-7.4,5,0,2,7,earnings +71%; rev +17%,strong promoter 77.5%; ⚠ very high promoter = low float
DRREDDY,DR. REDDY S LABORATORIES,Healthcare,1180.0,16.60188143055119,29.7529,8.836999500000001,18.605,30.1,52.0,219.0,56.8,2.4,4,1,2,7,low D/E 19,high institutional 52.0%
DIACABS,DIAMOND POWER INFRA LTD,Industrials,353.8999938964844,6.6226929033022754,93.37731,-15.989999999999998,,75.0,8.6,7.0,45.3,18.1,2,3,2,7,earnings +208%; rev +127%,strong promoter 75.0%; ⚠ very high promoter = low float
TVSSRICHAK,TVS SRICHAKRA LIMITED,Consumer Cyclical,4922.7001953125,2.520788211633663,40.83534,5.988,64.482,53.7,6.9,8.0,46.6,-39.0,5,0,2,7,earnings +164%; rev +30%,strong promoter 53.7%
WESTLIFE,WESTLIFE FOODWORLD LTD,Consumer Cyclical,594.5,23.29032258064516,295.77115,5.289,291.521,61.7,31.8,38.0,47.3,15.1,1,3,3,7,23% below 52w high; rev +11%,strong promoter 61.7%; institutional 31.8%
WELSPUNLIV,WELSPUN LIVING LIMITED,Consumer Cyclical,188.69000244140625,1.4519239366862664,63.96271,4.301,46.501,69.0,15.0,48.0,38.0,-26.4,6,-1,2,7,low D/E 47; earnings +84%; rev +24%,strong promoter 69.0%
YASHO,YASHO INDUSTRIES LIMITED,Basic Materials,4284.2001953125,14.213051755857029,89.55268,5.849,125.684,75.3,5.0,6.0,39.8,-1.1,5,0,2,7,earnings +890%; rev +55%,strong promoter 75.3%; ⚠ very high promoter = low float
YATRA,YATRA ONLINE LIMITED,Consumer Cyclical,114.63999938964844,43.247525054629484,57.89899,5.801,12.403,64.9,14.1,9.0,40.6,-6.9,6,-1,2,7,43% below 52w high; low D/E 12,strong promoter 64.9%
RBLBANK,RBL BANK LIMITED,Financial Services,392.2999877929687,0.406196021403367,32.448303,5.66,100.4317087054479,2.7,52.8,74.0,47.9,-5.8,5,0,2,7,earnings +368%; rev +41%,high institutional 52.8%
NILKAMAL,NILKAMAL LIMITED,Consumer Cyclical,2043.699951171875,2.912116333877672,24.449097,7.5679995,26.499,70.0,14.6,8.0,39.1,-7.1,6,-1,2,7,low D/E 26; earnings +22%,strong promoter 70.0%
EMSLIMITED,EMS LIMITED,Industrials,405.0,31.800957034578264,32.980457,8.956,14.575,69.7,0.3,2.0,34.2,-11.0,6,-1,2,7,32% below 52w high; low D/E 15,strong promoter 69.7%
ABDL,ALLIED BLEND N DISTILS L,Consumer Defensive,595.4500122070312,16.33412926880536,75.46895,13.550999999999998,68.251,80.9,4.3,33.0,47.7,0.8,4,1,2,7,,strong promoter 80.9%; ⚠ very high promoter = low float
ARIHANTSUP,ARIHANT SUPERSTRUCT LTD,Real Estate,247.8500061035156,46.698923418598795,25.18801,11.1269996,194.333,78.8,0.0,0.0,69.8,-9.3,4,1,2,7,47% below 52w high,strong promoter 78.8%; ⚠ very high promoter = low float
SANATHAN,SANATHAN TEXTILES LIMITED,Consumer Cyclical,461.25,16.432649732963593,63.973648,4.204,80.77,78.6,13.0,5.0,53.8,-2.4,4,1,2,7,rev +79%,strong promoter 78.6%; ⚠ very high promoter = low float
BHARATFORG,BHARAT FORGE LTD,Consumer Cyclical,2062.0,10.152505446623094,140.3676,11.603,76.475,47.7,37.5,166.0,52.4,8.0,2,3,2,7,rev +19%,promoter 47.7%; institutional 37.5%
YESBANK,YES BANK LIMITED,Financial Services,22.739999771118164,11.792090126289708,18.949999,7.4650005,127.93754327208444,44.2,18.4,154.0,49.1,-2.0,5,1,1,7,margin 23%; rev +20%,promoter 44.2%
AMRUTANJAN,AMRUTAJAN HEALTH LTD,Healthcare,521.6500244140625,34.047662132468545,27.95552,16.622999999999998,0.48,49.2,11.0,10.0,60.0,-9.7,7,-1,1,7,34% below 52w high; low D/E 0,promoter 49.2%
PRAJIND,PRAJ INDUSTRIES LTD,Industrials,358.45001220703125,17.217087250108257,219.90799,1.7719999,13.217,34.4,25.8,41.0,42.1,-12.1,7,-1,1,7,low D/E 13; earnings +117%; rev +12%,institutional 25.8%
MOREPENLAB,MOREPEN LAB. LTD,Healthcare,96.47000122070312,1.056409004407051,37.683594,7.859000600000001,16.667,42.7,1.5,7.0,28.7,-4.8,6,0,1,7,low D/E 17; earnings +415%; rev +34%,promoter 42.7%
INOXWIND,INOX WIND LIMITED,Industrials,73.9000015258789,53.609541675985895,30.53719,6.7540005,20.631,47.2,21.3,58.0,34.8,1.2,6,0,1,7,54% below 52w high; low D/E 21,promoter 47.2%
GENESYS,GENESYS INTL CORPN LTD,Technology,183.5500030517578,71.6700114006395,33.99074,5.1960003,24.515,44.5,0.3,4.0,44.8,-5.3,7,-1,1,7,72% below 52w high; low D/E 25; rev +11%,promoter 44.5%
MANAPPURAM,MANAPPURAM FINANCE LTD,Financial Services,349.25,8.465466865771427,21.360855,6.968000000000001,360.191,31.9,39.8,73.0,42.1,5.0,4,2,1,7,margin 31%; earnings +288%; rev +80%,institutional 39.8%
RELIGARE,RELIGARE ENTER. LTD.,Financial Services,231.6499938964844,17.26785932268415,154.43333,2.001,12.72,47.6,6.8,16.0,56.4,2.3,5,1,1,7,low D/E 13; rev +26%,promoter 47.6%
ARVINDFASN,ARVIND FASHIONS LIMITED,Consumer Cyclical,428.2999877929687,26.0276359597636,47.273727,15.903,115.111,37.9,30.8,45.0,57.8,3.4,5,1,1,7,26% below 52w high; rev +16%,institutional 30.8%
KRISHANA,KRISHANA PHOSCHEM LIMITED,Basic Materials,196.52000427246097,1.916548376019636,33.708405,32.12761024605732,130.807,0.0,0.1,2.0,44.6,1.5,7,0,0,7,ROE 32%; earnings +54%; rev +35%,
CDSL,CENTRAL DEPO SER (I) LTD,Financial Services,1345.9000244140625,19.585346019057763,59.57946,23.913,0.11,0.0,15.0,71.0,38.6,2.0,7,0,0,7,ROE 24%; low D/E 0; margin 37%,
JYOTISTRUC,JYOTI STRUCTURES LTD,Industrials,10.6899995803833,38.63375698298179,19.796295,10.8059995,439.045,10.6,0.6,5.0,50.1,-0.2,6,1,0,7,39% below 52w high; earnings +74%; rev +61%,
ELPROINTL,ELPRO INTERNATIONAL LTD,Consumer Discretionary,176.44000244140625,2.460056920369939,34.12766,1.72,59.54004228533887,,,,80.3,-13.3,6,1,0,7,earnings +32%; rev +35%,
LGHL,LAXMI GOLDORNA HOUSE LTD,Consumer Cyclical,174.14999389648438,56.417103784024306,420.19,6.468,153.423,,,,25.6,21.6,5,2,0,7,56% below 52w high,
SOLEX,SOLEX ENERGY LIMITED,Technology,772.2999877929688,61.093199607407115,10.444955,47.055998,132.242,,,,53.4,-10.3,7,0,0,7,61% below 52w high; ROE 47%; PE 10,
BANSALWIRE,BANSAL WIRE INDUSTRIES L,Basic Materials,322.75,15.110470900181848,35.584347,11.923,38.769,78.4,15.4,13.0,52.8,4.3,4,1,2,7,low D/E 39; rev +24%,strong promoter 78.4%; ⚠ very high promoter = low float
KRSNAA,KRSNAA DIAGNOSTICS LTD,Healthcare,550.0,38.506262859248594,18.524755,10.888,54.501,45.7,13.5,13.0,58.3,-8.2,6,0,1,7,39% below 52w high; rev +22%,promoter 45.7%
SDBL,SOM DIST & BREW LTD,Consumer Defensive,73.56999969482422,48.82799088229803,132.83673,1.289,27.20676963047572,55.6,0.2,6.0,43.7,6.8,3,2,2,7,49% below 52w high; low D/E 27,strong promoter 55.6%
MIDHANI,MISHRA DHATU NIGAM LTD,Basic Materials,420.5,7.906264919175539,58.484005,8.921999999999999,26.557,74.0,7.6,25.0,41.5,-5.8,6,-1,2,7,low D/E 27; earnings +28%; rev +40%,strong promoter 74.0%
SHRIPISTON,SPR AUTO TECHNOLOGIES LTD,Consumer Cyclical,4513.7998046875,1.6387054982022224,35.31096,19.04461198219712,67.85244513812673,67.0,13.5,37.0,52.2,4.8,4,1,2,7,ROE 19%,strong promoter 67.0%
LLOYDSENT,LLOYDS ENTERPRISES LTD,Basic Materials,78.55000305175781,7.260913952857005,140.26787,9.7440004,14.694,69.9,0.2,10.0,45.4,-2.1,4,1,2,7,low D/E 15; rev +70%,strong promoter 69.9%
ABCAPITAL,ADITYA BIRLA CAPITAL LTD.,Financial Services,409.0,5.038312419782431,26.489637,11.181,495.936,68.7,16.0,132.0,46.9,8.0,2,3,2,7,earnings +39%; rev +31%,strong promoter 68.7%
RAYMOND,RAYMOND LTD,Industrials,656.6500244140625,3.291601706323638,99.19185,1.472,34.127,51.2,6.3,18.0,45.0,3.4,4,1,2,7,low D/E 34; rev +16%,strong promoter 51.2%
HLEGLAS,HLE GLASCOAT LIMITED,Industrials,311.79998779296875,52.89674717983837,59.50382,9.648,56.224,73.9,5.4,6.0,47.5,-3.8,4,1,2,7,53% below 52w high,strong promoter 73.9%
LMW,LMW LIMITED,Industrials,19570.0,2.8832316014093595,119.89952,4.6329997,,58.2,12.6,25.0,50.3,1.7,4,1,2,7,earnings +384%; rev +24%,strong promoter 58.2%
BOSCH-HCIL,BOSCH HOME COMFRT IND LTD,Consumer Cyclical,1772.0,1.6484404715978007,1114.4653,-0.501,16.319,75.3,6.4,7.0,52.4,3.4,4,1,2,7,low D/E 16; earnings +48%; rev +28%,strong promoter 75.3%; ⚠ very high promoter = low float
PIRAMALFIN,PIRAMAL FINANCE LIMITED,Financial Services,2128.10009765625,4.139635240709459,28.572771,5.448,285.784,48.6,25.0,60.0,56.0,2.5,4,1,2,7,margin 33%; earnings +50575%; rev +30%,promoter 48.6%; institutional 25.0%
GICRE,GENERAL INS CORP OF INDIA,Financial Services,359.79998779296875,13.913152940705736,7.110672,9.1079995,,77.4,16.9,65.0,56.3,0.8,4,1,2,7,margin 17%; PE 7,strong promoter 77.4%; ⚠ very high promoter = low float
WELENT,WELSPUN ENTERPRISES LTD.,Industrials,584.6500244140625,7.914631921202837,23.785599,13.603000000000002,60.918,66.8,10.5,20.0,55.5,-2.7,4,1,2,7,,strong promoter 66.8%
TATACOMM,TATA COMMUNICATIONS LTD,Communication Services,1677.5,20.497630331753555,50.527107,31.130999999999997,335.854,60.5,24.9,148.0,54.9,0.7,4,1,2,7,20% below 52w high; ROE 31%; rev +10%,strong promoter 60.5%
FUSION,FUSION FINANCE LIMITED,Financial Services,203.32000732421875,16.329215092914097,16.543531,0.676,227.507,54.2,15.9,16.0,49.3,1.5,4,1,2,7,margin 20%; rev +128%; PE 17,strong promoter 54.2%
ORIENTTECH,ORIENT TECHNOLOGIES LTD,Technology,243.1499938964844,47.90319476904211,276.61,1.372,18.579,73.2,0.0,0.0,39.5,11.1,2,2,2,6,48% below 52w high; low D/E 19,strong promoter 73.2%
RICOAUTO,RICO AUTO INDUSTRIES LTD,Consumer Cyclical,131.5399932861328,16.741573066263165,59.252247,6.9110000000000005,92.781,51.4,1.9,4.0,33.0,3.9,4,0,2,6,rev +39%,strong promoter 51.4%
ADANIGREEN,ADANI GREEN ENERGY LTD,Utilities,1301.800048828125,20.208394187672383,124.3362,7.576,346.548,82.3,17.0,88.0,32.5,-0.6,4,0,2,6,20% below 52w high; earnings +18%; rev +17%,strong promoter 82.3%; ⚠ very high promoter = low float
MMFL,MM FORGINGS LTD,Industrials,638.9500122070312,7.1226105284600205,31.229229,10.556,126.624,60.9,7.7,8.0,54.6,-8.7,4,0,2,6,earnings +30%; rev +16%,strong promoter 60.9%
GODREJPROP,GODREJ PROPERTIES LTD,Real Estate,2020.0,14.1156462585034,37.977066,9.969,82.119,57.6,23.8,183.0,42.3,-0.0,4,0,2,6,margin 31%; rev +16%,strong promoter 57.6%
DIGITIDE,DIGITIDE SOLUTIONS LTD,Industrials,96.56999969482422,55.90410972839077,816.83,0.607,57.944,63.7,14.8,12.0,41.0,10.1,2,2,2,6,56% below 52w high,strong promoter 63.7%
UFLEX,UFLEX LIMITED,Consumer Cyclical,611.0499877929688,3.771655465674213,13.919133,4.085,124.991,82.1,1.4,7.0,44.7,-21.3,5,-1,2,6,earnings +16%; PE 14,strong promoter 82.1%; ⚠ very high promoter = low float
EXCELINDUS,EXCEL INDUSTRIES LTD,Basic Materials,1114.5,17.37099943254683,19.628391,4.5969999999999995,0.463,57.4,7.0,5.0,59.7,-22.4,4,0,2,6,low D/E 0,strong promoter 57.4%
MAMATA,MAMATA MACHINERY LIMITED,Industrials,405.5,21.262135922330096,66.47541,8.450000000000001,4.503,67.1,1.1,1.0,52.9,-8.6,4,0,2,6,21% below 52w high; low D/E 5,strong promoter 67.1%
HEMIPROP,HEMISPHERE PROP IND LTD,Real Estate,130.91000366210938,31.3493093575609,,-2.696,20.144,61.0,9.1,11.0,55.6,5.1,1,3,2,6,31% below 52w high; low D/E 20,strong promoter 61.0%
TEGA,TEGA INDUSTRIES LIMITED,Industrials,1776.5,16.400000000000002,467.5,5.939,11.693,67.4,18.6,42.0,52.7,-5.6,4,0,2,6,low D/E 12; rev +384%,strong promoter 67.4%
TVSSCS,TVS SUPPLY CHAIN SOL L,Industrials,123.33000183105467,15.81569840883639,84.4726,6.004,133.606,67.1,13.5,17.0,53.4,-1.0,3,1,2,6,rev +29%,strong promoter 67.1%
NEOGEN,NEOGEN CHEMICALS LIMITED,Basic Materials,2259.10009765625,9.050276320530635,170.24115,3.581,170.915,55.1,20.2,23.0,40.5,0.3,4,0,2,6,earnings +62%; rev +34%,strong promoter 55.1%
ROSSTECH,ROSSELL TECHSYS LIMITED,Industrials,1076.5999755859375,8.13993382372547,158.32352,15.179,264.369,78.2,7.3,1.0,39.9,0.5,4,0,2,6,earnings +117%; rev +77%,strong promoter 78.2%; ⚠ very high promoter = low float
PRESTIGE,PRESTIGE ESTATE LTD,Real Estate,1585.5,12.17039425628464,60.011356,7.752000000000001,105.493,64.3,30.6,155.0,48.2,0.7,2,1,3,6,rev +16%,strong promoter 64.3%; institutional 30.6%
63MOONS,63 MOONS TECHNOLOGIES LTD,Technology,770.7999877929688,23.50898298544345,22.14,-1.52,0.149,58.1,1.5,6.0,32.9,4.9,4,0,2,6,24% below 52w high; low D/E 0; earnings +104%; rev +350%,strong promoter 58.1%
IFCI,IFCI LTD,Financial Services,81.76000213623047,14.655532847887226,123.878784,5.01,39.38782081382401,73.1,3.6,35.0,28.4,-4.4,4,0,2,6,low D/E 39; rev +13%,strong promoter 73.1%
BEML,BEML LIMITED,Industrials,1962.800048828125,13.751508345463034,91.54851,4.858,10.529,54.2,22.4,47.0,40.2,-3.3,4,0,2,6,low D/E 11; rev +29%,strong promoter 54.2%
MICEL,MIC ELECTRONICS LTD,Technology,35.650001525878906,57.03266120118686,,-5.7509999999999994,21.749,52.7,0.0,0.0,56.0,-11.1,4,0,2,6,57% below 52w high; low D/E 22; earnings +29%; rev +276%,strong promoter 52.7%
FINOPB,FINO PAYMENTS BANK LTD,Financial Services,146.16000366210938,56.88495467194413,58.23108,6.760000400000001,190.67075669701072,77.5,0.1,4.0,28.3,2.2,4,0,2,6,57% below 52w high,strong promoter 77.5%; ⚠ very high promoter = low float
CYIENT,CYIENT LIMITED,Industrials,903.0499877929688,29.70732294577995,26.497944,7.765999399999999,7.528,24.9,50.0,64.0,55.1,-5.0,6,-2,2,6,30% below 52w high; low D/E 8; rev +21%,high institutional 50.0%
ICIL,INDO COUNT INDUSTRIES LTD,Consumer Cyclical,435.1000061035156,6.188008289095554,57.024902,5.469,56.992,61.6,13.6,22.0,38.7,-17.2,5,-1,2,6,earnings +67%; rev +26%,strong promoter 61.6%
TARC,TARC LIMITED,Real Estate,121.73999786376952,34.6537864360916,185.62502,1.808,178.38,66.8,6.5,14.0,51.6,14.4,1,3,2,6,35% below 52w high; rev +186%,strong promoter 66.8%
NELCO,NELCO LTD,Technology,912.0,18.571428571428573,556.0976,7.4,56.54,56.1,0.7,6.0,28.3,-6.7,5,-1,2,6,earnings +29%,strong promoter 56.1%
BDL,BHARAT DYNAMICS LIMITED,Industrials,1317.0,20.37484885126965,93.00848,10.19,0.007,74.9,11.6,56.0,31.4,-5.4,5,-1,2,6,20% below 52w high; low D/E 0; margin 17%,strong promoter 74.9%
BAJAJHIND,BAJAJ HINDUSTHAN SUGAR LT,Consumer Defensive,23.329999923706055,2.710590621094131,11.492611,3.1400003,92.996,61.7,2.6,7.0,39.1,-14.9,5,-1,2,6,earnings +23%; PE 11,strong promoter 61.7%
ASIANHOTNR,ASIAN HOTELS (NORTH) LTD,Consumer Cyclical,301.70001220703125,25.05278316833649,99.85,-17.288999999999998,36.252,88.8,2.4,1.0,48.1,8.2,1,3,2,6,25% below 52w high; low D/E 36; rev +10%,strong promoter 88.8%; ⚠ very high promoter = low float
PNBGILTS,PNB GILTS LIMITED,Financial Services,79.11000061035156,28.075277619029546,13.927817,6.909999999999999,1480.222,75.9,0.0,4.0,49.3,-0.1,3,1,2,6,28% below 52w high; margin 38%; PE 14,strong promoter 75.9%; ⚠ very high promoter = low float
DYNAMATECH,DYNAMATIC TECHNOLOGIES,Consumer Cyclical,11765.0,8.62135922330097,189.1479,4.29,80.387,46.9,15.9,23.0,41.7,-1.6,5,0,1,6,earnings +93%; rev +14%,promoter 46.9%
ANDHRSUGAR,ANDHRA SUGARS LTD,Basic Materials,102.73999786376952,4.187266019397858,13.3776045,4.9689997,0.032,0.0,0.8,7.0,42.4,-5.8,7,-1,0,6,low D/E 0; earnings +94%; PE 13,
HFCL,HFCL LIMITED,Technology,223.8999938964844,4.479522300942126,58.155846,7.266,38.321,34.2,18.5,47.0,40.1,0.7,6,0,0,6,low D/E 38; earnings +76%; rev +120%,
PRAKASH,PRAKASH INDUSTRIES LTD,Basic Materials,129.4499969482422,26.86440850381797,7.4098454,9.646,14.363,35.3,2.2,9.0,52.5,-8.3,6,0,0,6,27% below 52w high; low D/E 14; PE 7,
ASHOKLEY,ASHOK LEYLAND LTD,Industrials,173.8000030517578,19.320395260864593,29.358109,21.639,344.737,36.4,34.4,203.0,45.3,-5.1,5,0,1,6,ROE 22%; rev +12%,institutional 34.4%
CAMLINFINE,CAMLIN FINE SCIENCES LTD,Basic Materials,108.37999725341795,53.8808522325881,46.83,-3.3619999999999997,71.951,44.1,16.0,11.0,47.1,-8.9,5,0,1,6,54% below 52w high; rev +23%,promoter 44.1%
UNITECH,UNITECH LTD,Real Estate,3.9700000286102295,49.93694685310018,,52.0,,16.2,0.3,2.0,65.6,3.7,4,2,0,6,50% below 52w high; ROE 52%,
SALASAR,SALASAR TECHNO ENGG. LTD.,Basic Materials,6.010000228881836,45.31391852549278,75.12501,2.1760002,50.613,45.5,0.2,3.0,52.3,-6.8,5,0,1,6,45% below 52w high,promoter 45.5%
BLUESTONE,BLUESTONE JEWEL LFSTL LTD,Consumer Cyclical,821.5,11.285097192224622,209.56633,0.971,110.033,46.9,34.0,24.0,12.8,6.2,2,2,2,6,rev +50%,promoter 46.9%; institutional 34.0%
NAZARA,NAZARA TECHNOLOGIES LTD,Communication Services,357.5,2.054794520547945,15.180468,1.974,6.051,37.3,29.6,32.0,44.1,6.1,3,2,1,6,low D/E 6; earnings +64663%; PE 15,institutional 29.6%
KITEX,KITEX GARMENTS LTD,Consumer Cyclical,124.7300033569336,46.39879458843465,415.76666,-1.079,96.813,69.4,0.7,10.0,51.3,-2.4,3,1,2,6,46% below 52w high,strong promoter 69.4%
GMRAIRPORT,GMR AIRPORTS LIMITED,Industrials,100.41000366210938,13.17017970245889,251.02501,0.3,,71.4,16.5,173.0,54.2,-4.0,3,1,2,6,rev +24%,strong promoter 71.4%
IDFCFIRSTB,IDFC FIRST BANK LIMITED,Financial Services,85.83999633789062,3.2897766201697083,33.142857,4.44,77.27783905977178,12.9,45.2,168.0,52.1,3.0,3,1,2,6,margin 33%,high institutional 45.2%
BAJAJFINSV,BAJAJ FINSERV LTD.,Financial Services,2016.0,8.15489749430524,31.908833,14.602,256.404,63.9,15.0,202.0,57.2,3.2,3,1,2,6,rev +19%,strong promoter 63.9%
CIPLA,CIPLA LTD,Healthcare,1438.0,14.046622833233712,34.517525,11.736,1.778,31.1,44.5,238.0,55.6,-3.6,3,1,2,6,low D/E 2,high institutional 44.5%
UTKARSHBNK,UTKARSH SMALL FIN BANK L,Financial Services,13.920000076293944,38.3798141555157,,-40.033,91.13119212088736,53.1,11.8,8.0,56.6,5.5,1,3,2,6,38% below 52w high; rev +235%,strong promoter 53.1%
GEOJITFSL,GEOJIT FINANCIAL SER L,Financial Services,80.79000091552734,5.38704591521374,31.073078,6.585000000000001,9.473,53.7,11.4,9.0,53.2,1.4,3,1,2,6,low D/E 9,strong promoter 53.7%
ACMESOLAR,ACME SOLAR HOLDINGS LTD,Utilities,397.3999938964844,2.238623887703721,40.96907,10.406,393.194,71.7,19.5,35.0,47.9,2.4,3,1,2,6,margin 21%; earnings +72%; rev +47%,strong promoter 71.7%
RELTD,RAVINDRA ENERGY LIMITED,Technology,166.7100067138672,15.13870740461781,37.462925,20.363002,366.24,69.3,4.0,2.0,53.7,2.5,3,1,2,6,ROE 20%,strong promoter 69.3%
RIIL,RELIANCE INDUSTRIAL INFRA,Industrials,737.7999877929688,23.536120932217884,91.65217,2.41,,48.3,0.6,4.0,37.2,-1.4,5,0,1,6,24% below 52w high; margin 29%,promoter 48.3%
SMARTWORKS,SMARTWORKS COWORKING SP L,Real Estate,511.2999877929687,17.399032666725567,205.93,3.2689999999999997,900.425,79.8,3.6,8.0,64.3,0.8,1,2,2,5,rev +44%,strong promoter 79.8%; ⚠ very high promoter = low float
MUFIN,MUFIN GREEN FINANCE LTD,Financial Services,139.50999450683594,0.6763577969681659,64.88837,6.6979999999999995,243.19,51.5,8.2,2.0,33.4,1.7,3,0,2,5,margin 41%; earnings +268%; rev +49%,strong promoter 51.5%
NIBE,NIBE LIMITED,Industrials,1503.5999755859375,18.636364957470914,443.5398,0.021,33.611,64.1,4.3,0.0,51.3,-7.0,3,0,2,5,low D/E 34; earnings +194%,strong promoter 64.1%
ALOKINDS,ALOK INDUSTRIES LIMITED,Consumer Cyclical,11.539999961853027,40.330921040303835,,3.98,,75.0,1.2,17.0,62.5,1.2,1,2,2,5,40% below 52w high,strong promoter 75.0%; ⚠ very high promoter = low float
5PAISA,5PAISA CAPITAL LIMITED,Financial Services,390.8999938964844,6.247755737589969,30.02304,7.65,58.31,71.2,12.4,5.0,51.5,-18.9,3,0,2,5,rev +13%,strong promoter 71.2%
QUADFUTURE,QUADRANT FUTURE TEK LTD,Industrials,337.79998779296875,32.7627404664002,,-15.451,10.233,73.5,1.8,2.0,43.1,12.1,1,2,2,5,33% below 52w high; low D/E 10; rev +41%,strong promoter 73.5%
TATACHEM,TATA CHEMICALS LTD,Basic Materials,634.5,38.19705012308097,25.13,-7.678,36.081,38.7,26.9,51.0,41.7,8.4,2,2,1,5,38% below 52w high; low D/E 36; rev +14%,institutional 26.9%
INDOSTAR,INDOSTAR CAPITAL FIN LTD,Financial Services,251.3999938964844,13.904111679286174,29.817276,3.5150003,144.787,82.4,1.2,6.0,60.4,7.7,-1,4,2,5,,strong promoter 82.4%; ⚠ very high promoter = low float
BALAJITELE,BALAJI TELEFILMS LIMITED.,Communication Services,91.47000122070312,35.274556693978155,,-7.782,3.047,72.7,8.1,4.0,54.8,-4.0,2,1,2,5,35% below 52w high; low D/E 3; rev +230%,strong promoter 72.7%
BAJAJELEC,BAJAJ ELECT.LTD,Consumer Cyclical,354.3500061035156,45.80146639346167,90.86,-5.28,84.783,63.0,22.2,26.0,41.1,-1.5,3,0,2,5,46% below 52w high,strong promoter 63.0%
PWL,PHYSICSWALLAH LIMITED,Consumer Defensive,121.9499969482422,24.717579595743363,1742.1428,-0.7889999999999999,23.018,72.5,20.9,40.0,28.1,-10.2,4,-1,2,5,25% below 52w high; low D/E 23; rev +24%,strong promoter 72.5%
SWIGGY,SWIGGY LIMITED,Consumer Cyclical,279.0,41.13924050632912,,-29.116999999999997,13.929,40.0,40.6,158.0,34.2,3.1,2,0,3,5,41% below 52w high; low D/E 14; rev +37%,promoter 40.0%; high institutional 40.6%
SYMPHONY,SYMPHONY LIMITED,Consumer Cyclical,616.1500244140625,36.785675931315254,40.63,-21.604,31.64,75.8,9.3,28.0,55.3,1.2,2,1,2,5,37% below 52w high; low D/E 32; rev +51%,strong promoter 75.8%; ⚠ very high promoter = low float
MTNL,MAHANAGAR TELEPHONE NIGAM,Communication Services,26.790000915527344,44.4075499502522,,12.26,,56.3,13.1,3.0,44.6,-8.9,4,-1,2,5,44% below 52w high; rev +230%,strong promoter 56.3%
EDELWEISS,EDELWEISS FIN SERV LTD,Financial Services,126.62000274658205,5.436886842228216,16.995974,11.472999,319.986,39.1,16.9,34.0,48.0,4.9,4,1,0,5,earnings +27%; rev +23%; PE 17,
KIMS,KRISHNA INST OF MED SCI L,Healthcare,790.0,7.925407925407925,153.9961,9.724,166.226,41.7,41.5,75.0,62.2,-6.8,1,1,3,5,rev +35%,promoter 41.7%; high institutional 41.5%
ELECTHERM,ELECTROTHERM (I) LTD.,Basic Materials,1012.9000244140624,20.681282348154856,,2.85,,71.8,1.3,0.0,60.9,6.7,-1,4,2,5,21% below 52w high,strong promoter 71.8%
RPOWER,RELIANCE POWER LTD.,Utilities,22.149999618530273,56.44051075084497,163.25,-2.08,92.348,30.0,10.8,44.0,34.8,8.7,3,2,0,5,56% below 52w high; earnings +47%,
ORISSAMINE,ORISSA MIN DEV CO LTD,Basic Materials,4651.5,24.229095212578404,,23.23,,57.6,9.9,5.0,42.8,-0.5,3,0,2,5,24% below 52w high; ROE 23%; rev +332%,strong promoter 57.6%
TFCILTD,TOURISM FINANCE CORP. OF,Financial Services,132.75999450683594,1.6009514463561156,39.98795,9.754,81.939,38.6,5.3,7.0,40.7,-6.5,6,-1,0,5,margin 68%; earnings +100%; rev +98%,
SWSOLAR,STRLNG & WIL REN ENE LTD,Technology,196.47999572753903,31.420594859497708,18.56,-88.93,182.951,46.7,7.7,23.0,46.3,5.2,1,3,1,5,31% below 52w high; earnings +69%,promoter 46.7%
ZEEL,ZEE ENTERTAINMENT ENT LTD,Communication Services,108.02999877929688,12.977284267406652,52.955883,2.332,2.26,5.0,27.4,61.0,31.4,-1.0,4,0,1,5,low D/E 2,institutional 27.4%
TATAPOWER,TATA POWER CO LTD,Utilities,375.25,19.28371586867477,31.038048,11.336,168.051,48.7,21.6,144.0,47.5,2.2,3,1,1,5,,promoter 48.7%
MOSCHIP,MOSCHIP TECHNOLOGIES LTD,Technology,206.30999755859375,28.476342926788497,149.5,9.558,21.561,42.7,0.4,1.0,38.6,4.6,4,0,1,5,28% below 52w high; low D/E 22,promoter 42.7%
INDOCO,INDOCO REMEDIES LTD.,Healthcare,222.67999267578125,32.96809617905605,674.78784,-10.1210006,116.912,60.9,19.9,14.0,38.6,-0.2,3,0,2,5,33% below 52w high,strong promoter 60.9%
HCC,HINDUSTAN CONSTRUCTION CO,Industrials,21.219999313354492,29.266668955485027,30.753622,10.915,47.912,20.9,6.3,22.0,42.6,-2.7,5,0,0,5,29% below 52w high; low D/E 48,
JISLDVREQS,JAIN DVR EQUITY SHARES,Industrials,21.350000381469727,39.82525181249193,0.89,-0.6799999999999999,71.789,33.4,0.0,0.0,72.9,5.7,1,4,0,5,40% below 52w high; PE 1,
AMBER,AMBER ENTERPRISES (I) LTD,Consumer Cyclical,7275.0,18.932471584577662,278.73563,5.583,46.566,39.2,39.9,102.0,33.7,1.7,4,0,1,5,low D/E 47; rev +13%,institutional 39.9%
JINDALSAW,JINDAL SAW LIMITED,Basic Materials,269.75,4.0035587188612105,26.342773,4.82,38.19,75.5,13.6,61.0,46.3,-6.2,3,0,2,5,low D/E 38,strong promoter 75.5%; ⚠ very high promoter = low float
MFSL,MAX FINANCIAL SERV LTD,Financial Services,1575.0,16.77675033025099,509.70874,1.629,12.673,2.1,81.7,126.0,58.6,-12.0,3,0,2,5,low D/E 13,high institutional 81.7%
APOLLOPIPE,APOLLO PIPES LIMITED,Industrials,603.25,0.4537953795379538,473.33334,0.526,13.871,69.2,8.6,9.0,48.5,-2.9,-1,4,2,5,low D/E 14,strong promoter 69.2%
JINDALPOLY,JINDAL POLY FILMS LIMITED,Consumer Cyclical,637.0,37.9414457302325,18.7,-29.930001,131.567,80.0,9.9,6.0,52.9,-5.7,2,0,2,4,38% below 52w high; earnings +54%,strong promoter 80.0%; ⚠ very high promoter = low float
CHEMPLASTS,CHEMPLAST SANMAR LIMITED,Basic Materials,175.13999938964844,61.92608708920686,,-14.641000000000002,111.239,55.0,35.8,21.0,49.5,4.5,0,1,3,4,62% below 52w high,strong promoter 55.0%; institutional 35.8%
MAXESTATES,MAX ESTATES LIMITED,Real Estate,499.8500061035156,1.9901948816636028,675.47296,0.53899996,76.199,70.1,9.8,18.0,55.9,-14.8,2,0,2,4,rev +32%,strong promoter 70.1%
FIRSTCRY,BRAINBEES SOLUTIONS LTD,Consumer Cyclical,196.6699981689453,55.169821587300795,98.3,-3.83,29.762,58.8,23.5,38.0,44.5,-11.4,3,-1,2,4,55% below 52w high; low D/E 30; rev +13%,strong promoter 58.8%
PURVA,PURAVANKARA LIMITED,Real Estate,216.3999938964844,29.049182329021516,32.011833,3.232,315.044,79.4,9.7,15.0,41.6,-19.7,3,-1,2,4,29% below 52w high; rev +169%,strong promoter 79.4%; ⚠ very high promoter = low float
ABREL,ADITYA BIRLA REAL EST LTD,Real Estate,1445.5,26.448890037837884,45.86,-8.911,152.371,55.2,21.2,52.0,47.0,5.4,-1,3,2,4,26% below 52w high; rev +30%,strong promoter 55.2%
TARSONS,TARSONS PRODUCTS LIMITED,Healthcare,337.29998779296875,10.053336588541669,161.38756,2.2650002,61.913,73.9,0.0,4.0,38.0,-24.9,3,-1,2,4,rev +21%,strong promoter 73.9%
NETWORK18,NETWORK18 MEDIA & INV LTD,Communication Services,30.59000015258789,47.709401448567704,,-24.15,65.925,61.5,4.8,20.0,44.4,-2.0,2,0,2,4,48% below 52w high; rev +10%,strong promoter 61.5%
ARKADE,ARKADE DEVELOPERS LIMITED,Real Estate,131.00999450683594,31.61603859761551,479.31036,0.6,11.23,82.3,0.6,1.0,40.3,-6.9,3,-1,2,4,32% below 52w high; low D/E 11,strong promoter 82.3%; ⚠ very high promoter = low float
MEESHO,MEESHO LIMITED,Consumer Cyclical,209.5099945068359,17.645440435000264,,-46.563,1.428,40.3,40.3,62.0,45.4,4.6,0,1,3,4,low D/E 1; rev +48%,promoter 40.3%; high institutional 40.3%
HGS,HINDUJA GLOBAL SOLS. LTD.,Industrials,406.5,26.888489208633093,,-1.757,23.327,77.0,4.1,7.0,60.0,2.6,0,2,2,4,27% below 52w high; low D/E 23,strong promoter 77.0%; ⚠ very high promoter = low float
HINDWAREAP,HINDWARE HME INOVATON LTD,Consumer Cyclical,198.4499969482422,49.465242989699874,,-5.13,129.331,56.6,7.4,8.0,59.6,7.2,1,1,2,4,49% below 52w high; rev +16%,strong promoter 56.6%
KOLTEPATIL,KOLTE PATIL DEV. LTD.,Real Estate,465.8999938964844,15.993506237669983,79.64103,-3.73,98.241,77.1,,14.0,41.3,-3.3,2,0,2,4,rev +1016%,strong promoter 77.1%; ⚠ very high promoter = low float
CROMPTON,CROMPT GREA CON ELEC LTD,Consumer Cyclical,252.0,25.333333333333336,24.99,-6.337,5.797,0.0,81.2,102.0,42.8,-1.4,2,0,2,4,25% below 52w high; low D/E 6; rev +12%,high institutional 81.2%
BIRLANU,BIRLANU LIMITED,Industrials,1535.4000244140625,26.42675277862204,35.52,-10.299,100.118,48.1,0.7,4.0,51.2,9.7,0,3,1,4,26% below 52w high; rev +12%,promoter 48.1%
MHRIL,MAHINDRA HOLIDAYS LTD,Consumer Cyclical,221.0500030517578,40.07861027132849,84.69349,8.972,488.662,67.9,13.1,14.0,56.9,-0.5,1,1,2,4,40% below 52w high,strong promoter 67.9%
DELTACORP,DELTA CORP LIMITED,Consumer Cyclical,59.52000045776367,39.75708641771674,20.219435,3.47,2.175,34.5,1.0,7.0,47.5,-1.0,3,1,0,4,40% below 52w high; low D/E 2,
SAGCEM,SAGAR CEMENTS LIMITED,Basic Materials,162.4499969482422,45.741482879118486,111.05,-0.04,91.801,68.8,19.1,11.0,59.3,3.9,1,1,2,4,46% below 52w high,strong promoter 68.8%
ALLCARGO,ALLCARGO LOGISTICS LTD,Industrials,10.510000228881836,71.2448688145935,52.55,0.373,120.732,45.5,5.5,14.0,37.4,-9.6,4,-1,1,4,71% below 52w high,promoter 45.5%
ZENTEC,ZEN TECHNOLOGIES LIMITED,Industrials,1909.0999755859375,6.586092812144793,95.359634,11.828,0.95,49.9,11.4,46.0,36.4,-1.9,3,0,1,4,low D/E 1; margin 27%,promoter 49.9%
FACT,FACT LTD,Basic Materials,772.9500122070312,26.983749288374803,,33.75,295.147,0.0,0.1,25.0,36.9,-4.2,4,0,0,4,27% below 52w high; ROE 34%; rev +41%,
RENUKA,SHREE RENUKA SUGARS LTD,Consumer Defensive,26.1299991607666,22.00000250517432,,272.69,,62.6,8.9,18.0,40.5,-12.1,3,-1,2,4,22% below 52w high; ROE 273%,strong promoter 62.6%
ICEMAKE,ICE MAKE REFRIGERAT LTD,Industrials,726.0499877929688,21.08152306598166,94.04793,9.4639994,119.455,0.0,0.0,1.0,57.0,-0.7,3,1,0,4,21% below 52w high; rev +42%,
MOBIKWIK,ONE MOBIKWIK SYSTEMS LTD,Technology,195.66000366210935,41.41916058020678,519.86,-11.015,51.207,42.5,15.1,5.0,34.7,5.7,1,2,1,4,41% below 52w high,promoter 42.5%
IDEA,VODAFONE IDEA LIMITED,Communication Services,14.029999732971191,8.539767969922082,4.020057,-36.32,,74.6,9.5,145.0,24.9,-1.8,1,0,2,3,margin 82%; PE 4,strong promoter 74.6%
BLUSPRING,BLUSPRING ENTERPRISES LTD,Industrials,117.95999908447266,10.51434339982748,98.35,-3.0439999,18.377,69.7,9.1,9.0,48.9,2.2,0,1,2,3,low D/E 18; rev +19%,strong promoter 69.7%
DALMIASUG,DALMIA BHARAT SUG IN LTD,Consumer Defensive,508.1000061035156,1.7214688387784092,20.234966,7.285,55.74,83.4,0.3,8.0,33.6,-8.0,2,-1,2,3,,strong promoter 83.4%; ⚠ very high promoter = low float
EMBDL,EMBASSY DEVELOPMENTS LTD,Real Estate,63.08000183105469,40.32166163453829,,-9.0459995,53.414,64.9,8.3,21.0,48.8,4.9,0,1,2,3,40% below 52w high,strong promoter 64.9%
DCXINDIA,DCX SYSTEMS LIMITED,Industrials,173.7100067138672,39.262235414731755,62.28,-0.53399997,0.193,53.5,4.2,9.0,45.2,-7.1,1,0,2,3,39% below 52w high; low D/E 0,strong promoter 53.5%
E2E,E2E NETWORKS LIMITED,Technology,623.8499755859375,10.623212666771131,230.20294,-0.95,9.441,61.5,3.6,4.0,50.1,-17.1,1,0,2,3,low D/E 9; rev +334%,strong promoter 61.5%
SPANDANA,SPANDANA SPHOORTY FIN LTD,Financial Services,243.4499969482422,23.77896004996704,,-29.358,185.142,60.1,9.8,13.0,49.8,4.5,0,1,2,3,24% below 52w high; rev +256%,strong promoter 60.1%
ATHERENERG,ATHER ENERGY LIMITED,Consumer Cyclical,1449.5999755859375,8.253166102155854,,-33.740002000000004,25.819,55.1,24.2,51.0,33.5,7.2,-1,2,2,3,low D/E 26; rev +89%,strong promoter 55.1%
SOLARA,SOLARA ACTIVE PHA SCI LTD,Healthcare,640.0,10.112359550561797,615.65,-0.63,54.682,52.2,16.7,15.0,51.3,-16.2,1,0,2,3,earnings +43%; rev +20%,strong promoter 52.2%
PANACEABIO,PANACEA BIOTEC LTD,Healthcare,413.6499938964844,36.066461530682474,,-9.44,2.786,72.7,0.1,5.0,48.8,-3.8,0,1,2,3,36% below 52w high; low D/E 3,strong promoter 72.7%
TIRUMALCHM,THIRUMALAI CHEMICALS LTD,Basic Materials,156.41000366210938,52.430045781937785,,-12.3500004,139.084,42.1,7.9,8.0,55.9,-1.9,1,1,1,3,52% below 52w high; rev +22%,promoter 42.1%
AXISCADES,AXISCADES TECH LTD,Industrials,1600.5999755859375,27.607418562372793,108.22177,10.366999,52.834,7.3,1.7,13.0,55.0,-9.7,3,0,0,3,28% below 52w high,
GKWLIMITED,GKW LIMITED,Industrials,1610.199951171875,18.897958528680775,,-0.089,0.015,0.0,0.9,1.0,84.1,5.3,-1,4,0,3,low D/E 0,
ZOTA,ZOTA HEALTH CARE LIMITED,Healthcare,1076.699951171875,38.1206924613865,,-16.046,38.847,0.0,1.4,3.0,57.6,-0.4,2,1,0,3,38% below 52w high; low D/E 39; rev +68%,
QUICKHEAL,QUICK HEAL TECH LTD,Technology,141.6199951171875,61.86860596538958,,-2.49,0.025,74.1,0.0,2.0,,,1,0,2,3,62% below 52w high; low D/E 0,strong promoter 74.1%
KWIL,KWALITY WALL'S (INDIA) L,Consumer Defensive,43.470001220703125,1.873584719304151,,-103.05,81.508,62.3,12.4,84.0,45.5,-12.8,0,0,2,2,earnings +38%; rev +16%,strong promoter 62.3%
ORCHPHARMA,ORCHID PHARMA LIMITED,Healthcare,980.0499877929688,13.499559771141328,175.6362,3.56,28.15595771033208,59.2,17.0,13.0,44.8,3.0,0,0,2,2,low D/E 28,strong promoter 59.2%
INDIGO,INTERGLOBE AVIATION LTD,Industrials,5165.0,16.335952053130313,,-34.31165813142832,866.462,41.6,44.3,267.0,48.5,3.5,-3,1,4,2,,promoter 41.6%; high institutional 44.3%; 267 institutions
BALRAMCHIN,BALRAMPUR CHINI MILLS LTD,Consumer Defensive,767.0999755859375,1.7734856782897497,42.102085,9.5410004,76.606,45.9,33.5,52.0,37.5,-9.3,1,-1,2,2,,promoter 45.9%; institutional 33.5%
CENTRUM,CENTRUM CAPITAL LIMITED,Financial Services,23.559999465942383,41.10000133514404,11.57,-19.118,1218.677,74.1,0.0,1.0,56.8,4.0,-1,1,2,2,41% below 52w high; rev +138%; PE 12,strong promoter 74.1%
ASTEC,ASTEC LIFESCIENCES LTD,Basic Materials,601.7999877929688,36.09769176607712,,-25.842,114.84,73.1,3.0,3.0,47.1,-3.2,-1,1,2,2,36% below 52w high,strong promoter 73.1%
JSWENERGY,JSW ENERGY LIMITED,Utilities,542.0,12.205390550865664,42.57659,8.817001,229.16,66.7,21.4,120.0,50.0,1.2,-1,1,2,2,,strong promoter 66.7%
OLAELEC,OLA ELECTRIC MOBILITY LTD,Consumer Cyclical,37.81999969482422,46.91929867393092,,-43.16,82.453,39.3,24.4,42.0,22.8,8.8,0,2,0,2,47% below 52w high,
EASEMYTRIP,EASY TRIP PLANNERS LTD,Consumer Cyclical,6.090000152587891,42.547170439408134,,-6.1139997,4.35,55.2,2.1,4.0,41.7,-5.2,1,-1,2,2,43% below 52w high; low D/E 4,strong promoter 55.2%
TEJASNET,TEJAS NETWORKS LIMITED,Technology,509.2000122070313,21.298297958727783,,-26.822000000000003,142.52,1.9,61.1,39.0,28.2,5.1,-2,2,2,2,21% below 52w high; rev +99%,high institutional 61.1%
INDIQUBE,INDIQUBE SPACES LIMITED,Real Estate,189.1499938964844,22.415918158816204,,-41.569,1011.578,79.2,14.9,10.0,54.9,5.7,-3,3,2,2,22% below 52w high; rev +37%,strong promoter 79.2%; ⚠ very high promoter = low float
JISLJALEQS,JAIN IRRIGATION SYSTEMS,Industrials,28.219999313354492,52.16949268922968,151.04,-0.6799999999999999,71.789,43.8,0.8,8.0,54.4,3.3,0,1,1,2,52% below 52w high,promoter 43.8%
ONESOURCE,ONESOURCE SPECL PHARMA L,Healthcare,1534.5,20.285714285714285,370.39,-1.26,25.791,35.5,33.0,54.0,51.9,3.2,0,1,1,2,20% below 52w high; low D/E 26; rev +37%,institutional 33.0%
SAPPHIRE,SAPPHIRE FOODS INDIA LTD,Consumer Cyclical,241.3500061035156,30.626613872454417,375.7,-2.2950001,102.058,26.1,67.5,58.0,36.6,4.6,-1,0,2,1,31% below 52w high; rev +15%,high institutional 67.5%
TIL,TIL LTD,Industrials,231.6000061035156,37.73356674213399,,-31.823,344.424,69.1,0.0,0.0,34.4,5.0,-3,2,2,1,38% below 52w high; rev +86%,strong promoter 69.1%
GODREJIND,GODREJ INDUSTRIES LTD,Industrials,1223.4000244140625,15.218293526398996,34.99428,10.832,222.411,87.2,6.7,56.0,44.8,-4.6,-1,0,2,1,,strong promoter 87.2%; ⚠ very high promoter = low float
RTNINDIA,RATTANINDIA ENT LIMITED,Consumer Cyclical,30.030000686645508,53.078123927116394,,-11.61,143.033,79.9,0.4,12.0,48.9,2.4,-2,1,2,1,53% below 52w high,strong promoter 79.9%; ⚠ very high promoter = low float
AEQUS,AEQUS LIMITED,Industrials,260.0899963378906,5.211566583014615,,-10.2919996,47.183,73.4,12.8,21.0,43.3,0.5,-1,0,2,1,low D/E 47; rev +55%,strong promoter 73.4%
DEVYANI,DEVYANI INTERNATIONAL LTD,Consumer Cyclical,147.7899932861328,22.62304016432837,,-2.5880001,203.327,64.2,20.3,51.0,36.3,-1.1,-1,0,2,1,23% below 52w high; earnings +300%; rev +16%,strong promoter 64.2%
UFBL,UNITED FOODBRANDS LIMITED,Consumer Cyclical,807.5,4.437869822485207,,-17.889,275.522,50.3,18.1,7.0,63.2,5.2,-5,4,2,1,rev +43%,strong promoter 50.3%
SUVEN,SUVEN LIFE SCIENCES LTD,Healthcare,373.6000061035156,1.0200042334092965,,-78.799003,2.823,66.6,2.9,6.0,37.7,-6.4,-1,-1,2,0,low D/E 3; rev +91%,strong promoter 66.6%
VIPIND,VIP INDUSTRIES LTD,Consumer Cyclical,302.6000061035156,33.392028563862745,,-74.644,335.612,12.2,47.5,19.0,53.1,1.6,-3,1,2,0,33% below 52w high,high institutional 47.5%
TI,TILAKNAGAR INDUSTRIES LTD,Consumer Defensive,582.4500122070312,1.779087317532673,456.4433,1.08,77.177,39.0,23.6,30.0,49.2,-0.8,-1,1,0,0,rev +156%,
ESAFSFB,ESAF SMALL FINANCE BANK L,Financial Services,43.27000045776367,2.2146882310425493,,-8.9090005,126.09524046214776,73.9,3.6,2.0,33.3,0.5,-2,0,2,0,rev +74%,strong promoter 73.9%
GTLINFRA,GTL INFRA.LTD,Technology,1.2100000381469729,27.54490603345355,1.4578314,-14.16,,31.2,2.8,2.0,46.2,2.8,-1,1,0,0,28% below 52w high; PE 1,
WALCHANNAG,WALCHANDNAGAR INDUSTRIES,Industrials,223.91000366210935,29.09752618201504,,-4.013,61.011,39.4,0.2,3.0,43.5,-2.9,0,0,0,0,29% below 52w high; rev +84%,
EXICOM,EXICOM TELE SYSTEMS LTD,Industrials,157.02999877929688,14.144338972383522,180.92,-43.337002000000005,109.474,68.9,3.4,4.0,37.1,-6.0,-2,-1,2,-1,rev +61%,strong promoter 68.9%
RBA,RESTAURANT BRAND ASIA LTD,Consumer Cyclical,105.20999908447266,2.9517613407803616,,-25.794,285.657,48.4,32.3,31.0,37.9,-5.6,-5,2,2,-1,rev +18%,promoter 48.4%; institutional 32.3%
SHOPERSTOP,SHOPPERS STOP LIMITED,Consumer Cyclical,419.8999938964844,26.590910157957275,,-11.79,1139.713,66.2,26.3,15.0,51.1,-7.4,-4,0,3,-1,27% below 52w high; rev +11%,strong promoter 66.2%; institutional 26.3%
OMAXE,OMAXE LIMITED,Real Estate,103.16000366210938,5.017951309837993,,-27.26,,76.9,4.0,3.0,42.0,-20.9,-3,-1,2,-2,rev +44%,strong promoter 76.9%; ⚠ very high promoter = low float
PPLPHARMA,PIRAMAL PHARMA LIMITED,Healthcare,216.66000366210935,0.8421035871352974,41.16,-4.002,69.977,54.5,21.1,63.0,38.2,-5.6,-3,-1,2,-2,rev +17%,strong promoter 54.5%
SAMMAANCAP,SAMMAAN CAPITAL LIMITED,Financial Services,150.22999572753906,22.1404518768469,,-35.009997999999996,273.033,37.1,16.6,66.0,50.5,-12.4,-4,0,0,-4,22% below 52w high,
